transaction_id,account_id,amount,type,category,transaction_date
1,442,46152,credit,atm,2024-06-25
2,401,43267,debit,atm,2024-11-10
3,400,26678,debit,food,2024-08-26
4,727,9983,debit,salary,2024-02-16
5,991,42239,debit,food,2024-10-04
6,899,22317,debit,shopping,2024-12-30
7,789,10807,credit,shopping,2024-07-10
8,576,40956,credit,transfer,2024-06-22
9,858,13240,debit,salary,2024-06-08
10,804,49713,debit,salary,2024-12-19
11,490,11193,debit,shopping,2024-07-31
12,485,16600,debit,food,2024-03-31
13,757,38653,debit,atm,2024-08-21
14,470,6607,credit,salary,2024-06-13
15,574,32686,debit,atm,2024-11-18
16,938,5930,debit,shopping,2024-06-28
17,844,30708,debit,transfer,2024-04-18
18,682,37429,credit,shopping,2024-02-03
19,445,47387,debit,atm,2024-07-07
20,269,24611,debit,shopping,2024-11-22
21,267,33527,debit,salary,2024-08-08
22,54,18606,debit,atm,2024-06-21
23,528,28495,debit,atm,2024-06-17
24,520,44403,debit,transfer,2024-03-06
25,616,46870,debit,salary,2024-09-24
26,59,27226,credit,food,2024-09-27
27,825,29566,credit,transfer,2024-05-05
28,40,18070,debit,salary,2024-09-03
29,237,4782,credit,food,2024-09-28
30,955,48570,debit,atm,2024-09-15
31,386,11039,credit,transfer,2024-08-25
32,606,8926,debit,atm,2024-10-30
33,734,23471,debit,atm,2024-03-31
34,716,30046,debit,atm,2024-08-03
35,650,24459,debit,salary,2024-08-17
36,300,19366,debit,food,2024-06-03
37,395,38117,debit,salary,2024-10-29
38,207,19295,debit,atm,2024-06-12
39,336,45513,credit,transfer,2024-05-24
40,593,27415,debit,atm,2024-10-27
41,730,18368,credit,food,2024-12-19
42,514,9810,credit,salary,2024-07-08
43,178,41681,debit,food,2024-05-08
44,396,45637,debit,salary,2024-10-02
45,371,14261,debit,food,2024-07-15
46,858,31921,credit,food,2024-07-10
47,791,9829,debit,salary,2024-12-14
48,658,48548,credit,salary,2024-11-21
49,318,49015,credit,salary,2024-09-11
50,736,27013,credit,shopping,2024-02-22
51,369,22284,debit,food,2024-04-18
52,384,23379,debit,shopping,2024-12-14
53,62,26670,credit,shopping,2024-04-17
54,806,43130,credit,atm,2024-07-07
55,505,35233,debit,shopping,2024-11-25
56,239,13295,debit,shopping,2024-10-07
57,195,43905,debit,salary,2024-01-29
58,678,44098,debit,salary,2024-04-24
59,963,17338,credit,transfer,2024-02-04
60,222,15652,debit,food,2024-10-29
61,61,2828,debit,shopping,2024-06-08
62,129,48345,debit,shopping,2024-05-06
63,990,23657,credit,food,2024-10-28
64,685,5038,debit,salary,2024-02-05
65,992,31302,debit,salary,2024-03-11
66,156,231,debit,food,2024-10-28
67,917,25792,debit,food,2024-04-07
68,378,20077,debit,salary,2024-04-06
69,622,33161,debit,food,2024-01-26
70,781,27364,debit,salary,2024-06-24
71,923,25675,debit,food,2024-06-24
72,868,14827,credit,salary,2024-01-13
73,903,10588,debit,transfer,2024-06-06
74,790,20169,debit,salary,2024-08-11
75,586,24500,debit,salary,2024-08-12
76,999,24246,debit,shopping,2024-07-12
77,437,6946,debit,salary,2024-05-04
78,975,40452,credit,food,2024-01-07
79,207,23794,debit,atm,2024-11-07
80,388,21840,credit,food,2024-10-12
81,480,49538,debit,shopping,2024-08-25
82,791,31096,debit,food,2024-02-24
83,887,32225,credit,transfer,2024-08-05
84,838,41509,debit,atm,2024-08-04
85,984,44300,debit,atm,2024-06-18
86,340,23070,credit,shopping,2024-01-06
87,869,10995,debit,atm,2024-09-20
88,340,38171,debit,salary,2024-11-24
89,204,22358,debit,shopping,2024-05-07
90,161,23454,credit,transfer,2024-03-15
91,540,30741,debit,atm,2024-08-03
92,392,8544,debit,atm,2024-11-21
93,769,9711,credit,shopping,2024-02-09
94,677,10628,debit,atm,2024-07-02
95,575,1099,debit,atm,2024-03-20
96,534,3860,credit,transfer,2024-09-29
97,70,36984,debit,transfer,2024-12-09
98,893,37279,debit,shopping,2024-10-22
99,405,22041,debit,atm,2024-04-13
100,608,26122,credit,food,2024-11-09
101,675,43230,debit,shopping,2024-12-12
102,591,43981,credit,transfer,2024-11-05
103,517,36551,debit,food,2024-01-09
104,828,26621,debit,atm,2024-11-02
105,120,47850,debit,shopping,2024-05-17
106,814,29739,debit,shopping,2024-02-18
107,690,34721,debit,transfer,2024-06-06
108,688,31549,credit,salary,2024-09-21
109,902,13179,debit,salary,2024-06-22
110,217,6995,debit,salary,2024-10-08
111,56,28079,credit,shopping,2024-07-10
112,366,45803,debit,transfer,2024-06-10
113,699,12652,credit,transfer,2024-08-14
114,504,27494,debit,salary,2024-05-07
115,744,48921,debit,food,2024-01-27
116,767,32376,credit,salary,2024-03-24
117,925,33730,credit,shopping,2024-08-03
118,455,4627,debit,food,2024-06-17
119,104,12347,debit,transfer,2024-03-23
120,77,17703,debit,atm,2024-01-18
121,230,36663,debit,food,2024-11-01
122,914,45664,credit,transfer,2024-10-25
123,258,45602,debit,food,2024-02-10
124,264,627,credit,salary,2024-12-25
125,331,3022,debit,food,2024-01-18
126,993,5949,debit,food,2024-07-07
127,182,30400,credit,food,2024-07-18
128,893,27880,debit,shopping,2024-12-21
129,768,45824,credit,shopping,2024-02-22
130,550,28240,debit,salary,2024-03-20
131,688,17330,debit,atm,2024-11-04
132,27,26793,debit,shopping,2024-09-25
133,276,7059,credit,atm,2024-10-08
134,652,35954,debit,shopping,2024-04-21
135,299,42830,debit,transfer,2024-03-30
136,957,19767,debit,transfer,2024-09-03
137,799,26501,debit,food,2024-02-25
138,91,48287,debit,atm,2024-12-06
139,480,3423,debit,food,2024-07-07
140,573,545,debit,food,2024-05-28
141,458,17509,debit,shopping,2024-09-20
142,451,10063,credit,shopping,2024-08-12
143,365,15537,credit,food,2024-07-10
144,859,16955,debit,shopping,2024-11-23
145,675,16511,debit,transfer,2024-03-10
146,351,10947,debit,transfer,2024-01-06
147,655,3336,debit,atm,2024-01-22
148,400,13587,credit,transfer,2024-06-22
149,253,11948,debit,food,2024-04-04
150,781,13255,debit,salary,2024-07-07
151,881,11355,credit,shopping,2024-11-13
152,803,2079,debit,food,2024-03-09
153,459,21405,debit,shopping,2024-03-26
154,699,9107,debit,atm,2024-02-26
155,917,35194,debit,food,2024-04-21
156,499,35198,debit,food,2024-06-01
157,950,24130,debit,food,2024-11-24
158,971,33870,debit,atm,2024-06-01
159,926,9834,credit,food,2024-04-02
160,508,6548,debit,shopping,2024-06-09
161,304,39705,debit,salary,2024-12-28
162,501,12496,debit,food,2024-01-08
163,803,27981,debit,atm,2024-12-25
164,598,31277,debit,atm,2024-04-29
165,166,40222,debit,food,2024-05-20
166,415,47119,debit,atm,2024-11-12
167,462,35397,debit,transfer,2024-08-27
168,920,46077,debit,atm,2024-04-26
169,114,36780,credit,salary,2024-04-23
170,433,18016,debit,transfer,2024-12-26
171,992,31339,credit,shopping,2024-01-27
172,356,44184,debit,transfer,2024-11-05
173,928,34289,debit,salary,2024-10-15
174,695,13610,debit,transfer,2024-08-10
175,207,25066,credit,food,2024-06-04
176,768,22252,credit,atm,2024-07-31
177,235,19302,credit,food,2024-06-28
178,442,26545,credit,food,2024-10-11
179,355,11252,debit,food,2024-04-02
180,515,5717,credit,transfer,2024-07-07
181,208,1295,credit,shopping,2024-08-31
182,709,39097,debit,atm,2024-11-24
183,853,25533,credit,transfer,2024-11-12
184,125,5405,debit,food,2024-05-29
185,138,8177,credit,salary,2024-07-18
186,339,48748,credit,salary,2024-11-08
187,537,31485,credit,food,2024-02-14
188,68,42213,credit,shopping,2024-03-21
189,573,38068,debit,atm,2024-08-02
190,541,42742,debit,transfer,2024-08-18
191,383,33162,debit,shopping,2024-01-30
192,19,6197,debit,salary,2024-05-21
193,683,39280,debit,food,2024-08-04
194,450,41704,debit,transfer,2024-12-01
195,74,44693,debit,shopping,2024-05-25
196,573,6778,credit,shopping,2024-06-08
197,939,32221,credit,shopping,2024-06-14
198,665,48603,debit,transfer,2024-04-25
199,276,21504,debit,atm,2024-02-22
200,48,5843,debit,transfer,2024-05-22
201,211,16594,debit,food,2024-10-31
202,855,41643,debit,transfer,2024-02-02
203,920,44285,credit,shopping,2024-09-25
204,651,9778,debit,atm,2024-07-17
205,622,37732,credit,atm,2024-07-10
206,994,46335,debit,food,2024-05-26
207,695,1748,debit,food,2024-03-25
208,540,15777,credit,salary,2024-02-25
209,709,48786,debit,salary,2024-10-19
210,191,22865,debit,salary,2024-02-27
211,315,2481,credit,transfer,2024-01-09
212,901,16589,debit,atm,2024-05-11
213,563,11845,debit,food,2024-03-11
214,661,5918,debit,salary,2024-07-09
215,780,42754,credit,food,2024-04-13
216,562,33249,debit,salary,2024-09-03
217,900,27412,credit,transfer,2024-11-14
218,758,37224,debit,transfer,2024-03-01
219,113,38786,debit,shopping,2024-09-20
220,170,1416,debit,food,2024-03-30
221,468,5554,debit,shopping,2024-10-09
222,678,13207,debit,transfer,2024-02-14
223,921,4174,debit,transfer,2024-09-26
224,14,21288,debit,food,2024-12-27
225,715,47679,debit,shopping,2024-03-12
226,288,32068,credit,shopping,2024-02-21
227,907,40489,debit,shopping,2024-06-29
228,189,49914,credit,food,2024-11-02
229,914,23202,credit,food,2024-05-09
230,155,48994,debit,food,2024-02-17
231,567,41522,debit,atm,2024-07-05
232,694,32057,debit,transfer,2024-11-18
233,722,12972,credit,atm,2024-03-20
234,888,47819,debit,atm,2024-05-16
235,471,8449,credit,transfer,2024-04-12
236,75,19793,debit,salary,2024-01-02
237,277,32727,credit,salary,2024-03-15
238,940,43777,debit,salary,2024-08-08
239,645,10860,credit,food,2024-09-26
240,343,11684,debit,food,2024-09-08
241,425,2206,debit,shopping,2024-11-10
242,571,13769,debit,shopping,2024-10-29
243,511,25323,debit,atm,2024-06-12
244,857,35806,debit,shopping,2024-02-02
245,182,2583,debit,food,2024-12-24
246,458,27582,debit,atm,2024-07-09
247,918,34243,debit,shopping,2024-08-22
248,851,24340,debit,shopping,2024-01-18
249,833,10115,debit,salary,2024-08-04
250,64,16728,credit,food,2024-12-22
251,839,25543,debit,atm,2024-01-05
252,260,30919,debit,transfer,2024-10-14
253,193,15160,debit,shopping,2024-06-25
254,655,27537,credit,food,2024-03-13
255,616,49731,debit,atm,2024-09-26
256,972,10754,credit,food,2024-11-15
257,406,14353,debit,food,2024-02-01
258,726,11665,credit,atm,2024-05-16
259,754,27697,debit,salary,2024-04-18
260,943,27868,credit,salary,2024-10-30
261,721,187,debit,shopping,2024-11-03
262,93,9532,debit,salary,2024-04-18
263,430,8864,debit,shopping,2024-05-16
264,654,278,credit,shopping,2024-04-17
265,434,26401,credit,atm,2024-02-01
266,404,49414,credit,food,2024-12-29
267,434,35508,debit,transfer,2024-05-17
268,112,42065,debit,transfer,2024-04-02
269,929,32013,debit,salary,2024-08-01
270,375,18832,debit,atm,2024-03-09
271,59,2521,credit,transfer,2024-09-23
272,43,43815,debit,food,2024-07-04
273,207,20626,debit,shopping,2024-10-10
274,780,28417,debit,shopping,2024-12-09
275,296,1317,credit,atm,2024-06-10
276,118,35342,debit,salary,2024-04-15
277,532,1029,credit,food,2024-10-22
278,222,40826,debit,salary,2024-07-10
279,166,34370,credit,salary,2024-05-17
280,643,33288,debit,atm,2024-10-08
281,156,13680,debit,shopping,2024-02-12
282,184,48708,credit,salary,2024-08-20
283,90,38698,debit,salary,2024-11-22
284,94,30531,debit,food,2024-04-21
285,13,20842,debit,shopping,2024-11-30
286,973,17933,debit,salary,2024-03-02
287,834,30985,credit,transfer,2024-08-24
288,805,5911,debit,transfer,2024-07-13
289,945,8719,credit,shopping,2024-10-27
290,742,24355,debit,shopping,2024-07-07
291,834,25072,debit,atm,2024-08-05
292,804,13627,debit,salary,2024-07-17
293,438,49091,credit,transfer,2024-07-20
294,538,32974,credit,transfer,2024-12-15
295,587,4149,debit,shopping,2024-02-16
296,968,41157,debit,shopping,2024-09-11
297,876,2003,credit,food,2024-11-18
298,936,44361,credit,food,2024-08-17
299,811,5476,credit,shopping,2024-10-11
300,150,142,debit,food,2024-07-09
301,660,22869,debit,shopping,2024-01-25
302,8,1677,debit,shopping,2024-04-19
303,29,12482,debit,atm,2024-09-16
304,296,22549,credit,food,2024-03-09
305,986,38753,debit,salary,2024-03-03
306,926,28959,credit,salary,2024-09-18
307,721,8676,debit,atm,2024-12-04
308,640,45974,debit,salary,2024-01-18
309,340,11763,debit,salary,2024-12-23
310,628,36445,debit,atm,2024-02-05
311,439,49010,debit,transfer,2024-11-27
312,144,5344,debit,atm,2024-03-28
313,942,35002,credit,atm,2024-07-03
314,830,3992,debit,food,2024-06-06
315,747,27212,credit,salary,2024-09-04
316,519,4421,credit,salary,2024-10-21
317,976,5876,credit,transfer,2024-10-16
318,45,43452,credit,atm,2024-02-27
319,955,16219,debit,shopping,2024-07-30
320,239,30669,debit,transfer,2024-12-21
321,952,38696,credit,transfer,2024-08-02
322,944,33163,debit,salary,2024-10-16
323,155,33281,debit,salary,2024-12-23
324,181,22440,credit,salary,2024-05-15
325,215,10287,debit,salary,2024-10-25
326,88,47184,credit,transfer,2024-11-14
327,256,6768,debit,atm,2024-09-11
328,511,15444,credit,salary,2024-07-08
329,73,8295,credit,food,2024-12-15
330,931,16661,debit,transfer,2024-04-20
331,179,37222,debit,shopping,2024-10-02
332,212,22398,debit,shopping,2024-06-28
333,805,38350,debit,atm,2024-03-24
334,234,16176,credit,transfer,2024-03-24
335,465,15476,debit,transfer,2024-10-28
336,751,36139,debit,transfer,2024-12-08
337,223,43542,debit,food,2024-03-02
338,631,5492,debit,food,2024-05-17
339,825,49541,debit,salary,2024-05-12
340,264,27206,credit,shopping,2024-12-17
341,207,14409,debit,food,2024-05-25
342,607,24909,debit,shopping,2024-11-12
343,885,49659,debit,transfer,2024-11-14
344,734,793,credit,food,2024-03-29
345,366,34037,debit,shopping,2024-09-11
346,276,29333,debit,food,2024-07-27
347,380,8723,debit,transfer,2024-09-17
348,743,40650,credit,transfer,2024-12-20
349,309,46724,debit,transfer,2024-09-07
350,631,9274,debit,salary,2024-01-21
351,268,11452,debit,shopping,2024-04-09
352,945,5630,credit,salary,2024-10-01
353,785,5092,debit,atm,2024-05-30
354,64,23454,credit,atm,2024-11-20
355,810,3412,debit,food,2024-06-09
356,350,45933,debit,food,2024-08-26
357,925,4418,credit,food,2024-02-04
358,915,46927,debit,salary,2024-11-10
359,494,34556,debit,transfer,2024-02-11
360,523,567,debit,food,2024-05-06
361,98,27292,debit,food,2024-08-05
362,946,42405,credit,atm,2024-12-22
363,71,35290,credit,transfer,2024-03-26
364,364,23763,credit,salary,2024-07-21
365,570,31346,credit,transfer,2024-02-18
366,802,47472,credit,atm,2024-10-23
367,763,37589,credit,salary,2024-11-28
368,276,42071,debit,shopping,2024-07-24
369,50,40409,debit,food,2024-04-14
370,358,42737,credit,salary,2024-02-18
371,728,28373,debit,atm,2024-03-11
372,906,47653,credit,transfer,2024-03-24
373,928,29573,debit,salary,2024-06-22
374,564,13779,debit,atm,2024-11-15
375,783,27545,debit,salary,2024-09-08
376,485,45410,debit,food,2024-06-03
377,84,17970,credit,transfer,2024-10-16
378,899,47329,debit,transfer,2024-08-01
379,805,26092,debit,salary,2024-07-09
380,638,29533,debit,atm,2024-12-23
381,808,11138,debit,food,2024-04-10
382,584,26033,debit,food,2024-07-13
383,296,45120,credit,salary,2024-06-03
384,236,29336,credit,shopping,2024-01-07
385,56,9870,debit,salary,2024-05-02
386,919,3849,credit,food,2024-10-05
387,360,44685,credit,transfer,2024-05-06
388,907,35371,debit,salary,2024-08-03
389,110,7955,debit,salary,2024-08-29
390,192,46246,debit,transfer,2024-06-12
391,904,44197,debit,salary,2024-11-09
392,93,23539,debit,atm,2024-01-11
393,862,30390,debit,transfer,2024-09-19
394,568,11201,debit,transfer,2024-11-17
395,60,27340,credit,transfer,2024-10-13
396,650,16883,credit,food,2024-02-15
397,39,45017,debit,salary,2024-11-21
398,540,26909,credit,shopping,2024-09-10
399,49,47487,credit,salary,2024-08-16
400,420,18023,debit,salary,2024-11-04
401,637,47853,debit,food,2024-12-14
402,13,15126,debit,atm,2024-03-08
403,992,41296,debit,atm,2024-02-15
404,36,23669,debit,food,2024-10-19
405,101,41987,debit,food,2024-11-27
406,794,20993,debit,food,2024-06-03
407,86,22535,debit,salary,2024-10-07
408,516,36992,credit,food,2024-01-12
409,223,32499,credit,shopping,2024-07-06
410,338,25336,credit,transfer,2024-01-17
411,960,27299,credit,atm,2024-05-07
412,166,20434,credit,shopping,2024-12-16
413,383,49243,debit,atm,2024-04-28
414,856,33317,credit,salary,2024-01-09
415,895,49631,credit,salary,2024-07-29
416,376,15134,debit,food,2024-04-27
417,471,31185,debit,atm,2024-01-29
418,790,9542,debit,salary,2024-04-26
419,642,12743,debit,salary,2024-05-20
420,31,35169,debit,atm,2024-10-29
421,375,7810,debit,salary,2024-08-21
422,11,38660,credit,food,2024-05-10
423,988,42527,debit,salary,2024-06-12
424,302,7316,debit,shopping,2024-07-03
425,96,11812,debit,shopping,2024-09-15
426,190,5005,credit,food,2024-06-13
427,453,48634,credit,shopping,2024-01-20
428,192,38867,debit,salary,2024-11-25
429,486,28030,debit,shopping,2024-10-04
430,266,31292,debit,shopping,2024-05-28
431,424,23606,credit,salary,2024-08-12
432,128,49851,credit,atm,2024-12-01
433,238,7388,credit,food,2024-04-09
434,920,44134,debit,atm,2024-01-13
435,355,30111,debit,atm,2024-09-07
436,940,15686,debit,shopping,2024-01-08
437,112,32500,credit,transfer,2024-06-07
438,828,1667,debit,atm,2024-09-17
439,446,47978,credit,salary,2024-05-07
440,343,48950,credit,salary,2024-06-20
441,145,1194,credit,salary,2024-11-02
442,65,11235,debit,transfer,2024-12-21
443,247,13608,debit,transfer,2024-06-01
444,735,45213,credit,food,2024-01-13
445,991,9784,credit,transfer,2024-02-01
446,490,27347,debit,food,2024-05-13
447,825,6291,credit,salary,2024-02-18
448,439,17942,debit,transfer,2024-09-23
449,106,8146,debit,shopping,2024-03-11
450,181,5034,debit,shopping,2024-05-22
451,184,46906,credit,shopping,2024-03-08
452,226,1454,debit,transfer,2024-06-16
453,777,39341,debit,transfer,2024-09-04
454,790,29916,debit,transfer,2024-12-28
455,909,45662,debit,shopping,2024-04-13
456,89,3063,credit,salary,2024-08-01
457,688,27524,debit,atm,2024-06-06
458,530,14603,credit,salary,2024-10-01
459,371,3142,credit,transfer,2024-04-10
460,972,30341,credit,atm,2024-04-23
461,936,39841,credit,atm,2024-11-13
462,913,7239,debit,salary,2024-06-14
463,399,11326,debit,shopping,2024-01-30
464,106,39798,debit,food,2024-02-01
465,271,14862,debit,shopping,2024-12-04
466,975,18216,debit,shopping,2024-04-25
467,831,38208,debit,atm,2024-04-10
468,503,5211,credit,transfer,2024-12-30
469,679,3181,credit,transfer,2024-03-27
470,525,29915,debit,atm,2024-01-12
471,849,7902,debit,shopping,2024-09-21
472,32,42330,debit,salary,2024-09-29
473,393,48448,debit,food,2024-12-26
474,40,18013,credit,shopping,2024-02-29
475,660,17565,debit,shopping,2024-09-16
476,218,8094,debit,food,2024-05-16
477,731,3631,debit,salary,2024-09-23
478,981,9443,debit,food,2024-08-22
479,82,33584,debit,atm,2024-09-11
480,845,6329,debit,food,2024-11-12
481,720,28875,debit,food,2024-12-14
482,201,26866,debit,shopping,2024-08-13
483,447,16688,debit,shopping,2024-04-07
484,844,23268,debit,transfer,2024-10-03
485,428,44889,credit,food,2024-01-25
486,38,44169,debit,atm,2024-03-02
487,211,36962,debit,transfer,2024-03-24
488,444,21966,debit,food,2024-01-24
489,327,9624,debit,shopping,2024-07-15
490,761,22638,debit,atm,2024-03-06
491,227,42909,debit,salary,2024-09-06
492,48,21326,debit,transfer,2024-09-21
493,18,8203,debit,shopping,2024-08-22
494,912,18502,debit,salary,2024-05-15
495,439,15190,debit,food,2024-05-05
496,807,16015,credit,atm,2024-04-05
497,708,41577,debit,shopping,2024-11-09
498,187,34306,debit,shopping,2024-11-22
499,345,21611,debit,atm,2024-02-07
500,224,15129,debit,shopping,2024-05-27
501,830,30931,credit,shopping,2024-02-16
502,488,23631,debit,food,2024-03-19
503,909,4617,credit,transfer,2024-01-28
504,877,22061,debit,salary,2024-10-04
505,849,26935,debit,atm,2024-08-19
506,229,27825,debit,salary,2024-04-22
507,390,25457,credit,atm,2024-06-27
508,979,43773,debit,atm,2024-10-06
509,589,1344,debit,shopping,2024-08-13
510,188,2516,debit,food,2024-03-13
511,858,48161,debit,atm,2024-03-01
512,270,6590,credit,salary,2024-01-02
513,607,11783,debit,transfer,2024-12-30
514,310,5939,debit,salary,2024-03-29
515,132,25092,debit,food,2024-01-04
516,551,47718,debit,transfer,2024-08-19
517,72,45038,debit,shopping,2024-02-27
518,793,44835,debit,salary,2024-05-06
519,845,37877,debit,salary,2024-09-25
520,672,47180,debit,atm,2024-08-08
521,187,9024,credit,atm,2024-08-11
522,486,16021,debit,transfer,2024-06-03
523,191,24360,debit,shopping,2024-01-30
524,422,28480,debit,atm,2024-04-19
525,120,18911,debit,salary,2024-12-24
526,220,5821,debit,transfer,2024-09-08
527,53,41291,credit,atm,2024-11-13
528,734,5030,debit,atm,2024-07-11
529,451,4453,debit,food,2024-01-11
530,412,7932,debit,transfer,2024-12-08
531,643,49654,debit,transfer,2024-01-17
532,237,23051,debit,shopping,2024-06-03
533,758,49316,credit,atm,2024-04-26
534,738,7870,credit,transfer,2024-08-16
535,720,25625,debit,shopping,2024-10-17
536,406,16656,debit,atm,2024-07-05
537,608,15194,debit,salary,2024-06-09
538,422,8035,debit,food,2024-02-24
539,712,2775,debit,shopping,2024-07-26
540,247,31380,debit,food,2024-11-26
541,72,11340,credit,salary,2024-02-21
542,830,4105,debit,transfer,2024-01-19
543,185,6644,debit,atm,2024-08-29
544,6,17432,debit,transfer,2024-07-06
545,206,26936,credit,food,2024-01-10
546,544,14488,debit,transfer,2024-11-17
547,611,47827,debit,transfer,2024-01-07
548,906,1794,debit,shopping,2024-03-30
549,387,21241,credit,shopping,2024-06-16
550,768,22766,debit,salary,2024-07-16
551,699,47621,debit,shopping,2024-01-11
552,76,49394,credit,shopping,2024-02-21
553,177,38869,debit,shopping,2024-12-21
554,827,39520,debit,shopping,2024-05-19
555,799,47853,debit,salary,2024-08-07
556,349,37449,debit,shopping,2024-07-08
557,255,37955,debit,shopping,2024-11-24
558,837,1560,credit,food,2024-05-30
559,702,36755,debit,shopping,2024-10-22
560,308,47746,credit,salary,2024-07-16
561,345,41352,credit,salary,2024-11-01
562,127,9935,credit,transfer,2024-03-04
563,937,48511,debit,shopping,2024-05-26
564,287,11010,debit,atm,2024-07-30
565,766,17321,credit,transfer,2024-09-30
566,725,25713,credit,salary,2024-04-06
567,762,31453,credit,transfer,2024-04-02
568,596,38714,debit,atm,2024-11-24
569,487,8563,debit,food,2024-10-26
570,383,13436,credit,atm,2024-11-09
571,406,26634,credit,transfer,2024-03-02
572,388,2469,debit,shopping,2024-03-31
573,525,25481,debit,food,2024-11-04
574,557,46860,debit,atm,2024-12-24
575,639,19658,debit,shopping,2024-03-01
576,938,22469,credit,atm,2024-11-01
577,626,33750,debit,salary,2024-02-23
578,945,31054,debit,shopping,2024-10-24
579,276,25507,credit,salary,2024-07-05
580,500,36039,debit,food,2024-09-20
581,717,26867,credit,food,2024-08-25
582,337,2140,credit,food,2024-09-25
583,950,23216,credit,food,2024-07-17
584,932,26270,debit,salary,2024-11-30
585,481,6472,debit,salary,2024-12-23
586,897,22469,debit,transfer,2024-10-25
587,911,7662,debit,transfer,2024-09-04
588,973,44644,debit,salary,2024-09-12
589,273,6000,debit,food,2024-06-07
590,920,40833,debit,transfer,2024-11-28
591,58,21800,debit,shopping,2024-10-21
592,328,41333,credit,salary,2024-04-03
593,731,689,credit,shopping,2024-07-01
594,109,5163,debit,food,2024-01-19
595,279,20117,credit,salary,2024-07-14
596,686,18474,debit,transfer,2024-03-05
597,328,22999,credit,transfer,2024-10-22
598,776,49108,debit,shopping,2024-12-17
599,315,1358,debit,salary,2024-07-22
600,474,13698,debit,food,2024-03-16
601,111,2966,debit,atm,2024-07-30
602,699,49823,debit,atm,2024-09-01
603,781,41604,debit,food,2024-04-22
604,935,30232,debit,transfer,2024-01-30
605,229,29504,debit,atm,2024-09-03
606,497,45572,debit,food,2024-08-23
607,156,737,debit,shopping,2024-06-25
608,473,24716,debit,transfer,2024-04-02
609,701,37750,debit,food,2024-06-17
610,272,15928,credit,shopping,2024-03-26
611,887,26296,debit,salary,2024-04-18
612,2,36540,credit,atm,2024-10-31
613,758,45197,debit,atm,2024-06-05
614,722,47835,credit,atm,2024-05-08
615,511,32122,debit,food,2024-10-13
616,913,32302,debit,salary,2024-10-09
617,286,28804,debit,food,2024-10-17
618,871,25975,debit,food,2024-01-08
619,13,23741,debit,salary,2024-02-09
620,608,37579,credit,shopping,2024-07-18
621,498,13335,credit,transfer,2024-05-13
622,733,22127,debit,atm,2024-05-22
623,238,33027,credit,salary,2024-10-03
624,94,43012,credit,shopping,2024-07-16
625,338,47661,debit,salary,2024-11-05
626,781,42791,credit,transfer,2024-12-10
627,171,27122,debit,salary,2024-08-17
628,981,6038,debit,salary,2024-03-31
629,606,44222,debit,shopping,2024-04-15
630,661,42792,credit,atm,2024-03-27
631,624,33448,debit,atm,2024-10-01
632,567,32309,debit,shopping,2024-04-01
633,849,37342,debit,shopping,2024-09-12
634,936,10041,debit,food,2024-02-03
635,467,7173,debit,food,2024-02-27
636,628,42530,debit,transfer,2024-07-17
637,143,37927,debit,food,2024-08-30
638,201,46325,debit,food,2024-09-16
639,180,37196,debit,salary,2024-06-26
640,714,1021,credit,salary,2024-01-21
641,364,2873,credit,shopping,2024-02-29
642,479,4562,debit,atm,2024-06-19
643,565,21060,debit,transfer,2024-02-14
644,471,30368,credit,food,2024-02-11
645,384,19918,debit,salary,2024-06-25
646,692,39601,credit,atm,2024-07-14
647,926,44642,debit,food,2024-01-03
648,417,42178,debit,atm,2024-10-21
649,825,1965,debit,salary,2024-02-17
650,308,30806,debit,shopping,2024-05-28
651,649,28987,debit,food,2024-08-17
652,694,49976,debit,food,2024-01-18
653,367,30611,credit,transfer,2024-08-30
654,1,33579,debit,food,2024-04-15
655,44,40578,debit,salary,2024-06-11
656,739,26501,debit,atm,2024-02-01
657,843,28602,debit,atm,2024-05-01
658,98,46314,debit,shopping,2024-04-12
659,720,13494,debit,shopping,2024-07-04
660,265,33258,debit,salary,2024-08-10
661,800,9362,debit,atm,2024-12-15
662,783,4587,debit,shopping,2024-02-15
663,140,27441,credit,shopping,2024-05-05
664,481,43488,credit,transfer,2024-05-27
665,237,13670,credit,transfer,2024-12-25
666,974,29705,credit,salary,2024-01-26
667,953,6166,debit,salary,2024-05-18
668,904,37362,credit,salary,2024-07-12
669,72,26823,debit,salary,2024-12-24
670,667,3672,debit,atm,2024-08-03
671,190,12770,debit,food,2024-12-15
672,268,27939,credit,salary,2024-02-06
673,321,48807,debit,transfer,2024-08-02
674,107,49128,debit,food,2024-06-23
675,232,28501,credit,food,2024-04-23
676,42,10349,debit,atm,2024-10-29
677,702,2411,debit,shopping,2024-06-02
678,883,32111,debit,food,2024-10-07
679,139,43939,credit,atm,2024-10-03
680,615,39641,credit,atm,2024-10-25
681,683,39773,credit,atm,2024-10-05
682,863,3742,debit,salary,2024-03-05
683,273,6438,debit,shopping,2024-11-12
684,481,49214,debit,salary,2024-11-25
685,416,9722,debit,transfer,2024-03-29
686,506,48523,debit,shopping,2024-03-26
687,733,42973,debit,salary,2024-08-26
688,725,39108,credit,shopping,2024-07-18
689,853,47665,credit,transfer,2024-04-14
690,424,7906,debit,salary,2024-03-04
691,407,857,debit,shopping,2024-07-22
692,568,26810,debit,transfer,2024-06-24
693,390,21570,debit,atm,2024-02-08
694,342,6320,debit,shopping,2024-05-19
695,946,42972,debit,transfer,2024-05-18
696,614,26415,credit,atm,2024-02-17
697,933,27893,debit,transfer,2024-05-15
698,493,14416,debit,food,2024-11-02
699,192,42194,credit,transfer,2024-04-10
700,499,22605,credit,salary,2024-08-28
701,822,28388,debit,salary,2024-07-26
702,712,9056,credit,salary,2024-07-28
703,233,19209,debit,salary,2024-04-17
704,945,3597,credit,food,2024-12-06
705,227,9964,debit,food,2024-03-08
706,371,31610,debit,food,2024-03-11
707,139,28081,credit,atm,2024-04-07
708,856,22126,debit,shopping,2024-04-18
709,817,8874,debit,salary,2024-06-12
710,149,46907,credit,shopping,2024-12-22
711,115,21117,debit,salary,2024-10-12
712,450,1921,debit,salary,2024-03-30
713,63,45585,credit,salary,2024-03-15
714,104,18121,credit,food,2024-01-29
715,851,10472,credit,atm,2024-01-03
716,871,41248,credit,salary,2024-11-13
717,668,34614,credit,salary,2024-01-11
718,273,28502,credit,salary,2024-03-13
719,6,5897,debit,transfer,2024-08-05
720,147,16383,debit,salary,2024-04-27
721,184,40957,debit,food,2024-07-05
722,998,45005,debit,food,2024-09-12
723,28,7697,debit,shopping,2024-03-12
724,962,30420,credit,food,2024-07-31
725,550,31361,debit,shopping,2024-03-12
726,119,6207,credit,atm,2024-10-24
727,293,25860,debit,transfer,2024-11-06
728,371,35661,debit,food,2024-09-18
729,244,11238,debit,salary,2024-10-03
730,580,35368,credit,atm,2024-09-04
731,726,31708,debit,salary,2024-03-27
732,218,13238,debit,shopping,2024-07-28
733,177,41229,debit,shopping,2024-08-06
734,299,37793,debit,transfer,2024-05-10
735,676,17564,debit,atm,2024-09-06
736,58,21348,debit,shopping,2024-09-24
737,269,37321,credit,salary,2024-03-24
738,308,18732,debit,food,2024-01-19
739,570,47647,debit,food,2024-01-23
740,288,12200,credit,atm,2024-02-20
741,977,48030,credit,atm,2024-09-24
742,105,1425,credit,shopping,2024-04-01
743,228,11469,debit,food,2024-07-03
744,247,10440,credit,transfer,2024-10-16
745,700,13508,debit,transfer,2024-09-06
746,494,19469,debit,transfer,2024-03-20
747,83,18560,debit,transfer,2024-11-14
748,186,26205,debit,shopping,2024-05-11
749,252,31484,debit,salary,2024-08-21
750,355,1561,credit,transfer,2024-11-05
751,750,42462,credit,shopping,2024-01-06
752,872,32940,credit,transfer,2024-10-16
753,696,28710,debit,transfer,2024-03-08
754,796,38898,credit,salary,2024-01-13
755,897,21095,debit,transfer,2024-07-19
756,938,19280,debit,shopping,2024-10-19
757,210,7817,credit,shopping,2024-07-24
758,816,13431,credit,food,2024-08-16
759,808,14036,debit,atm,2024-07-29
760,609,29650,debit,transfer,2024-11-11
761,447,20715,debit,transfer,2024-09-25
762,460,3676,credit,shopping,2024-04-04
763,968,40968,credit,transfer,2024-06-20
764,472,32603,debit,shopping,2024-10-10
765,720,46480,debit,food,2024-05-08
766,370,5828,debit,transfer,2024-01-08
767,900,32900,debit,food,2024-11-18
768,934,10986,debit,food,2024-09-06
769,492,14178,debit,atm,2024-03-07
770,923,4473,credit,shopping,2024-09-30
771,137,47336,debit,food,2024-02-04
772,367,45905,debit,shopping,2024-10-26
773,912,32632,credit,atm,2024-04-07
774,184,47329,debit,shopping,2024-05-06
775,588,35260,credit,atm,2024-03-25
776,287,28788,debit,transfer,2024-07-29
777,472,11163,debit,atm,2024-02-12
778,375,23189,debit,atm,2024-08-27
779,654,33685,debit,atm,2024-10-28
780,749,6303,credit,salary,2024-02-09
781,537,2538,debit,food,2024-08-09
782,511,27659,credit,shopping,2024-11-07
783,802,23312,credit,shopping,2024-06-03
784,579,6741,debit,salary,2024-05-27
785,250,17083,credit,transfer,2024-07-24
786,920,14126,debit,food,2024-11-08
787,510,49931,debit,food,2024-01-12
788,630,19736,credit,food,2024-08-28
789,73,34703,debit,food,2024-01-23
790,282,12322,credit,salary,2024-01-12
791,916,2277,credit,shopping,2024-04-26
792,960,41010,credit,transfer,2024-04-17
793,360,33016,credit,transfer,2024-06-20
794,10,13205,debit,transfer,2024-02-08
795,211,34612,debit,salary,2024-02-11
796,835,1746,debit,salary,2024-08-09
797,152,9964,credit,atm,2024-02-17
798,5,46534,debit,salary,2024-12-12
799,195,26615,credit,food,2024-12-09
800,954,23862,credit,shopping,2024-11-18
801,283,36535,debit,transfer,2024-02-04
802,464,17060,debit,salary,2024-09-12
803,113,44155,debit,shopping,2024-12-18
804,271,27707,credit,food,2024-10-19
805,163,16402,credit,salary,2024-09-28
806,460,45878,debit,salary,2024-01-18
807,105,31041,credit,shopping,2024-08-11
808,693,31421,debit,food,2024-05-06
809,556,30413,debit,salary,2024-11-27
810,282,37647,debit,shopping,2024-10-24
811,687,41055,debit,food,2024-01-02
812,162,13129,debit,salary,2024-02-22
813,983,35840,credit,salary,2024-08-05
814,351,18529,credit,transfer,2024-02-29
815,434,28612,debit,atm,2024-02-04
816,852,11240,credit,food,2024-06-09
817,140,14947,debit,shopping,2024-10-23
818,471,47291,credit,transfer,2024-07-09
819,132,34356,debit,salary,2024-12-10
820,87,28874,debit,shopping,2024-09-16
821,688,9227,debit,transfer,2024-10-03
822,183,28305,credit,transfer,2024-04-21
823,368,42774,debit,atm,2024-05-11
824,129,34670,debit,transfer,2024-04-04
825,246,15727,debit,food,2024-11-07
826,601,36388,debit,atm,2024-08-28
827,578,38764,debit,atm,2024-09-16
828,670,32433,debit,salary,2024-05-11
829,899,48112,debit,salary,2024-08-23
830,378,36179,debit,food,2024-09-15
831,149,18789,debit,shopping,2024-08-31
832,985,24359,debit,food,2024-02-24
833,852,26671,debit,atm,2024-07-15
834,433,8109,debit,salary,2024-03-23
835,628,44774,debit,food,2024-12-23
836,726,45095,debit,salary,2024-10-14
837,469,38330,debit,food,2024-11-09
838,446,45928,debit,food,2024-07-09
839,481,36326,debit,transfer,2024-08-04
840,884,36598,debit,food,2024-09-01
841,294,28920,debit,salary,2024-09-22
842,765,40415,debit,food,2024-02-01
843,143,29582,debit,shopping,2024-09-17
844,250,32895,debit,transfer,2024-06-05
845,878,48376,debit,food,2024-05-14
846,948,19975,debit,shopping,2024-09-14
847,975,39291,credit,salary,2024-09-22
848,302,12553,debit,shopping,2024-02-22
849,25,49590,debit,transfer,2024-11-07
850,789,9360,debit,salary,2024-02-09
851,984,48729,debit,food,2024-07-04
852,889,45344,debit,food,2024-09-03
853,890,45806,debit,shopping,2024-03-16
854,901,49545,credit,food,2024-04-01
855,70,42917,credit,salary,2024-08-08
856,625,25998,debit,salary,2024-07-23
857,875,5714,debit,food,2024-04-23
858,112,31943,debit,shopping,2024-03-22
859,364,44551,debit,food,2024-08-14
860,303,11787,debit,atm,2024-01-22
861,471,3901,debit,food,2024-07-27
862,964,41148,debit,transfer,2024-09-28
863,91,40244,debit,food,2024-11-20
864,530,29042,debit,atm,2024-05-07
865,661,10248,debit,transfer,2024-12-07
866,988,46928,credit,shopping,2024-09-04
867,739,17383,credit,transfer,2024-09-29
868,726,19961,credit,salary,2024-07-07
869,872,34612,debit,atm,2024-11-26
870,663,22580,debit,salary,2024-10-26
871,192,18737,debit,salary,2024-08-15
872,963,44721,debit,transfer,2024-10-23
873,552,47531,debit,transfer,2024-08-23
874,242,34501,debit,salary,2024-08-21
875,138,23485,debit,shopping,2024-12-25
876,345,25537,debit,food,2024-07-01
877,180,8249,debit,food,2024-09-15
878,712,14771,debit,atm,2024-03-31
879,503,37569,debit,transfer,2024-04-18
880,203,23219,credit,food,2024-08-27
881,573,46217,debit,shopping,2024-01-13
882,192,33881,debit,atm,2024-06-27
883,5,16379,debit,transfer,2024-06-30
884,890,3399,credit,food,2024-05-25
885,237,34374,debit,salary,2024-10-22
886,693,4903,debit,shopping,2024-04-06
887,311,17461,debit,shopping,2024-07-27
888,549,18301,credit,transfer,2024-02-13
889,56,28734,debit,shopping,2024-08-21
890,443,14860,debit,transfer,2024-04-02
891,237,10926,debit,shopping,2024-05-15
892,870,21385,credit,food,2024-06-12
893,861,46689,debit,transfer,2024-01-29
894,197,45875,debit,shopping,2024-08-04
895,585,48654,debit,food,2024-01-30
896,571,9240,debit,food,2024-09-04
897,752,6898,debit,food,2024-08-07
898,514,49725,debit,transfer,2024-02-16
899,449,667,credit,transfer,2024-06-10
900,360,11724,debit,shopping,2024-05-23
901,700,12315,debit,salary,2024-09-04
902,819,8066,debit,salary,2024-03-14
903,30,40988,debit,atm,2024-01-29
904,779,49147,debit,salary,2024-09-06
905,988,29853,debit,salary,2024-04-30
906,108,44204,debit,shopping,2024-01-15
907,844,37178,debit,transfer,2024-08-07
908,935,46055,credit,salary,2024-11-02
909,602,46957,credit,atm,2024-11-07
910,717,2082,debit,shopping,2024-06-18
911,891,33964,debit,food,2024-06-23
912,968,13682,credit,food,2024-11-15
913,959,20054,debit,atm,2024-04-26
914,960,39365,debit,transfer,2024-12-14
915,445,46413,debit,food,2024-01-02
916,893,44450,debit,transfer,2024-02-01
917,438,15478,credit,salary,2024-11-05
918,732,43732,credit,salary,2024-10-24
919,890,4379,debit,salary,2024-06-06
920,606,28024,debit,food,2024-09-21
921,457,17157,debit,food,2024-10-01
922,615,7412,debit,transfer,2024-05-13
923,735,30453,debit,transfer,2024-12-19
924,698,48308,credit,atm,2024-09-13
925,981,35237,debit,salary,2024-09-18
926,696,21014,debit,shopping,2024-04-08
927,495,16292,debit,shopping,2024-06-05
928,674,17550,credit,salary,2024-07-12
929,247,5532,debit,atm,2024-03-14
930,543,31112,debit,transfer,2024-10-13
931,564,33555,debit,food,2024-03-12
932,857,13275,credit,atm,2024-10-21
933,588,168,debit,atm,2024-11-08
934,897,10395,credit,salary,2024-05-04
935,439,6874,debit,transfer,2024-06-04
936,278,49671,debit,shopping,2024-01-31
937,552,12290,credit,shopping,2024-01-13
938,613,31386,credit,shopping,2024-03-11
939,111,10889,debit,atm,2024-02-20
940,385,29014,debit,food,2024-03-05
941,833,32044,credit,transfer,2024-02-14
942,761,6991,debit,food,2024-04-22
943,191,22077,debit,shopping,2024-02-22
944,490,30451,debit,food,2024-10-08
945,694,10416,debit,atm,2024-04-19
946,426,33307,credit,salary,2024-05-23
947,405,25754,debit,food,2024-09-24
948,335,7566,debit,food,2024-09-02
949,209,17737,debit,food,2024-09-28
950,22,3309,credit,shopping,2024-12-12
951,678,36417,credit,food,2024-02-21
952,611,49866,credit,transfer,2024-08-04
953,208,3178,debit,atm,2024-03-23
954,8,27399,debit,transfer,2024-03-16
955,702,36358,credit,transfer,2024-05-31
956,687,3643,credit,shopping,2024-04-23
957,785,29191,credit,food,2024-02-27
958,529,29047,debit,atm,2024-06-15
959,602,22164,debit,atm,2024-09-13
960,653,6851,credit,atm,2024-12-11
961,657,15006,debit,food,2024-03-28
962,166,18196,debit,atm,2024-07-07
963,849,14525,debit,atm,2024-02-17
964,496,11911,debit,salary,2024-03-02
965,590,17678,credit,salary,2024-07-27
966,429,6881,debit,atm,2024-07-26
967,774,21390,credit,transfer,2024-03-09
968,163,15663,debit,food,2024-03-09
969,366,25988,credit,transfer,2024-02-21
970,526,27591,debit,transfer,2024-04-16
971,239,47665,credit,food,2024-02-15
972,72,32452,debit,food,2024-05-24
973,445,21776,debit,shopping,2024-03-25
974,655,400,debit,shopping,2024-01-30
975,822,37563,credit,shopping,2024-06-25
976,509,45042,debit,atm,2024-02-02
977,795,49090,debit,atm,2024-12-30
978,269,21108,debit,atm,2024-11-09
979,753,20321,debit,shopping,2024-12-27
980,415,49529,credit,food,2024-12-14
981,245,29434,debit,atm,2024-08-21
982,675,43618,debit,food,2024-06-15
983,60,20401,debit,shopping,2024-08-17
984,6,7407,debit,food,2024-09-05
985,709,29351,debit,atm,2024-07-17
986,982,46686,debit,food,2024-02-06
987,570,34257,debit,shopping,2024-01-15
988,817,8982,debit,atm,2024-04-02
989,407,10140,credit,atm,2024-09-22
990,217,6241,debit,shopping,2024-10-02
991,930,45978,debit,transfer,2024-05-01
992,26,6069,debit,salary,2024-08-24
993,815,13262,debit,shopping,2024-05-16
994,5,9231,debit,food,2024-07-16
995,986,5137,debit,transfer,2024-10-02
996,532,22478,credit,shopping,2024-03-04
997,390,14793,credit,salary,2024-12-06
998,710,26726,credit,atm,2024-04-29
999,571,2551,debit,salary,2024-05-14
1000,448,124,debit,salary,2024-04-11
1001,754,6062,credit,shopping,2024-03-04
1002,146,35424,debit,atm,2024-10-30
1003,388,31515,debit,atm,2024-08-13
1004,785,24116,debit,salary,2024-10-29
1005,249,16544,debit,shopping,2024-07-10
1006,526,40543,debit,atm,2024-11-18
1007,462,16606,credit,atm,2024-06-21
1008,13,38484,debit,food,2024-09-29
1009,903,43162,debit,salary,2024-07-12
1010,384,31793,debit,transfer,2024-12-27
1011,556,46878,debit,salary,2024-05-05
1012,887,24348,debit,shopping,2024-07-22
1013,399,46262,debit,atm,2024-08-17
1014,19,42790,debit,atm,2024-11-27
1015,575,4189,debit,food,2024-01-27
1016,491,47316,debit,atm,2024-03-30
1017,751,2572,debit,atm,2024-02-16
1018,419,43337,debit,transfer,2024-04-24
1019,337,40318,debit,salary,2024-02-09
1020,419,35832,debit,atm,2024-03-09
1021,915,8204,debit,shopping,2024-06-08
1022,916,17794,debit,transfer,2024-04-09
1023,612,24830,debit,transfer,2024-10-27
1024,675,35080,debit,food,2024-12-23
1025,928,9554,credit,shopping,2024-08-31
1026,122,39660,debit,transfer,2024-12-01
1027,432,9654,debit,salary,2024-11-25
1028,44,25613,credit,shopping,2024-02-06
1029,872,41571,debit,salary,2024-05-22
1030,920,46087,debit,food,2024-11-26
1031,317,31085,debit,food,2024-09-21
1032,381,24862,debit,atm,2024-03-22
1033,145,48267,debit,salary,2024-08-12
1034,327,40528,credit,salary,2024-11-06
1035,363,1802,debit,food,2024-05-16
1036,50,49642,debit,salary,2024-11-15
1037,65,17138,debit,shopping,2024-02-10
1038,355,22319,debit,atm,2024-09-27
1039,800,4371,debit,atm,2024-02-05
1040,164,27497,debit,shopping,2024-03-05
1041,141,9055,debit,transfer,2024-02-02
1042,966,29702,debit,salary,2024-03-05
1043,826,44327,debit,transfer,2024-05-02
1044,128,31645,debit,transfer,2024-11-26
1045,398,23216,credit,salary,2024-06-24
1046,933,6774,debit,food,2024-12-12
1047,880,17569,debit,salary,2024-03-14
1048,463,5546,credit,food,2024-06-04
1049,751,20860,credit,shopping,2024-01-16
1050,836,2063,credit,food,2024-12-28
1051,808,42845,debit,transfer,2024-01-26
1052,187,10566,credit,transfer,2024-06-26
1053,720,27362,debit,transfer,2024-02-23
1054,732,5277,debit,food,2024-12-13
1055,912,11260,credit,transfer,2024-07-24
1056,190,37440,credit,atm,2024-05-20
1057,388,7643,debit,salary,2024-07-11
1058,429,41775,credit,transfer,2024-10-17
1059,858,16726,debit,food,2024-07-25
1060,284,39378,debit,transfer,2024-01-29
1061,864,29707,debit,food,2024-06-07
1062,237,20399,credit,salary,2024-09-24
1063,194,17321,debit,food,2024-03-09
1064,287,3423,credit,salary,2024-08-25
1065,771,42405,debit,transfer,2024-02-01
1066,758,10715,credit,atm,2024-09-22
1067,136,1532,debit,transfer,2024-05-12
1068,792,23338,debit,salary,2024-10-09
1069,783,40523,credit,shopping,2024-06-15
1070,171,8531,debit,shopping,2024-10-03
1071,159,8430,debit,shopping,2024-01-16
1072,201,44253,debit,transfer,2024-10-11
1073,487,8711,debit,food,2024-09-06
1074,557,13972,debit,atm,2024-04-11
1075,962,49555,debit,atm,2024-05-04
1076,776,35030,debit,transfer,2024-03-11
1077,583,6586,credit,salary,2024-07-28
1078,504,36970,credit,transfer,2024-03-23
1079,876,23358,credit,shopping,2024-07-27
1080,371,48816,debit,salary,2024-01-14
1081,103,43286,credit,atm,2024-10-23
1082,125,1268,debit,transfer,2024-03-14
1083,313,515,credit,food,2024-06-17
1084,976,11005,debit,food,2024-06-20
1085,995,46300,debit,atm,2024-11-24
1086,798,5343,debit,salary,2024-09-28
1087,458,16633,debit,shopping,2024-05-05
1088,230,27120,credit,food,2024-01-24
1089,658,23008,credit,food,2024-10-03
1090,882,5999,debit,transfer,2024-07-05
1091,197,33706,credit,atm,2024-11-22
1092,885,39012,debit,food,2024-05-14
1093,733,9988,debit,transfer,2024-06-11
1094,423,45399,debit,salary,2024-09-22
1095,572,16035,debit,food,2024-06-14
1096,610,7566,debit,atm,2024-10-14
1097,171,15195,debit,transfer,2024-11-13
1098,382,11293,debit,salary,2024-04-07
1099,173,1420,debit,transfer,2024-09-08
1100,663,46132,credit,shopping,2024-03-28
1101,453,12327,debit,atm,2024-04-29
1102,350,18007,debit,atm,2024-02-19
1103,902,38102,debit,food,2024-02-10
1104,952,44938,debit,transfer,2024-02-16
1105,634,39012,credit,salary,2024-09-14
1106,494,652,debit,food,2024-06-18
1107,620,20240,credit,atm,2024-01-04
1108,4,20155,debit,transfer,2024-01-01
1109,93,49733,credit,salary,2024-09-23
1110,919,48837,credit,atm,2024-04-21
1111,6,33467,debit,salary,2024-01-11
1112,288,15198,debit,transfer,2024-12-30
1113,618,24161,debit,salary,2024-01-14
1114,146,31154,credit,food,2024-03-31
1115,783,14900,debit,food,2024-08-07
1116,424,42224,debit,transfer,2024-12-08
1117,890,45738,debit,atm,2024-09-05
1118,608,45292,credit,shopping,2024-03-13
1119,457,25679,debit,shopping,2024-11-10
1120,741,2082,credit,shopping,2024-05-25
1121,202,40698,credit,atm,2024-03-01
1122,212,35865,debit,food,2024-10-06
1123,6,17170,debit,food,2024-01-27
1124,624,30986,debit,food,2024-10-17
1125,376,44474,debit,transfer,2024-01-22
1126,891,34627,debit,food,2024-01-11
1127,447,39891,debit,food,2024-05-03
1128,835,29613,debit,food,2024-05-03
1129,106,22692,credit,shopping,2024-12-26
1130,651,46760,debit,salary,2024-07-04
1131,811,23718,credit,food,2024-04-07
1132,401,15509,debit,salary,2024-03-16
1133,96,9629,debit,food,2024-05-11
1134,388,24254,debit,shopping,2024-07-12
1135,959,32982,debit,shopping,2024-11-16
1136,452,45017,debit,salary,2024-05-25
1137,849,17052,debit,shopping,2024-11-10
1138,809,15801,debit,transfer,2024-10-05
1139,979,9845,credit,atm,2024-12-19
1140,901,24435,debit,atm,2024-09-16
1141,416,2789,credit,food,2024-08-31
1142,726,3088,credit,shopping,2024-08-21
1143,504,36019,debit,atm,2024-12-30
1144,454,44587,debit,salary,2024-07-29
1145,291,48526,debit,salary,2024-10-22
1146,534,9113,debit,salary,2024-12-27
1147,193,39213,debit,food,2024-06-16
1148,980,3674,credit,atm,2024-06-27
1149,150,32580,debit,atm,2024-08-20
1150,880,7938,credit,atm,2024-05-30
1151,759,28463,debit,salary,2024-05-20
1152,779,31468,debit,salary,2024-09-13
1153,973,32328,credit,food,2024-11-27
1154,763,49811,debit,transfer,2024-05-17
1155,515,46197,credit,atm,2024-12-25
1156,393,28739,debit,food,2024-08-11
1157,316,14923,credit,salary,2024-01-22
1158,76,23610,credit,transfer,2024-03-29
1159,599,38433,debit,shopping,2024-09-23
1160,270,4535,credit,transfer,2024-03-15
1161,225,38518,debit,food,2024-03-30
1162,530,20653,debit,transfer,2024-09-28
1163,113,7536,debit,salary,2024-06-05
1164,251,36576,debit,transfer,2024-06-06
1165,233,47319,debit,salary,2024-11-08
1166,841,34577,credit,transfer,2024-03-05
1167,791,24344,debit,food,2024-01-06
1168,714,42821,credit,shopping,2024-03-17
1169,83,1792,credit,atm,2024-03-31
1170,125,15623,credit,transfer,2024-10-17
1171,175,32426,credit,shopping,2024-05-07
1172,69,47190,credit,transfer,2024-04-26
1173,47,42305,debit,shopping,2024-08-12
1174,884,225,debit,salary,2024-11-10
1175,256,45812,debit,shopping,2024-01-14
1176,727,1299,debit,atm,2024-06-22
1177,30,38960,debit,shopping,2024-05-29
1178,281,16475,debit,atm,2024-07-06
1179,924,2811,debit,atm,2024-03-25
1180,994,32537,credit,shopping,2024-04-29
1181,237,28122,debit,atm,2024-11-20
1182,248,9282,debit,atm,2024-05-22
1183,368,27741,debit,salary,2024-11-01
1184,495,29630,debit,food,2024-08-27
1185,25,22712,debit,salary,2024-07-30
1186,586,6095,debit,food,2024-07-02
1187,718,41050,credit,food,2024-07-09
1188,490,38370,debit,salary,2024-12-09
1189,494,13020,debit,atm,2024-01-26
1190,314,22244,debit,salary,2024-12-26
1191,606,18982,credit,atm,2024-05-04
1192,375,2665,debit,salary,2024-08-29
1193,639,23473,debit,salary,2024-12-07
1194,937,43657,credit,transfer,2024-10-09
1195,25,5124,debit,shopping,2024-10-01
1196,334,24791,debit,salary,2024-02-06
1197,355,33899,debit,shopping,2024-10-18
1198,116,1341,debit,atm,2024-08-08
1199,48,34610,debit,transfer,2024-11-14
1200,738,38577,debit,transfer,2024-10-21
1201,778,22483,credit,food,2024-09-03
1202,99,47607,debit,shopping,2024-05-07
1203,459,11930,debit,transfer,2024-04-16
1204,523,29075,credit,atm,2024-12-01
1205,597,46646,credit,food,2024-08-10
1206,405,26651,credit,transfer,2024-11-30
1207,214,41028,debit,atm,2024-06-09
1208,685,23367,debit,shopping,2024-10-14
1209,903,12475,credit,atm,2024-09-12
1210,503,21613,debit,atm,2024-08-29
1211,721,4503,debit,atm,2024-04-29
1212,448,4997,debit,salary,2024-01-06
1213,894,263,debit,transfer,2024-12-26
1214,576,36178,debit,atm,2024-05-01
1215,258,17479,credit,food,2024-05-24
1216,844,47859,debit,salary,2024-09-14
1217,121,30130,debit,atm,2024-03-20
1218,810,29970,debit,atm,2024-11-06
1219,978,29582,debit,transfer,2024-04-20
1220,54,31158,credit,salary,2024-09-07
1221,331,26971,credit,atm,2024-09-24
1222,784,26479,debit,atm,2024-12-30
1223,241,2351,credit,shopping,2024-02-20
1224,755,43960,debit,food,2024-02-17
1225,530,23774,debit,food,2024-06-15
1226,483,6690,credit,transfer,2024-07-27
1227,187,31532,credit,salary,2024-04-14
1228,858,40526,debit,atm,2024-03-10
1229,656,49684,debit,salary,2024-04-28
1230,262,22227,debit,transfer,2024-12-26
1231,953,38115,debit,shopping,2024-12-11
1232,364,7815,debit,transfer,2024-01-01
1233,491,3917,debit,food,2024-10-28
1234,431,29593,credit,shopping,2024-03-03
1235,239,17554,debit,atm,2024-02-28
1236,304,4700,debit,transfer,2024-10-29
1237,298,24790,credit,salary,2024-09-28
1238,76,42850,debit,salary,2024-02-15
1239,700,33862,credit,food,2024-03-20
1240,333,37599,credit,food,2024-02-19
1241,900,22552,credit,food,2024-10-31
1242,999,7770,debit,food,2024-12-28
1243,758,21251,debit,atm,2024-10-02
1244,642,17441,debit,shopping,2024-08-16
1245,474,29704,credit,food,2024-11-28
1246,827,8387,credit,transfer,2024-03-12
1247,923,18638,debit,atm,2024-06-17
1248,283,17115,debit,shopping,2024-09-23
1249,591,44744,credit,atm,2024-02-24
1250,72,49949,debit,salary,2024-08-17
1251,263,49283,debit,atm,2024-02-16
1252,703,15952,credit,atm,2024-03-18
1253,879,46358,debit,salary,2024-12-25
1254,887,21358,debit,salary,2024-11-01
1255,942,38430,debit,salary,2024-12-18
1256,575,41608,credit,atm,2024-12-26
1257,1000,2348,debit,salary,2024-10-05
1258,892,6292,debit,food,2024-03-01
1259,12,27510,debit,transfer,2024-01-07
1260,141,9995,debit,transfer,2024-09-27
1261,766,6506,debit,salary,2024-11-30
1262,555,34024,debit,shopping,2024-01-09
1263,17,47186,debit,atm,2024-07-31
1264,63,41403,credit,transfer,2024-06-13
1265,253,5395,credit,food,2024-08-18
1266,465,12364,credit,shopping,2024-11-10
1267,376,28138,credit,shopping,2024-06-04
1268,804,39022,debit,food,2024-12-29
1269,981,9236,credit,atm,2024-01-15
1270,520,13313,credit,atm,2024-04-27
1271,837,12172,debit,salary,2024-03-28
1272,90,43110,debit,food,2024-01-04
1273,720,36153,debit,food,2024-08-26
1274,804,27531,debit,food,2024-04-23
1275,796,42390,debit,salary,2024-08-14
1276,630,2103,debit,transfer,2024-11-09
1277,861,20099,credit,atm,2024-05-22
1278,175,31379,credit,salary,2024-08-31
1279,76,42847,debit,salary,2024-01-02
1280,613,10538,debit,salary,2024-12-25
1281,926,14327,debit,food,2024-05-03
1282,663,3772,credit,salary,2024-11-20
1283,400,7558,debit,transfer,2024-07-19
1284,782,18639,credit,shopping,2024-03-11
1285,970,3579,debit,salary,2024-03-08
1286,71,14987,debit,transfer,2024-05-26
1287,180,151,credit,food,2024-09-20
1288,124,2259,debit,shopping,2024-10-13
1289,381,4490,credit,atm,2024-09-26
1290,293,20135,debit,atm,2024-01-29
1291,797,28591,credit,food,2024-05-16
1292,195,16180,debit,food,2024-04-10
1293,911,34980,debit,atm,2024-11-21
1294,228,45620,debit,food,2024-08-21
1295,431,47461,debit,atm,2024-12-13
1296,942,22249,debit,food,2024-10-27
1297,436,15439,credit,atm,2024-11-25
1298,787,29405,credit,transfer,2024-02-23
1299,461,1454,debit,food,2024-10-27
1300,618,5720,debit,atm,2024-09-15
1301,21,3854,credit,food,2024-03-16
1302,64,16693,debit,atm,2024-10-18
1303,165,16267,credit,atm,2024-05-18
1304,27,22655,credit,shopping,2024-08-25
1305,311,33105,credit,food,2024-04-26
1306,285,41395,debit,transfer,2024-02-10
1307,660,40943,credit,salary,2024-11-23
1308,281,8791,debit,salary,2024-07-23
1309,838,9856,debit,food,2024-04-16
1310,831,36408,debit,atm,2024-12-05
1311,164,9427,debit,atm,2024-04-13
1312,898,28620,debit,transfer,2024-05-17
1313,918,43408,credit,food,2024-02-10
1314,224,40125,debit,salary,2024-06-29
1315,784,29000,debit,transfer,2024-01-04
1316,146,16633,credit,food,2024-01-10
1317,965,31981,credit,food,2024-02-18
1318,950,27882,debit,food,2024-03-14
1319,868,44588,credit,shopping,2024-02-17
1320,30,1724,credit,transfer,2024-05-03
1321,45,40529,debit,food,2024-05-30
1322,787,20912,credit,transfer,2024-04-09
1323,471,7629,debit,salary,2024-10-01
1324,34,20753,credit,food,2024-07-18
1325,653,27960,debit,atm,2024-08-05
1326,427,13754,debit,food,2024-05-05
1327,830,2208,debit,food,2024-06-27
1328,886,4047,debit,transfer,2024-08-15
1329,221,7999,debit,transfer,2024-09-23
1330,868,13472,credit,shopping,2024-09-15
1331,534,37782,debit,food,2024-09-08
1332,692,30473,debit,salary,2024-07-28
1333,948,39535,debit,transfer,2024-05-24
1334,367,2363,credit,shopping,2024-03-13
1335,932,26288,credit,atm,2024-01-30
1336,841,36683,credit,atm,2024-03-20
1337,743,29395,credit,shopping,2024-01-08
1338,915,677,debit,atm,2024-06-17
1339,550,15129,credit,food,2024-01-05
1340,582,49674,debit,transfer,2024-11-20
1341,116,35631,credit,salary,2024-08-25
1342,239,30166,debit,atm,2024-05-31
1343,335,17713,credit,food,2024-11-29
1344,441,48513,debit,transfer,2024-03-09
1345,148,19660,debit,food,2024-09-12
1346,9,9045,debit,food,2024-11-22
1347,288,29518,debit,transfer,2024-03-19
1348,388,17171,debit,atm,2024-03-10
1349,50,49974,debit,atm,2024-10-14
1350,850,46722,credit,food,2024-02-29
1351,517,17230,debit,shopping,2024-05-07
1352,916,20821,debit,atm,2024-06-18
1353,855,2812,credit,food,2024-02-09
1354,638,17191,debit,salary,2024-01-27
1355,587,15957,credit,salary,2024-04-13
1356,677,41494,debit,shopping,2024-01-05
1357,278,45936,debit,food,2024-05-06
1358,954,49735,debit,salary,2024-11-03
1359,836,47587,debit,atm,2024-03-15
1360,989,34401,credit,food,2024-08-18
1361,300,16653,debit,shopping,2024-12-10
1362,802,17504,credit,shopping,2024-09-09
1363,589,7193,debit,atm,2024-11-17
1364,810,13256,credit,salary,2024-05-14
1365,649,13885,credit,salary,2024-06-27
1366,618,48459,debit,shopping,2024-04-23
1367,607,25371,credit,transfer,2024-09-13
1368,135,14794,debit,shopping,2024-11-27
1369,580,36214,debit,shopping,2024-09-01
1370,147,4113,credit,food,2024-06-25
1371,490,32899,debit,atm,2024-01-20
1372,478,24852,debit,food,2024-12-20
1373,159,11256,debit,shopping,2024-02-11
1374,384,10404,credit,food,2024-05-23
1375,163,40745,credit,salary,2024-08-29
1376,441,39038,credit,shopping,2024-02-02
1377,853,12178,debit,salary,2024-03-29
1378,189,26178,credit,salary,2024-03-23
1379,415,2415,credit,atm,2024-09-28
1380,339,27320,debit,salary,2024-06-24
1381,607,31831,debit,food,2024-03-29
1382,181,32933,credit,food,2024-11-06
1383,288,12520,credit,transfer,2024-08-23
1384,834,18412,debit,atm,2024-06-04
1385,187,21495,credit,transfer,2024-07-19
1386,884,40401,debit,salary,2024-07-28
1387,138,47072,credit,shopping,2024-05-30
1388,130,15417,debit,food,2024-10-12
1389,194,48325,debit,shopping,2024-04-05
1390,316,17068,debit,transfer,2024-12-09
1391,984,22954,credit,transfer,2024-07-21
1392,785,5344,debit,food,2024-08-31
1393,864,31029,credit,transfer,2024-05-04
1394,144,41022,debit,shopping,2024-01-26
1395,16,24154,credit,transfer,2024-10-02
1396,302,18688,debit,shopping,2024-10-26
1397,423,44690,debit,salary,2024-09-30
1398,245,34760,debit,atm,2024-06-10
1399,927,7118,debit,food,2024-04-09
1400,107,10721,credit,transfer,2024-01-04
1401,88,1073,debit,food,2024-07-31
1402,129,43702,debit,transfer,2024-03-30
1403,907,39483,debit,salary,2024-05-21
1404,887,37197,debit,shopping,2024-12-11
1405,341,34345,debit,food,2024-03-30
1406,4,25446,debit,salary,2024-02-10
1407,327,40197,debit,salary,2024-03-31
1408,410,6544,debit,atm,2024-01-22
1409,879,24981,debit,salary,2024-05-17
1410,306,49253,debit,atm,2024-02-19
1411,908,24946,debit,salary,2024-04-09
1412,607,11506,credit,shopping,2024-09-28
1413,721,39711,credit,salary,2024-12-24
1414,225,25539,debit,shopping,2024-11-18
1415,971,6072,debit,transfer,2024-10-02
1416,348,48163,debit,salary,2024-07-11
1417,992,37973,credit,salary,2024-10-15
1418,321,11031,debit,transfer,2024-05-17
1419,559,7802,credit,atm,2024-11-06
1420,988,19398,debit,shopping,2024-02-14
1421,181,21640,credit,transfer,2024-07-05
1422,618,32140,debit,transfer,2024-12-23
1423,711,47004,debit,food,2024-10-13
1424,386,31100,debit,transfer,2024-05-02
1425,618,29905,debit,atm,2024-03-28
1426,792,2699,credit,atm,2024-05-17
1427,772,22200,credit,atm,2024-09-18
1428,108,30609,debit,shopping,2024-08-07
1429,531,35103,debit,shopping,2024-05-08
1430,410,19283,credit,salary,2024-09-06
1431,971,38341,debit,transfer,2024-12-29
1432,296,118,debit,atm,2024-11-25
1433,818,958,debit,transfer,2024-12-26
1434,171,26092,debit,salary,2024-04-26
1435,331,32680,credit,salary,2024-11-30
1436,493,5480,debit,atm,2024-12-09
1437,195,35900,debit,transfer,2024-03-03
1438,12,19015,debit,salary,2024-03-14
1439,195,40339,debit,food,2024-01-20
1440,490,37587,credit,shopping,2024-01-29
1441,795,13043,debit,transfer,2024-06-10
1442,881,37731,debit,atm,2024-07-12
1443,182,36906,credit,salary,2024-07-12
1444,962,18936,debit,salary,2024-05-09
1445,817,35714,debit,salary,2024-11-05
1446,656,40932,debit,shopping,2024-12-10
1447,898,11494,debit,transfer,2024-09-30
1448,316,6722,debit,salary,2024-08-24
1449,694,45163,debit,shopping,2024-07-27
1450,30,25380,debit,food,2024-10-12
1451,596,11882,credit,transfer,2024-09-20
1452,678,1259,debit,atm,2024-06-18
1453,796,4726,credit,transfer,2024-08-25
1454,793,23540,debit,salary,2024-06-05
1455,96,36590,credit,atm,2024-02-20
1456,381,11730,credit,transfer,2024-12-04
1457,778,44142,debit,atm,2024-04-29
1458,444,47756,credit,transfer,2024-12-22
1459,298,6689,debit,food,2024-05-17
1460,808,48341,credit,food,2024-05-23
1461,737,23333,credit,food,2024-04-30
1462,845,35111,debit,transfer,2024-02-19
1463,361,8277,debit,atm,2024-02-10
1464,374,34628,debit,food,2024-08-21
1465,554,49070,debit,shopping,2024-02-23
1466,303,38310,debit,shopping,2024-10-26
1467,421,26472,debit,food,2024-11-11
1468,246,23608,debit,food,2024-11-20
1469,720,15065,debit,salary,2024-11-30
1470,237,3336,debit,shopping,2024-01-23
1471,534,15711,debit,shopping,2024-08-10
1472,185,22382,debit,food,2024-04-03
1473,468,41103,credit,salary,2024-11-22
1474,754,15929,credit,atm,2024-10-02
1475,363,8780,debit,salary,2024-02-08
1476,283,11440,credit,salary,2024-09-15
1477,553,31193,credit,shopping,2024-09-15
1478,336,21207,credit,food,2024-09-19
1479,162,9248,debit,food,2024-07-02
1480,160,43174,debit,food,2024-07-11
1481,474,17599,debit,salary,2024-03-10
1482,601,18265,debit,salary,2024-06-15
1483,322,43886,debit,transfer,2024-04-17
1484,12,25326,debit,atm,2024-09-15
1485,424,18360,debit,transfer,2024-07-05
1486,73,25016,debit,atm,2024-09-14
1487,588,44010,debit,transfer,2024-09-08
1488,858,30580,credit,transfer,2024-12-17
1489,201,32291,credit,transfer,2024-10-02
1490,522,9646,credit,transfer,2024-10-09
1491,864,36144,debit,salary,2024-03-24
1492,505,49700,credit,atm,2024-10-01
1493,738,22021,debit,transfer,2024-07-01
1494,688,48876,credit,transfer,2024-11-14
1495,788,37040,debit,food,2024-07-31
1496,39,46051,debit,salary,2024-02-12
1497,60,12936,credit,shopping,2024-05-12
1498,578,9089,credit,food,2024-07-22
1499,321,13840,credit,shopping,2024-04-21
1500,435,30280,credit,transfer,2024-07-07
1501,636,13202,debit,atm,2024-07-08
1502,676,15457,debit,shopping,2024-03-14
1503,408,48481,debit,shopping,2024-07-09
1504,923,30355,debit,shopping,2024-05-29
1505,386,36194,credit,atm,2024-10-20
1506,671,25321,credit,food,2024-04-01
1507,569,819,debit,salary,2024-05-19
1508,78,18006,debit,atm,2024-04-12
1509,194,23240,debit,food,2024-07-20
1510,285,1169,credit,transfer,2024-08-27
1511,527,7849,debit,food,2024-03-01
1512,524,13035,debit,shopping,2024-04-08
1513,613,37755,debit,food,2024-10-30
1514,156,44135,debit,food,2024-08-23
1515,340,30820,credit,transfer,2024-08-19
1516,125,28037,credit,transfer,2024-08-16
1517,871,18640,debit,food,2024-08-31
1518,280,8044,debit,atm,2024-08-06
1519,917,48802,credit,transfer,2024-11-03
1520,906,12847,credit,shopping,2024-02-15
1521,622,10605,debit,atm,2024-02-25
1522,846,46317,debit,food,2024-10-11
1523,869,11797,credit,shopping,2024-08-05
1524,658,37007,debit,shopping,2024-11-24
1525,728,15321,credit,atm,2024-06-27
1526,910,7187,debit,food,2024-05-06
1527,674,21562,debit,shopping,2024-08-22
1528,128,22889,debit,transfer,2024-08-12
1529,314,33500,credit,transfer,2024-08-11
1530,332,2299,credit,atm,2024-11-26
1531,150,47416,debit,transfer,2024-01-29
1532,454,44123,debit,salary,2024-07-05
1533,36,21837,debit,food,2024-09-20
1534,685,49874,credit,shopping,2024-10-07
1535,420,6173,credit,shopping,2024-07-30
1536,22,16844,credit,atm,2024-05-28
1537,206,10659,debit,atm,2024-01-04
1538,639,32795,debit,shopping,2024-10-18
1539,848,48965,debit,transfer,2024-06-19
1540,957,8501,debit,atm,2024-08-08
1541,356,11759,debit,salary,2024-03-23
1542,440,41990,credit,atm,2024-06-02
1543,729,13994,debit,transfer,2024-10-18
1544,96,29260,debit,food,2024-06-17
1545,929,29372,credit,salary,2024-11-26
1546,941,24612,credit,atm,2024-12-14
1547,164,33745,debit,food,2024-11-01
1548,148,46643,debit,food,2024-09-21
1549,530,21279,debit,shopping,2024-08-03
1550,294,10791,debit,transfer,2024-06-23
1551,195,16210,credit,shopping,2024-04-22
1552,663,35391,credit,transfer,2024-06-17
1553,480,45411,debit,food,2024-09-25
1554,877,29945,credit,atm,2024-07-04
1555,123,39138,credit,transfer,2024-12-02
1556,400,25067,credit,transfer,2024-08-29
1557,699,28578,credit,food,2024-07-04
1558,965,5188,debit,salary,2024-08-06
1559,452,40432,debit,food,2024-12-23
1560,661,7166,debit,food,2024-11-17
1561,104,39413,debit,transfer,2024-09-10
1562,755,2421,debit,food,2024-06-09
1563,462,46000,debit,shopping,2024-11-29
1564,743,24633,credit,food,2024-01-27
1565,991,24609,debit,atm,2024-11-01
1566,718,41198,credit,food,2024-02-28
1567,710,8394,debit,food,2024-12-21
1568,396,46421,debit,atm,2024-03-18
1569,912,38201,debit,salary,2024-06-03
1570,337,25159,debit,salary,2024-07-05
1571,599,31348,debit,salary,2024-07-02
1572,142,40726,credit,shopping,2024-11-23
1573,317,20803,debit,atm,2024-06-10
1574,711,38257,credit,shopping,2024-10-31
1575,558,3305,debit,shopping,2024-08-07
1576,800,35029,debit,shopping,2024-08-03
1577,527,17948,credit,atm,2024-05-24
1578,556,33511,debit,transfer,2024-09-05
1579,401,15086,debit,transfer,2024-09-12
1580,681,11728,debit,salary,2024-11-21
1581,310,38219,debit,shopping,2024-01-01
1582,495,4653,debit,salary,2024-06-14
1583,556,6618,debit,shopping,2024-01-26
1584,610,38591,debit,salary,2024-07-15
1585,773,8046,debit,food,2024-07-14
1586,109,710,credit,atm,2024-10-07
1587,795,4402,debit,shopping,2024-12-30
1588,372,34411,credit,shopping,2024-04-25
1589,855,34334,debit,shopping,2024-02-27
1590,616,41976,credit,atm,2024-01-22
1591,768,14756,credit,food,2024-09-25
1592,891,39104,debit,transfer,2024-04-06
1593,206,46587,credit,atm,2024-01-10
1594,847,18756,debit,food,2024-09-30
1595,43,41911,debit,salary,2024-02-24
1596,865,4636,debit,shopping,2024-11-07
1597,245,49971,credit,shopping,2024-02-25
1598,287,43074,credit,transfer,2024-02-18
1599,355,19956,debit,salary,2024-04-25
1600,785,36510,debit,food,2024-09-14
1601,476,44930,debit,salary,2024-11-25
1602,83,16547,debit,salary,2024-03-24
1603,110,45923,debit,transfer,2024-10-20
1604,950,33427,debit,food,2024-05-10
1605,190,34601,debit,transfer,2024-04-17
1606,983,8961,credit,food,2024-02-22
1607,800,20378,debit,atm,2024-10-05
1608,936,1642,credit,atm,2024-01-28
1609,909,42331,debit,shopping,2024-12-12
1610,251,2515,credit,transfer,2024-06-08
1611,724,43851,debit,atm,2024-08-17
1612,291,13005,debit,salary,2024-07-22
1613,645,21701,credit,salary,2024-01-20
1614,201,38255,credit,atm,2024-09-15
1615,797,21663,debit,transfer,2024-01-03
1616,326,41055,debit,shopping,2024-10-05
1617,511,6743,debit,salary,2024-11-24
1618,409,48535,debit,shopping,2024-02-02
1619,607,24144,debit,salary,2024-11-15
1620,790,11346,debit,food,2024-07-08
1621,962,2558,debit,atm,2024-10-08
1622,941,6128,debit,transfer,2024-10-19
1623,837,38315,debit,salary,2024-06-24
1624,508,34816,credit,atm,2024-03-14
1625,731,6406,debit,shopping,2024-02-13
1626,601,41119,debit,transfer,2024-05-18
1627,72,40960,debit,transfer,2024-10-06
1628,247,27778,debit,atm,2024-08-14
1629,641,25008,debit,atm,2024-04-01
1630,724,12463,debit,atm,2024-12-15
1631,940,14166,credit,food,2024-01-19
1632,855,48997,credit,food,2024-07-16
1633,608,48644,credit,transfer,2024-11-07
1634,587,32811,debit,atm,2024-10-31
1635,935,289,debit,food,2024-04-28
1636,566,11852,credit,transfer,2024-04-18
1637,344,7582,debit,salary,2024-07-29
1638,971,16779,debit,atm,2024-02-26
1639,925,24652,debit,food,2024-04-04
1640,54,899,credit,transfer,2024-05-01
1641,730,25481,debit,atm,2024-09-23
1642,528,10034,debit,transfer,2024-09-10
1643,611,19184,credit,salary,2024-12-02
1644,532,41656,credit,transfer,2024-05-24
1645,558,10009,debit,transfer,2024-09-27
1646,963,26031,credit,salary,2024-06-08
1647,193,45283,debit,shopping,2024-06-16
1648,895,25968,credit,atm,2024-05-18
1649,58,43658,debit,salary,2024-09-25
1650,437,13946,debit,salary,2024-12-02
1651,111,22357,credit,atm,2024-01-28
1652,129,28113,debit,transfer,2024-08-28
1653,849,37582,debit,food,2024-06-04
1654,706,22975,debit,atm,2024-01-16
1655,925,24817,credit,salary,2024-10-18
1656,852,11508,debit,transfer,2024-08-28
1657,326,35707,debit,shopping,2024-06-16
1658,8,36381,debit,transfer,2024-08-18
1659,29,27426,debit,food,2024-03-31
1660,112,13701,credit,transfer,2024-08-19
1661,947,1235,credit,food,2024-12-18
1662,673,22841,credit,shopping,2024-01-02
1663,131,12013,credit,shopping,2024-07-23
1664,188,10201,credit,transfer,2024-09-14
1665,675,18731,debit,atm,2024-09-07
1666,709,6648,debit,atm,2024-12-22
1667,475,37384,debit,atm,2024-11-20
1668,364,36970,debit,shopping,2024-03-10
1669,204,49085,debit,food,2024-02-19
1670,212,27315,debit,salary,2024-12-17
1671,621,37379,credit,transfer,2024-06-24
1672,276,19315,debit,food,2024-05-31
1673,73,25682,debit,salary,2024-07-27
1674,679,14124,debit,shopping,2024-09-01
1675,772,11513,debit,salary,2024-05-01
1676,243,16419,debit,shopping,2024-06-16
1677,787,19546,debit,shopping,2024-05-09
1678,102,45583,debit,food,2024-03-13
1679,987,40843,credit,atm,2024-05-26
1680,685,32136,credit,atm,2024-04-06
1681,171,12721,debit,food,2024-01-19
1682,653,10611,debit,transfer,2024-06-09
1683,909,20023,credit,shopping,2024-08-24
1684,188,10658,debit,transfer,2024-11-12
1685,441,32335,debit,shopping,2024-01-30
1686,86,626,debit,shopping,2024-04-26
1687,476,1853,credit,atm,2024-07-08
1688,52,26348,credit,atm,2024-05-20
1689,111,14756,credit,shopping,2024-01-03
1690,949,23366,debit,atm,2024-11-28
1691,877,10320,debit,atm,2024-12-05
1692,854,18138,debit,salary,2024-06-08
1693,43,12841,credit,salary,2024-11-11
1694,211,4941,debit,shopping,2024-03-01
1695,968,36909,debit,atm,2024-09-21
1696,200,30675,debit,salary,2024-03-07
1697,810,41833,credit,transfer,2024-04-04
1698,858,14518,debit,shopping,2024-07-25
1699,752,37285,credit,shopping,2024-03-08
1700,627,41845,debit,transfer,2024-08-28
1701,26,27981,debit,shopping,2024-01-17
1702,919,14687,debit,atm,2024-08-24
1703,299,22368,debit,salary,2024-11-10
1704,77,548,debit,food,2024-08-08
1705,924,37453,credit,salary,2024-07-21
1706,137,45619,debit,transfer,2024-07-07
1707,20,8208,debit,food,2024-12-17
1708,440,48402,credit,atm,2024-02-09
1709,211,11543,debit,atm,2024-05-10
1710,752,22535,debit,salary,2024-06-26
1711,551,33162,debit,shopping,2024-05-08
1712,435,1338,debit,shopping,2024-01-08
1713,780,15421,debit,transfer,2024-11-13
1714,207,16174,debit,shopping,2024-07-10
1715,991,13149,debit,atm,2024-09-29
1716,439,35684,credit,food,2024-10-25
1717,974,1198,debit,salary,2024-08-12
1718,779,14779,debit,salary,2024-08-05
1719,666,34605,credit,salary,2024-01-02
1720,42,35633,debit,shopping,2024-06-23
1721,411,47098,debit,food,2024-11-11
1722,523,11534,debit,shopping,2024-06-25
1723,806,44959,credit,shopping,2024-04-02
1724,610,33278,debit,atm,2024-09-27
1725,427,27675,credit,atm,2024-04-03
1726,275,19429,credit,shopping,2024-08-23
1727,448,37654,debit,transfer,2024-01-02
1728,902,41937,credit,transfer,2024-05-03
1729,942,18593,debit,transfer,2024-07-31
1730,884,21930,debit,shopping,2024-06-05
1731,742,38703,debit,food,2024-03-20
1732,369,34854,debit,transfer,2024-04-04
1733,938,8226,credit,atm,2024-07-07
1734,220,41938,debit,salary,2024-12-18
1735,577,40168,debit,salary,2024-05-01
1736,867,22193,credit,shopping,2024-11-17
1737,232,48416,credit,salary,2024-02-13
1738,328,35271,credit,shopping,2024-09-16
1739,443,8362,credit,salary,2024-10-21
1740,52,43370,debit,food,2024-07-06
1741,886,20885,debit,food,2024-10-31
1742,943,39569,debit,food,2024-09-17
1743,376,3395,debit,food,2024-02-14
1744,263,15787,debit,transfer,2024-02-29
1745,267,45743,credit,atm,2024-09-20
1746,359,2221,credit,food,2024-11-01
1747,317,3682,debit,transfer,2024-02-05
1748,324,47345,credit,shopping,2024-11-21
1749,921,30380,debit,salary,2024-01-10
1750,908,42689,debit,salary,2024-10-18
1751,666,38568,credit,transfer,2024-11-19
1752,870,40100,debit,salary,2024-04-12
1753,878,37156,credit,food,2024-11-27
1754,652,31772,debit,salary,2024-04-20
1755,939,1185,credit,food,2024-09-29
1756,563,15991,debit,food,2024-01-21
1757,629,15700,debit,salary,2024-07-23
1758,421,32558,debit,transfer,2024-04-06
1759,46,8745,debit,shopping,2024-11-05
1760,821,41678,debit,transfer,2024-10-27
1761,600,41696,debit,atm,2024-05-16
1762,720,4974,credit,atm,2024-02-24
1763,889,13867,credit,food,2024-02-19
1764,269,26925,debit,food,2024-01-20
1765,601,11013,debit,transfer,2024-12-29
1766,381,16315,credit,transfer,2024-09-13
1767,118,18833,debit,food,2024-07-23
1768,566,14432,debit,shopping,2024-12-07
1769,953,4532,debit,shopping,2024-07-10
1770,116,22659,debit,atm,2024-10-17
1771,630,26670,debit,shopping,2024-05-03
1772,260,40133,debit,salary,2024-05-05
1773,75,6203,debit,food,2024-07-11
1774,480,43880,debit,transfer,2024-08-25
1775,305,16000,debit,food,2024-09-04
1776,7,2131,debit,salary,2024-11-04
1777,366,17733,credit,shopping,2024-08-12
1778,634,23292,credit,food,2024-07-07
1779,523,20040,debit,salary,2024-09-17
1780,348,41387,debit,shopping,2024-08-09
1781,438,9088,debit,atm,2024-04-16
1782,215,38167,debit,atm,2024-03-29
1783,429,13052,credit,atm,2024-03-30
1784,791,27469,debit,salary,2024-02-26
1785,498,35962,debit,salary,2024-01-08
1786,540,3077,debit,transfer,2024-12-26
1787,747,38593,credit,transfer,2024-06-06
1788,367,1368,debit,atm,2024-05-06
1789,313,49029,debit,food,2024-01-05
1790,538,16856,debit,shopping,2024-08-24
1791,921,20864,debit,transfer,2024-11-28
1792,54,40485,debit,shopping,2024-11-07
1793,541,15132,debit,food,2024-02-05
1794,467,29578,debit,atm,2024-04-22
1795,865,45802,debit,shopping,2024-06-03
1796,164,11985,debit,atm,2024-02-01
1797,782,9896,debit,shopping,2024-04-27
1798,334,39147,debit,food,2024-11-17
1799,547,32963,credit,transfer,2024-01-04
1800,798,15578,credit,salary,2024-09-23
1801,348,32217,credit,atm,2024-12-27
1802,273,20853,debit,transfer,2024-10-30
1803,963,20425,debit,shopping,2024-08-17
1804,720,7121,debit,transfer,2024-07-19
1805,750,15285,debit,salary,2024-10-24
1806,414,5968,debit,atm,2024-11-17
1807,500,13171,debit,atm,2024-10-29
1808,93,8141,debit,transfer,2024-11-27
1809,685,16615,debit,food,2024-01-12
1810,79,44175,debit,shopping,2024-01-26
1811,622,40158,debit,transfer,2024-07-25
1812,217,48363,debit,food,2024-04-18
1813,947,26066,debit,atm,2024-06-11
1814,358,39384,debit,shopping,2024-01-13
1815,618,42209,credit,atm,2024-05-06
1816,507,44570,credit,salary,2024-09-02
1817,559,22390,debit,food,2024-11-07
1818,181,30802,credit,salary,2024-09-12
1819,576,28323,debit,salary,2024-06-19
1820,246,33675,debit,salary,2024-07-27
1821,244,45899,debit,food,2024-09-06
1822,506,49302,credit,shopping,2024-12-04
1823,422,44268,debit,atm,2024-12-05
1824,320,21761,debit,shopping,2024-02-28
1825,87,16539,debit,shopping,2024-09-24
1826,217,36532,credit,shopping,2024-06-05
1827,490,33611,debit,atm,2024-01-05
1828,519,31247,debit,atm,2024-02-12
1829,278,29214,debit,food,2024-03-06
1830,849,6130,credit,transfer,2024-05-13
1831,722,24615,debit,atm,2024-07-31
1832,169,47529,debit,atm,2024-04-08
1833,330,47843,debit,transfer,2024-09-27
1834,650,30433,debit,atm,2024-05-25
1835,441,179,debit,shopping,2024-02-18
1836,391,47677,debit,atm,2024-06-23
1837,496,29148,credit,food,2024-01-02
1838,381,45000,debit,atm,2024-10-19
1839,306,3066,credit,transfer,2024-01-06
1840,742,48402,credit,shopping,2024-08-30
1841,987,3828,debit,transfer,2024-02-11
1842,820,37404,debit,atm,2024-11-02
1843,673,49377,credit,atm,2024-01-16
1844,513,38681,debit,food,2024-07-22
1845,748,24894,debit,shopping,2024-08-03
1846,949,1047,debit,atm,2024-03-13
1847,188,12665,debit,food,2024-03-07
1848,930,15944,debit,food,2024-03-21
1849,516,694,credit,transfer,2024-01-30
1850,913,21514,credit,shopping,2024-01-27
1851,644,30790,debit,salary,2024-03-28
1852,427,16624,debit,food,2024-03-04
1853,502,27569,debit,salary,2024-10-21
1854,730,19539,debit,transfer,2024-11-24
1855,260,26306,debit,food,2024-05-23
1856,513,46885,credit,shopping,2024-02-25
1857,71,37073,credit,salary,2024-09-23
1858,478,21655,debit,shopping,2024-09-13
1859,178,7882,debit,salary,2024-10-26
1860,457,2760,debit,transfer,2024-02-04
1861,189,48881,debit,food,2024-03-24
1862,291,39724,debit,food,2024-06-27
1863,520,6189,credit,transfer,2024-09-20
1864,765,5418,credit,atm,2024-03-11
1865,920,26705,credit,salary,2024-02-06
1866,979,29500,credit,salary,2024-04-10
1867,292,15505,credit,atm,2024-05-12
1868,946,30309,credit,transfer,2024-07-22
1869,756,8162,debit,shopping,2024-10-03
1870,635,17524,debit,shopping,2024-01-05
1871,811,41374,debit,transfer,2024-01-23
1872,283,24087,debit,shopping,2024-07-03
1873,544,44519,debit,transfer,2024-11-22
1874,846,20656,credit,salary,2024-03-05
1875,377,27701,debit,salary,2024-05-26
1876,658,19430,debit,atm,2024-09-14
1877,156,15830,debit,transfer,2024-01-25
1878,508,3336,debit,shopping,2024-12-03
1879,413,3780,debit,transfer,2024-05-05
1880,528,30412,debit,food,2024-06-07
1881,355,48251,debit,atm,2024-11-12
1882,559,21291,debit,food,2024-02-13
1883,763,44166,debit,atm,2024-09-21
1884,187,18021,debit,atm,2024-05-28
1885,31,36740,debit,atm,2024-06-30
1886,260,34735,debit,food,2024-12-24
1887,421,48688,debit,atm,2024-07-17
1888,529,36788,debit,transfer,2024-05-20
1889,551,5793,debit,transfer,2024-07-30
1890,304,20366,debit,food,2024-05-20
1891,942,43816,credit,salary,2024-11-03
1892,986,26588,debit,salary,2024-10-10
1893,944,24222,debit,food,2024-12-22
1894,39,41324,credit,atm,2024-03-29
1895,489,29104,credit,atm,2024-06-22
1896,644,6431,debit,atm,2024-06-24
1897,542,21666,credit,food,2024-12-30
1898,670,45975,credit,atm,2024-08-23
1899,278,42362,debit,transfer,2024-08-12
1900,203,46721,credit,atm,2024-12-25
1901,66,42254,debit,food,2024-02-23
1902,108,40999,debit,atm,2024-06-03
1903,268,44664,debit,transfer,2024-11-30
1904,222,20878,debit,food,2024-04-02
1905,804,34026,credit,salary,2024-04-04
1906,530,20851,credit,food,2024-11-10
1907,90,17628,credit,shopping,2024-01-18
1908,693,168,debit,salary,2024-05-31
1909,255,3817,debit,salary,2024-11-12
1910,455,15318,credit,food,2024-05-04
1911,253,44068,debit,shopping,2024-10-26
1912,257,25502,debit,salary,2024-06-23
1913,383,48723,credit,atm,2024-08-08
1914,442,31743,debit,shopping,2024-02-06
1915,858,42229,debit,shopping,2024-11-24
1916,599,48560,debit,food,2024-06-06
1917,90,29252,debit,food,2024-05-22
1918,749,11626,debit,food,2024-08-19
1919,390,27016,debit,shopping,2024-10-29
1920,582,43075,debit,transfer,2024-02-16
1921,44,26128,credit,food,2024-07-23
1922,712,26809,debit,transfer,2024-09-27
1923,664,42099,debit,salary,2024-06-30
1924,598,15163,debit,atm,2024-07-15
1925,19,4823,debit,atm,2024-10-24
1926,101,4313,credit,transfer,2024-04-28
1927,914,22897,debit,shopping,2024-03-02
1928,607,36334,debit,atm,2024-10-07
1929,766,19510,debit,transfer,2024-01-12
1930,357,23482,debit,food,2024-09-21
1931,542,45317,credit,transfer,2024-05-04
1932,761,2847,credit,salary,2024-12-11
1933,938,23755,debit,transfer,2024-10-19
1934,33,30448,credit,food,2024-05-16
1935,970,12554,debit,transfer,2024-07-15
1936,229,12687,debit,food,2024-07-01
1937,524,22655,debit,food,2024-10-28
1938,630,28171,debit,salary,2024-04-04
1939,862,20339,debit,salary,2024-08-23
1940,155,31702,credit,atm,2024-04-10
1941,423,49251,credit,food,2024-01-07
1942,905,2303,debit,food,2024-05-04
1943,246,13735,debit,food,2024-07-27
1944,405,1244,credit,atm,2024-07-21
1945,844,32799,debit,shopping,2024-06-13
1946,759,19183,debit,salary,2024-11-11
1947,541,26227,debit,salary,2024-10-18
1948,161,12313,debit,food,2024-01-01
1949,747,17044,debit,atm,2024-05-08
1950,702,1287,debit,food,2024-07-24
1951,117,3233,debit,salary,2024-10-23
1952,271,3511,debit,atm,2024-02-10
1953,770,34557,credit,transfer,2024-12-28
1954,692,37275,credit,salary,2024-12-11
1955,487,35291,debit,transfer,2024-04-02
1956,885,6828,debit,shopping,2024-04-13
1957,172,33844,debit,transfer,2024-12-30
1958,950,22981,debit,atm,2024-08-28
1959,274,12901,credit,transfer,2024-09-16
1960,259,10648,debit,shopping,2024-06-18
1961,135,32986,debit,salary,2024-09-14
1962,683,34410,credit,shopping,2024-09-06
1963,722,19527,debit,atm,2024-10-29
1964,748,1072,credit,transfer,2024-01-30
1965,422,33783,credit,transfer,2024-03-22
1966,421,6721,debit,atm,2024-10-12
1967,186,26113,credit,food,2024-12-20
1968,929,49838,debit,atm,2024-09-13
1969,364,14630,credit,atm,2024-11-09
1970,955,7454,debit,shopping,2024-11-18
1971,607,46629,credit,shopping,2024-01-23
1972,378,37459,credit,atm,2024-08-19
1973,523,23323,debit,salary,2024-10-31
1974,580,41332,debit,transfer,2024-09-09
1975,891,12650,credit,atm,2024-03-03
1976,722,22760,credit,food,2024-10-30
1977,196,31129,debit,transfer,2024-02-13
1978,881,30368,debit,salary,2024-02-20
1979,98,47219,debit,atm,2024-07-08
1980,605,26440,credit,salary,2024-08-27
1981,984,4390,debit,transfer,2024-07-25
1982,22,30238,credit,food,2024-02-10
1983,450,6546,debit,transfer,2024-06-03
1984,172,13532,debit,transfer,2024-04-07
1985,383,1622,debit,atm,2024-02-26
1986,134,33429,debit,transfer,2024-06-18
1987,426,3640,debit,atm,2024-09-24
1988,25,12428,debit,atm,2024-12-03
1989,503,34347,debit,salary,2024-02-29
1990,185,6777,debit,food,2024-03-04
1991,85,41716,debit,atm,2024-09-16
1992,567,49841,debit,shopping,2024-12-28
1993,763,26047,debit,salary,2024-07-08
1994,144,45634,debit,atm,2024-03-01
1995,863,13620,credit,atm,2024-08-31
1996,910,44811,debit,salary,2024-06-25
1997,679,22905,debit,transfer,2024-06-07
1998,412,30544,credit,atm,2024-02-11
1999,224,20243,debit,food,2024-01-20
2000,220,10392,credit,atm,2024-04-21
2001,179,42944,credit,salary,2024-07-30
2002,631,16117,debit,shopping,2024-04-05
2003,433,25423,debit,salary,2024-01-20
2004,265,41523,debit,salary,2024-01-16
2005,954,41813,debit,food,2024-02-26
2006,429,22420,debit,transfer,2024-10-01
2007,662,8874,debit,food,2024-08-10
2008,416,2305,debit,food,2024-01-13
2009,453,12442,credit,atm,2024-09-03
2010,727,4127,debit,shopping,2024-01-20
2011,197,16427,credit,salary,2024-12-28
2012,554,21300,debit,food,2024-11-27
2013,53,7288,debit,food,2024-08-26
2014,480,2908,debit,transfer,2024-02-04
2015,443,13951,debit,transfer,2024-06-17
2016,330,15454,debit,shopping,2024-11-27
2017,251,15158,debit,salary,2024-10-06
2018,807,14720,debit,food,2024-07-19
2019,890,31330,debit,atm,2024-11-20
2020,783,36781,credit,transfer,2024-06-07
2021,967,17903,debit,food,2024-11-09
2022,925,2267,debit,atm,2024-04-07
2023,123,2244,debit,food,2024-11-11
2024,879,2267,debit,shopping,2024-12-30
2025,387,42620,debit,shopping,2024-01-11
2026,339,42236,credit,atm,2024-03-13
2027,778,25944,credit,transfer,2024-08-01
2028,348,28263,debit,shopping,2024-02-09
2029,29,23020,debit,transfer,2024-07-26
2030,975,17650,debit,atm,2024-03-14
2031,35,36443,debit,atm,2024-02-03
2032,518,18354,debit,food,2024-03-02
2033,396,49411,debit,atm,2024-03-19
2034,623,40111,debit,food,2024-06-21
2035,294,20247,debit,transfer,2024-04-04
2036,589,13026,debit,food,2024-01-05
2037,349,33923,debit,transfer,2024-11-02
2038,147,49585,debit,shopping,2024-12-18
2039,67,24091,debit,transfer,2024-02-27
2040,904,41951,debit,salary,2024-05-02
2041,520,27663,credit,food,2024-04-02
2042,122,30788,credit,shopping,2024-01-03
2043,340,29123,debit,transfer,2024-01-23
2044,175,34230,debit,atm,2024-09-22
2045,900,1025,debit,food,2024-10-29
2046,691,16421,credit,transfer,2024-10-14
2047,597,10869,credit,shopping,2024-02-17
2048,451,36848,debit,atm,2024-09-09
2049,557,40128,debit,food,2024-02-05
2050,136,16251,debit,shopping,2024-03-28
2051,855,10697,credit,atm,2024-11-05
2052,16,34287,credit,salary,2024-01-20
2053,333,43935,debit,atm,2024-05-10
2054,195,159,credit,food,2024-07-15
2055,496,35392,debit,salary,2024-09-07
2056,9,20281,debit,transfer,2024-11-11
2057,828,27335,debit,salary,2024-07-16
2058,334,28772,debit,salary,2024-01-23
2059,333,1678,debit,salary,2024-07-06
2060,327,45466,debit,atm,2024-10-12
2061,15,47395,credit,salary,2024-06-15
2062,839,16147,credit,salary,2024-06-16
2063,614,32260,debit,transfer,2024-02-17
2064,226,33575,debit,salary,2024-07-31
2065,425,24649,credit,atm,2024-10-27
2066,790,5377,debit,shopping,2024-02-06
2067,408,1880,credit,shopping,2024-02-21
2068,113,46679,debit,atm,2024-09-14
2069,997,46013,credit,atm,2024-01-14
2070,428,14762,debit,salary,2024-01-18
2071,1,31616,debit,atm,2024-04-23
2072,266,32261,debit,salary,2024-06-26
2073,491,44599,credit,food,2024-09-27
2074,208,31986,debit,transfer,2024-10-19
2075,622,8900,credit,transfer,2024-04-28
2076,712,49560,credit,transfer,2024-12-28
2077,952,5539,debit,food,2024-12-05
2078,369,4407,debit,transfer,2024-11-25
2079,985,2464,debit,salary,2024-03-09
2080,306,16668,debit,shopping,2024-02-01
2081,12,38192,debit,transfer,2024-08-23
2082,345,5583,debit,transfer,2024-08-28
2083,465,345,debit,salary,2024-11-08
2084,700,8530,debit,salary,2024-09-02
2085,666,8283,debit,transfer,2024-11-12
2086,494,38792,debit,atm,2024-09-17
2087,368,30186,credit,food,2024-12-06
2088,846,49771,debit,shopping,2024-05-25
2089,937,32826,credit,shopping,2024-10-30
2090,420,14001,debit,food,2024-10-22
2091,889,4007,debit,transfer,2024-03-08
2092,791,33144,debit,transfer,2024-12-17
2093,171,28704,credit,transfer,2024-02-25
2094,134,37969,debit,transfer,2024-05-24
2095,965,14637,debit,transfer,2024-02-21
2096,427,12601,credit,shopping,2024-05-04
2097,25,37471,debit,transfer,2024-09-30
2098,530,49203,debit,salary,2024-05-07
2099,190,46254,debit,atm,2024-01-25
2100,141,36921,debit,transfer,2024-03-01
2101,555,23296,credit,salary,2024-12-01
2102,846,6173,debit,shopping,2024-05-07
2103,796,49393,debit,salary,2024-06-07
2104,658,10661,credit,food,2024-09-07
2105,315,18201,credit,food,2024-10-14
2106,444,45616,debit,salary,2024-05-31
2107,319,31526,credit,transfer,2024-11-10
2108,441,29441,debit,transfer,2024-04-01
2109,92,7413,credit,transfer,2024-07-21
2110,179,30873,debit,salary,2024-07-18
2111,56,28103,debit,food,2024-07-11
2112,155,26520,debit,food,2024-05-03
2113,672,5814,credit,shopping,2024-04-25
2114,111,49651,debit,food,2024-06-18
2115,137,27239,debit,food,2024-05-06
2116,232,26198,debit,atm,2024-12-25
2117,992,42394,debit,food,2024-02-22
2118,468,13682,credit,salary,2024-06-18
2119,732,43683,credit,transfer,2024-08-31
2120,481,13860,credit,salary,2024-10-10
2121,68,6355,debit,transfer,2024-03-01
2122,814,16722,debit,transfer,2024-02-28
2123,249,36083,debit,shopping,2024-03-15
2124,994,40409,credit,food,2024-07-31
2125,323,29815,debit,shopping,2024-05-05
2126,922,36515,debit,transfer,2024-05-31
2127,904,21892,debit,atm,2024-03-05
2128,518,42676,debit,atm,2024-07-26
2129,976,22824,debit,shopping,2024-04-25
2130,792,3752,credit,shopping,2024-03-28
2131,432,26397,debit,food,2024-01-10
2132,487,32522,debit,shopping,2024-12-13
2133,606,14128,debit,shopping,2024-02-19
2134,429,13903,debit,salary,2024-04-06
2135,269,6407,credit,shopping,2024-09-08
2136,709,31425,debit,shopping,2024-03-03
2137,537,31674,debit,salary,2024-03-26
2138,148,19362,credit,transfer,2024-07-11
2139,118,1635,debit,transfer,2024-12-20
2140,850,15032,debit,salary,2024-02-27
2141,367,15849,debit,food,2024-07-22
2142,850,8827,debit,shopping,2024-10-28
2143,66,17432,debit,food,2024-12-10
2144,970,29634,debit,atm,2024-10-10
2145,813,10934,debit,food,2024-04-29
2146,370,20425,debit,shopping,2024-07-26
2147,175,9313,debit,transfer,2024-08-11
2148,831,48305,debit,shopping,2024-11-10
2149,588,1503,debit,shopping,2024-09-16
2150,495,7606,debit,shopping,2024-04-20
2151,973,29759,credit,food,2024-05-03
2152,114,7691,debit,transfer,2024-06-17
2153,111,13096,debit,transfer,2024-04-22
2154,761,37928,debit,food,2024-02-29
2155,439,47930,credit,food,2024-11-13
2156,715,34470,credit,food,2024-01-11
2157,147,13572,credit,atm,2024-01-20
2158,35,29198,debit,atm,2024-08-05
2159,999,2296,debit,shopping,2024-05-14
2160,309,11191,debit,atm,2024-12-16
2161,538,15140,debit,food,2024-03-02
2162,750,49362,credit,food,2024-04-28
2163,14,48884,debit,food,2024-11-15
2164,374,6123,debit,transfer,2024-07-04
2165,557,20643,credit,transfer,2024-05-11
2166,428,28477,debit,atm,2024-07-18
2167,728,36735,debit,salary,2024-08-30
2168,233,42437,debit,salary,2024-05-21
2169,705,40509,debit,food,2024-09-05
2170,563,5104,debit,transfer,2024-12-07
2171,939,10063,debit,shopping,2024-05-30
2172,887,13896,debit,atm,2024-12-10
2173,726,41072,debit,transfer,2024-10-18
2174,663,7177,credit,food,2024-03-30
2175,440,29948,debit,food,2024-10-06
2176,502,12626,credit,salary,2024-03-22
2177,275,3361,credit,food,2024-01-21
2178,850,17146,credit,food,2024-03-03
2179,76,13497,debit,shopping,2024-10-29
2180,439,25369,debit,atm,2024-11-20
2181,732,36258,credit,shopping,2024-09-27
2182,860,25857,credit,salary,2024-08-05
2183,956,15399,debit,transfer,2024-09-16
2184,699,2002,credit,salary,2024-05-11
2185,289,49580,debit,food,2024-06-20
2186,915,42499,credit,atm,2024-04-23
2187,540,48430,debit,food,2024-07-09
2188,891,46408,debit,atm,2024-03-23
2189,692,3946,debit,atm,2024-06-02
2190,253,12459,debit,atm,2024-07-03
2191,126,49476,debit,transfer,2024-08-26
2192,177,2620,credit,salary,2024-11-13
2193,37,40932,debit,transfer,2024-04-11
2194,410,20198,debit,transfer,2024-12-09
2195,611,39551,debit,transfer,2024-06-10
2196,610,23236,credit,shopping,2024-05-05
2197,127,35985,debit,shopping,2024-10-16
2198,483,30820,credit,shopping,2024-05-09
2199,168,21257,debit,transfer,2024-10-25
2200,592,48472,debit,food,2024-11-23
2201,294,19774,debit,shopping,2024-01-21
2202,845,32457,credit,shopping,2024-05-19
2203,638,12678,debit,transfer,2024-02-05
2204,343,2351,debit,salary,2024-09-13
2205,310,13613,debit,food,2024-12-24
2206,662,37529,debit,atm,2024-05-23
2207,528,27205,credit,atm,2024-02-18
2208,540,46971,debit,food,2024-01-06
2209,419,21090,credit,transfer,2024-05-03
2210,444,25599,debit,salary,2024-08-12
2211,685,6521,debit,salary,2024-09-25
2212,558,24691,debit,atm,2024-06-21
2213,840,27079,debit,salary,2024-01-09
2214,236,20935,credit,atm,2024-08-14
2215,439,37793,debit,shopping,2024-06-04
2216,214,12302,debit,transfer,2024-07-10
2217,85,35514,credit,salary,2024-06-08
2218,794,25766,credit,transfer,2024-04-28
2219,744,19390,debit,shopping,2024-12-24
2220,85,18230,credit,food,2024-03-29
2221,921,37177,debit,food,2024-06-28
2222,489,49700,debit,food,2024-11-25
2223,65,19496,debit,atm,2024-05-11
2224,646,18052,debit,atm,2024-01-25
2225,663,27222,credit,food,2024-03-20
2226,627,29481,debit,shopping,2024-03-03
2227,64,45535,debit,atm,2024-10-22
2228,343,40178,debit,food,2024-04-17
2229,939,23367,debit,transfer,2024-11-20
2230,875,47835,credit,food,2024-07-02
2231,919,42107,debit,food,2024-05-30
2232,352,7188,debit,transfer,2024-03-24
2233,158,31918,credit,atm,2024-11-16
2234,589,12922,debit,transfer,2024-11-02
2235,491,36689,debit,atm,2024-09-04
2236,658,1536,debit,shopping,2024-10-07
2237,855,45765,debit,atm,2024-07-26
2238,463,27381,debit,salary,2024-10-23
2239,225,22581,debit,atm,2024-01-05
2240,917,30569,credit,salary,2024-08-15
2241,313,18967,credit,atm,2024-07-10
2242,615,40587,credit,transfer,2024-05-13
2243,919,22866,credit,atm,2024-03-16
2244,859,29837,credit,food,2024-10-28
2245,813,21313,credit,atm,2024-04-19
2246,940,28455,credit,transfer,2024-06-14
2247,466,22637,debit,transfer,2024-03-01
2248,88,2894,debit,atm,2024-05-09
2249,883,44396,debit,atm,2024-01-03
2250,303,32424,debit,atm,2024-05-14
2251,680,30958,credit,shopping,2024-12-11
2252,435,42950,debit,salary,2024-07-11
2253,682,13118,credit,atm,2024-12-18
2254,135,17581,debit,atm,2024-03-02
2255,50,15684,debit,salary,2024-11-05
2256,432,9950,debit,food,2024-09-01
2257,340,25801,credit,shopping,2024-02-22
2258,347,41323,credit,shopping,2024-01-09
2259,646,44052,credit,food,2024-05-08
2260,347,46075,debit,salary,2024-12-10
2261,649,260,debit,salary,2024-04-17
2262,245,25932,debit,transfer,2024-10-18
2263,109,31310,debit,salary,2024-02-19
2264,825,22390,credit,shopping,2024-07-30
2265,799,29541,debit,transfer,2024-03-09
2266,533,24986,debit,atm,2024-04-07
2267,90,32494,debit,atm,2024-04-12
2268,296,8518,debit,atm,2024-12-23
2269,112,7181,debit,transfer,2024-01-16
2270,813,37280,credit,shopping,2024-03-19
2271,589,10214,debit,salary,2024-08-20
2272,177,18822,credit,transfer,2024-08-18
2273,343,22072,debit,shopping,2024-10-24
2274,660,18085,credit,salary,2024-06-06
2275,101,5988,debit,food,2024-09-14
2276,758,3818,debit,shopping,2024-07-29
2277,629,32247,debit,food,2024-07-02
2278,604,43482,debit,atm,2024-07-13
2279,401,18409,debit,atm,2024-02-09
2280,28,19399,credit,shopping,2024-07-09
2281,937,41311,debit,food,2024-11-10
2282,962,22136,credit,transfer,2024-03-01
2283,537,19985,debit,salary,2024-06-28
2284,58,29446,debit,atm,2024-11-27
2285,498,48071,debit,atm,2024-08-22
2286,297,49237,debit,atm,2024-02-05
2287,134,26791,debit,atm,2024-08-15
2288,331,40142,debit,shopping,2024-01-31
2289,249,48627,credit,shopping,2024-08-12
2290,550,18086,debit,food,2024-05-02
2291,902,27946,credit,transfer,2024-09-19
2292,941,49765,debit,food,2024-05-02
2293,75,47972,debit,transfer,2024-08-05
2294,654,41501,debit,shopping,2024-12-11
2295,834,8292,debit,atm,2024-10-02
2296,168,39369,credit,food,2024-04-07
2297,771,38587,credit,transfer,2024-01-06
2298,503,9512,debit,salary,2024-05-02
2299,885,16063,credit,transfer,2024-03-26
2300,355,33723,debit,food,2024-08-17
2301,225,1117,credit,shopping,2024-03-21
2302,664,5379,debit,atm,2024-12-27
2303,531,10512,debit,salary,2024-07-09
2304,146,7812,credit,food,2024-09-11
2305,960,15917,debit,shopping,2024-02-10
2306,241,28180,debit,transfer,2024-08-05
2307,884,6724,debit,shopping,2024-12-13
2308,893,29226,credit,shopping,2024-04-23
2309,344,16679,debit,atm,2024-12-30
2310,749,15231,debit,food,2024-07-18
2311,35,37562,credit,shopping,2024-05-14
2312,702,46915,credit,transfer,2024-07-17
2313,1,37519,debit,transfer,2024-06-05
2314,996,23475,debit,atm,2024-11-18
2315,153,26193,debit,shopping,2024-11-28
2316,429,45594,debit,transfer,2024-11-01
2317,945,32625,debit,transfer,2024-12-03
2318,508,29130,debit,atm,2024-02-13
2319,126,44167,debit,shopping,2024-07-23
2320,491,5307,credit,atm,2024-10-13
2321,482,10997,debit,shopping,2024-11-18
2322,345,26739,debit,transfer,2024-08-09
2323,912,2892,debit,food,2024-09-15
2324,738,520,debit,transfer,2024-03-30
2325,221,29324,debit,food,2024-04-12
2326,915,19298,debit,shopping,2024-12-23
2327,919,35708,credit,shopping,2024-07-23
2328,723,46305,debit,salary,2024-11-26
2329,25,17515,debit,shopping,2024-12-22
2330,528,40507,debit,shopping,2024-09-19
2331,182,17975,debit,salary,2024-01-27
2332,499,5075,debit,food,2024-01-07
2333,841,26561,debit,shopping,2024-09-20
2334,641,21431,debit,atm,2024-12-21
2335,42,16993,credit,shopping,2024-02-11
2336,915,18343,debit,shopping,2024-08-08
2337,481,15635,debit,transfer,2024-12-06
2338,930,5161,debit,shopping,2024-06-02
2339,848,1958,credit,shopping,2024-03-01
2340,748,25589,debit,atm,2024-10-02
2341,872,13778,credit,salary,2024-08-08
2342,439,34933,debit,salary,2024-03-19
2343,402,47259,credit,salary,2024-03-27
2344,546,19450,debit,transfer,2024-03-19
2345,345,13446,debit,shopping,2024-02-20
2346,893,48105,credit,food,2024-11-25
2347,45,6873,debit,food,2024-08-27
2348,646,29565,credit,atm,2024-05-07
2349,21,9888,credit,transfer,2024-10-12
2350,634,32443,debit,transfer,2024-08-16
2351,70,46962,debit,shopping,2024-12-12
2352,864,37310,debit,food,2024-07-13
2353,873,9347,debit,transfer,2024-04-10
2354,48,46063,credit,atm,2024-10-31
2355,491,42083,credit,food,2024-01-04
2356,551,36072,debit,transfer,2024-10-11
2357,287,17059,credit,shopping,2024-07-18
2358,10,49450,credit,shopping,2024-06-10
2359,542,23907,debit,shopping,2024-08-27
2360,756,34233,debit,shopping,2024-07-04
2361,274,24318,debit,food,2024-03-21
2362,956,21834,credit,food,2024-03-14
2363,600,22928,debit,transfer,2024-07-02
2364,756,17500,credit,atm,2024-08-24
2365,381,20102,credit,salary,2024-08-01
2366,329,32893,debit,salary,2024-03-21
2367,479,36592,debit,shopping,2024-08-10
2368,15,32317,debit,transfer,2024-12-29
2369,516,36326,debit,salary,2024-07-07
2370,191,28032,debit,salary,2024-07-19
2371,168,43427,credit,salary,2024-07-09
2372,521,30975,debit,salary,2024-06-18
2373,621,25146,credit,salary,2024-08-09
2374,137,23764,debit,transfer,2024-01-17
2375,154,24553,debit,salary,2024-07-17
2376,388,4846,credit,salary,2024-08-25
2377,209,24073,debit,transfer,2024-08-24
2378,272,13317,debit,food,2024-12-11
2379,143,23462,debit,food,2024-09-01
2380,611,41935,credit,food,2024-10-30
2381,889,9233,debit,salary,2024-08-08
2382,820,35909,debit,transfer,2024-04-22
2383,69,40633,credit,food,2024-10-20
2384,247,5504,debit,shopping,2024-09-13
2385,261,33439,debit,shopping,2024-02-24
2386,788,28825,debit,transfer,2024-05-17
2387,79,8896,debit,salary,2024-11-06
2388,658,45480,debit,food,2024-04-04
2389,623,48173,debit,salary,2024-05-04
2390,770,21464,credit,food,2024-01-24
2391,605,41441,credit,atm,2024-10-10
2392,525,1336,debit,atm,2024-04-01
2393,772,2480,debit,salary,2024-12-29
2394,938,40045,credit,shopping,2024-02-20
2395,621,14638,debit,salary,2024-07-18
2396,330,12071,debit,food,2024-06-05
2397,189,43165,debit,salary,2024-05-26
2398,95,34385,debit,salary,2024-04-02
2399,617,18017,debit,food,2024-07-25
2400,8,38755,debit,shopping,2024-01-05
2401,67,11586,debit,atm,2024-04-01
2402,496,37510,credit,food,2024-11-06
2403,191,25546,debit,salary,2024-02-15
2404,366,21803,debit,transfer,2024-05-22
2405,768,44291,debit,salary,2024-09-06
2406,521,11499,debit,salary,2024-08-11
2407,990,38929,debit,transfer,2024-06-15
2408,117,12785,debit,salary,2024-11-13
2409,267,22341,debit,transfer,2024-07-15
2410,611,4587,credit,salary,2024-11-25
2411,485,12118,debit,shopping,2024-06-07
2412,509,30925,debit,atm,2024-05-30
2413,298,7850,debit,shopping,2024-08-11
2414,909,17784,credit,food,2024-08-03
2415,164,43218,credit,food,2024-10-25
2416,376,14510,debit,salary,2024-02-07
2417,653,15205,debit,food,2024-05-22
2418,268,19013,debit,food,2024-01-11
2419,549,36128,debit,salary,2024-10-07
2420,74,49615,credit,salary,2024-02-08
2421,508,47442,credit,atm,2024-02-25
2422,73,46580,debit,transfer,2024-12-22
2423,308,17811,debit,salary,2024-12-21
2424,199,25067,debit,atm,2024-04-21
2425,130,36123,debit,shopping,2024-12-29
2426,758,36105,debit,food,2024-05-27
2427,824,26722,debit,transfer,2024-11-03
2428,572,45301,credit,shopping,2024-02-03
2429,791,9597,debit,salary,2024-10-27
2430,615,16450,credit,shopping,2024-11-27
2431,808,48809,credit,atm,2024-04-09
2432,832,22796,credit,salary,2024-09-16
2433,487,27570,debit,salary,2024-09-25
2434,853,30989,debit,transfer,2024-02-28
2435,151,10324,debit,atm,2024-11-18
2436,669,41824,credit,food,2024-02-14
2437,206,5565,credit,shopping,2024-10-29
2438,986,16982,debit,transfer,2024-07-24
2439,179,32303,debit,transfer,2024-12-17
2440,197,28044,debit,salary,2024-04-21
2441,735,29937,debit,shopping,2024-08-28
2442,89,3044,credit,transfer,2024-05-03
2443,799,24436,credit,salary,2024-06-07
2444,434,38724,credit,salary,2024-11-11
2445,788,44864,debit,atm,2024-01-01
2446,748,31896,debit,salary,2024-06-22
2447,183,28889,debit,food,2024-10-16
2448,209,45520,credit,atm,2024-08-05
2449,493,24322,credit,atm,2024-06-30
2450,130,38945,debit,food,2024-07-05
2451,665,235,debit,food,2024-04-03
2452,13,15873,debit,transfer,2024-02-10
2453,634,42160,credit,transfer,2024-02-20
2454,871,26547,debit,food,2024-01-05
2455,732,4133,debit,transfer,2024-12-09
2456,106,20597,debit,food,2024-06-14
2457,375,14278,credit,food,2024-07-12
2458,582,6646,debit,salary,2024-05-26
2459,707,8496,debit,transfer,2024-06-14
2460,698,21078,debit,atm,2024-08-21
2461,99,43431,debit,atm,2024-02-19
2462,594,12982,credit,transfer,2024-11-29
2463,587,17045,credit,transfer,2024-12-13
2464,886,21884,debit,transfer,2024-06-10
2465,852,3414,debit,transfer,2024-03-01
2466,192,18695,debit,salary,2024-12-10
2467,325,18855,credit,food,2024-09-03
2468,979,32411,debit,transfer,2024-09-03
2469,726,45795,credit,transfer,2024-08-07
2470,827,30698,debit,food,2024-12-23
2471,956,35549,debit,food,2024-06-28
2472,467,35674,debit,food,2024-12-03
2473,894,44829,debit,shopping,2024-12-07
2474,367,18739,debit,atm,2024-03-08
2475,318,45470,debit,transfer,2024-06-09
2476,144,31123,debit,salary,2024-04-09
2477,384,9192,credit,salary,2024-11-10
2478,216,6482,debit,food,2024-09-25
2479,361,42810,debit,salary,2024-03-19
2480,324,3259,credit,atm,2024-07-07
2481,15,5756,credit,transfer,2024-04-06
2482,217,1552,debit,salary,2024-10-30
2483,492,42303,credit,atm,2024-12-19
2484,951,18806,debit,atm,2024-06-14
2485,547,9962,credit,shopping,2024-02-23
2486,183,10319,debit,shopping,2024-06-07
2487,270,23581,credit,salary,2024-02-18
2488,945,34636,debit,atm,2024-05-29
2489,467,6196,debit,food,2024-08-11
2490,870,38053,debit,shopping,2024-07-11
2491,612,11955,debit,atm,2024-02-17
2492,519,43362,debit,shopping,2024-04-01
2493,542,14560,debit,transfer,2024-04-14
2494,467,34037,debit,atm,2024-10-07
2495,305,21194,debit,atm,2024-01-21
2496,985,39458,debit,transfer,2024-10-08
2497,144,49638,debit,shopping,2024-12-25
2498,111,28024,debit,transfer,2024-05-08
2499,232,17889,debit,salary,2024-03-13
2500,691,223,debit,food,2024-06-22
2501,584,48494,debit,shopping,2024-08-28
2502,722,6009,credit,atm,2024-09-17
2503,732,31954,debit,salary,2024-06-16
2504,592,3996,debit,shopping,2024-05-24
2505,500,40934,debit,food,2024-02-22
2506,595,42241,debit,atm,2024-08-08
2507,554,17211,debit,transfer,2024-04-17
2508,273,7139,credit,food,2024-12-04
2509,703,44944,credit,shopping,2024-12-25
2510,173,24199,debit,atm,2024-10-11
2511,973,3770,debit,shopping,2024-03-16
2512,7,43435,debit,food,2024-05-15
2513,155,15129,debit,atm,2024-04-16
2514,522,31911,credit,food,2024-02-12
2515,546,15893,credit,shopping,2024-08-10
2516,548,41418,debit,atm,2024-05-22
2517,921,48206,debit,atm,2024-06-10
2518,518,20226,debit,atm,2024-03-30
2519,920,19328,debit,shopping,2024-12-18
2520,914,18695,credit,salary,2024-08-15
2521,215,1072,debit,shopping,2024-10-03
2522,134,460,debit,transfer,2024-05-26
2523,285,2732,credit,salary,2024-04-05
2524,126,36058,debit,shopping,2024-01-01
2525,921,37816,debit,transfer,2024-06-27
2526,439,15446,debit,food,2024-06-09
2527,849,48422,debit,transfer,2024-01-26
2528,686,18108,debit,atm,2024-11-05
2529,152,12220,debit,salary,2024-02-14
2530,331,30383,credit,shopping,2024-06-03
2531,538,7918,debit,shopping,2024-11-02
2532,383,5219,debit,atm,2024-01-28
2533,115,30679,credit,salary,2024-07-30
2534,894,45821,debit,salary,2024-01-08
2535,482,47768,credit,atm,2024-12-11
2536,284,29937,debit,salary,2024-01-05
2537,899,1075,debit,atm,2024-01-11
2538,75,16365,debit,transfer,2024-12-06
2539,166,4418,debit,atm,2024-07-18
2540,189,35181,credit,shopping,2024-06-02
2541,78,41615,debit,food,2024-05-01
2542,947,43169,debit,transfer,2024-07-06
2543,602,47916,debit,shopping,2024-10-28
2544,688,13234,debit,transfer,2024-05-19
2545,21,39532,credit,shopping,2024-08-22
2546,566,46250,credit,salary,2024-01-13
2547,184,10941,debit,atm,2024-07-20
2548,871,26235,debit,shopping,2024-12-14
2549,222,12527,debit,shopping,2024-09-20
2550,827,40351,debit,salary,2024-04-11
2551,328,34231,debit,food,2024-07-11
2552,179,36827,debit,food,2024-05-11
2553,788,25265,credit,atm,2024-12-18
2554,112,1849,debit,salary,2024-11-06
2555,736,33408,debit,transfer,2024-12-27
2556,726,7734,debit,shopping,2024-07-31
2557,59,10714,credit,atm,2024-11-22
2558,327,24966,debit,food,2024-02-24
2559,905,10382,debit,transfer,2024-04-05
2560,621,20419,debit,salary,2024-11-08
2561,897,36826,debit,shopping,2024-07-03
2562,669,15512,debit,shopping,2024-06-04
2563,191,36727,credit,food,2024-06-02
2564,200,8150,credit,food,2024-04-10
2565,312,24683,debit,atm,2024-12-19
2566,708,18141,credit,shopping,2024-03-13
2567,35,6285,debit,shopping,2024-11-21
2568,379,20912,credit,shopping,2024-01-22
2569,387,25932,debit,shopping,2024-07-19
2570,758,17523,debit,transfer,2024-06-21
2571,237,47256,debit,salary,2024-05-22
2572,616,41744,debit,transfer,2024-12-17
2573,519,36886,debit,salary,2024-05-25
2574,283,29765,debit,transfer,2024-09-23
2575,1,10089,debit,atm,2024-12-18
2576,731,18308,debit,salary,2024-02-03
2577,464,23154,credit,shopping,2024-10-30
2578,230,30577,debit,salary,2024-03-23
2579,967,30474,debit,shopping,2024-02-17
2580,172,41320,debit,atm,2024-11-27
2581,87,3671,debit,salary,2024-10-22
2582,553,19676,debit,food,2024-07-05
2583,123,9780,credit,shopping,2024-10-23
2584,843,25806,debit,salary,2024-11-15
2585,298,14418,credit,transfer,2024-07-22
2586,885,20759,credit,salary,2024-02-18
2587,929,49606,debit,shopping,2024-04-27
2588,690,5129,debit,food,2024-07-01
2589,575,48536,debit,food,2024-04-01
2590,484,2874,credit,transfer,2024-09-27
2591,165,17072,debit,atm,2024-05-11
2592,699,14148,debit,food,2024-05-15
2593,383,33472,debit,atm,2024-11-11
2594,209,43288,credit,shopping,2024-05-06
2595,739,41233,debit,salary,2024-12-11
2596,432,14789,debit,atm,2024-08-18
2597,389,16837,debit,shopping,2024-11-30
2598,560,16114,credit,shopping,2024-07-30
2599,224,21918,debit,shopping,2024-08-11
2600,3,33301,credit,transfer,2024-01-10
2601,372,11244,credit,transfer,2024-03-20
2602,687,31101,debit,atm,2024-04-21
2603,446,967,debit,shopping,2024-10-08
2604,611,27282,debit,atm,2024-10-04
2605,116,14440,credit,food,2024-02-27
2606,270,11937,credit,atm,2024-09-08
2607,447,47159,debit,salary,2024-11-11
2608,368,8887,debit,shopping,2024-11-27
2609,253,493,credit,atm,2024-06-15
2610,317,12156,debit,transfer,2024-06-29
2611,415,43260,credit,salary,2024-01-02
2612,95,45057,debit,atm,2024-07-14
2613,785,28529,credit,atm,2024-02-28
2614,892,46009,debit,atm,2024-02-26
2615,24,31999,debit,transfer,2024-07-18
2616,628,32321,debit,atm,2024-04-17
2617,663,20854,debit,food,2024-05-19
2618,850,44489,debit,food,2024-07-19
2619,50,21005,credit,food,2024-03-15
2620,502,24183,debit,atm,2024-08-24
2621,718,41198,debit,salary,2024-01-01
2622,498,29721,debit,transfer,2024-12-20
2623,335,20677,credit,food,2024-02-23
2624,79,36828,debit,food,2024-09-04
2625,582,763,debit,salary,2024-10-25
2626,27,47401,debit,food,2024-01-07
2627,271,19316,debit,transfer,2024-08-27
2628,562,47359,debit,salary,2024-09-18
2629,804,9365,credit,shopping,2024-10-02
2630,247,4674,debit,transfer,2024-12-09
2631,776,22855,debit,transfer,2024-02-07
2632,591,31341,credit,atm,2024-07-08
2633,387,22776,debit,shopping,2024-11-27
2634,702,21661,credit,shopping,2024-09-15
2635,559,24837,credit,salary,2024-06-04
2636,973,23490,credit,food,2024-01-12
2637,361,26176,debit,shopping,2024-09-03
2638,866,5646,debit,salary,2024-12-01
2639,984,21380,debit,shopping,2024-06-20
2640,488,33053,debit,transfer,2024-01-15
2641,352,21137,debit,shopping,2024-11-06
2642,701,40676,credit,food,2024-04-04
2643,928,28664,debit,salary,2024-09-01
2644,256,33697,debit,food,2024-12-03
2645,222,20003,debit,atm,2024-09-18
2646,884,30906,debit,food,2024-03-04
2647,753,46428,debit,food,2024-07-27
2648,781,24492,credit,salary,2024-08-02
2649,1,28187,debit,transfer,2024-02-04
2650,546,44388,credit,shopping,2024-01-11
2651,446,44408,debit,shopping,2024-10-05
2652,79,22393,credit,salary,2024-11-08
2653,236,10777,debit,salary,2024-03-21
2654,334,12903,debit,transfer,2024-03-10
2655,889,46756,debit,transfer,2024-06-13
2656,349,46102,credit,atm,2024-03-03
2657,98,1325,credit,shopping,2024-03-20
2658,82,5874,debit,shopping,2024-01-29
2659,502,13143,debit,atm,2024-06-18
2660,967,16263,debit,salary,2024-06-04
2661,477,2944,debit,shopping,2024-04-15
2662,927,7447,debit,food,2024-09-30
2663,704,20904,debit,salary,2024-08-28
2664,765,36864,debit,salary,2024-11-25
2665,921,27346,debit,transfer,2024-08-16
2666,550,42558,credit,atm,2024-06-01
2667,14,1788,debit,salary,2024-12-21
2668,392,47155,debit,transfer,2024-10-30
2669,347,17351,credit,food,2024-12-08
2670,310,12604,debit,food,2024-06-26
2671,386,39820,debit,shopping,2024-01-19
2672,209,27684,credit,atm,2024-11-26
2673,357,44584,debit,atm,2024-02-10
2674,974,48631,debit,transfer,2024-09-17
2675,601,38952,debit,shopping,2024-09-18
2676,568,13319,debit,atm,2024-10-27
2677,94,43072,debit,shopping,2024-08-17
2678,93,24915,debit,transfer,2024-03-15
2679,340,48965,debit,shopping,2024-07-07
2680,597,24723,debit,salary,2024-04-21
2681,445,36917,credit,salary,2024-12-28
2682,757,3557,credit,salary,2024-08-21
2683,22,27955,credit,salary,2024-06-24
2684,291,36358,credit,food,2024-02-17
2685,485,15570,debit,food,2024-06-25
2686,784,49057,credit,atm,2024-08-03
2687,306,46030,debit,food,2024-08-19
2688,634,18381,credit,shopping,2024-02-18
2689,128,11828,debit,shopping,2024-04-07
2690,625,45780,credit,food,2024-10-26
2691,939,38823,debit,shopping,2024-10-11
2692,273,10262,debit,atm,2024-10-08
2693,848,29372,credit,transfer,2024-07-29
2694,442,35588,credit,food,2024-05-06
2695,503,43441,debit,salary,2024-11-12
2696,130,11438,debit,shopping,2024-10-22
2697,132,22396,debit,shopping,2024-04-11
2698,597,11775,debit,transfer,2024-01-19
2699,935,24170,debit,atm,2024-07-28
2700,482,20180,credit,shopping,2024-05-21
2701,862,47239,debit,salary,2024-10-17
2702,390,14036,credit,transfer,2024-12-03
2703,593,10119,debit,shopping,2024-12-13
2704,999,41282,debit,salary,2024-05-26
2705,985,1846,debit,shopping,2024-03-29
2706,325,49781,debit,salary,2024-11-30
2707,69,22868,debit,transfer,2024-08-27
2708,660,8425,credit,atm,2024-12-08
2709,448,44863,debit,food,2024-08-24
2710,528,4586,debit,food,2024-05-19
2711,819,16585,debit,atm,2024-04-05
2712,617,14428,debit,shopping,2024-06-30
2713,165,19212,debit,transfer,2024-12-13
2714,488,44101,credit,salary,2024-08-13
2715,713,32380,debit,transfer,2024-07-11
2716,709,26676,debit,atm,2024-05-17
2717,426,42628,debit,shopping,2024-10-09
2718,697,15802,credit,shopping,2024-03-16
2719,834,21420,credit,atm,2024-12-21
2720,265,18537,credit,transfer,2024-09-01
2721,875,293,debit,food,2024-12-18
2722,612,25417,credit,transfer,2024-11-19
2723,342,28582,credit,shopping,2024-05-27
2724,832,19443,credit,shopping,2024-05-24
2725,726,29244,debit,atm,2024-04-25
2726,278,11712,credit,transfer,2024-10-28
2727,674,19407,debit,food,2024-11-29
2728,439,19723,debit,transfer,2024-01-10
2729,157,20349,debit,shopping,2024-04-30
2730,422,8329,credit,transfer,2024-05-27
2731,251,26374,credit,shopping,2024-08-14
2732,878,37434,credit,shopping,2024-08-06
2733,609,6695,debit,salary,2024-11-13
2734,530,28702,debit,food,2024-03-19
2735,327,38477,debit,atm,2024-12-11
2736,961,37976,debit,food,2024-05-19
2737,895,34651,debit,transfer,2024-01-24
2738,97,43026,credit,salary,2024-11-04
2739,513,24778,debit,shopping,2024-08-15
2740,216,22314,credit,food,2024-10-15
2741,132,38699,credit,shopping,2024-11-20
2742,260,32909,debit,shopping,2024-11-24
2743,125,44054,credit,salary,2024-12-25
2744,82,27894,debit,food,2024-04-09
2745,283,22693,debit,salary,2024-03-29
2746,683,28964,debit,shopping,2024-01-07
2747,59,44429,credit,food,2024-12-19
2748,544,42736,credit,shopping,2024-06-19
2749,161,3789,debit,shopping,2024-09-19
2750,284,40463,debit,food,2024-12-16
2751,106,14787,debit,atm,2024-11-12
2752,105,20481,debit,salary,2024-02-01
2753,439,33193,debit,transfer,2024-07-31
2754,228,23689,debit,shopping,2024-02-28
2755,700,1220,credit,salary,2024-11-30
2756,582,16591,credit,salary,2024-01-30
2757,318,43738,debit,food,2024-09-16
2758,464,39162,debit,food,2024-02-03
2759,802,5293,credit,food,2024-05-16
2760,599,23708,debit,salary,2024-11-11
2761,882,15313,debit,food,2024-08-09
2762,874,48479,debit,transfer,2024-04-24
2763,472,14330,credit,salary,2024-07-01
2764,56,18523,debit,food,2024-09-03
2765,625,17287,debit,shopping,2024-01-29
2766,13,10140,debit,salary,2024-11-05
2767,440,866,debit,atm,2024-06-27
2768,18,30049,debit,atm,2024-10-04
2769,694,46564,debit,salary,2024-10-02
2770,973,3627,debit,salary,2024-10-19
2771,113,11121,debit,atm,2024-05-07
2772,229,17972,debit,shopping,2024-08-20
2773,171,36997,credit,shopping,2024-11-02
2774,295,11858,debit,shopping,2024-03-13
2775,189,18857,credit,transfer,2024-08-01
2776,426,25512,debit,transfer,2024-07-26
2777,977,14412,debit,shopping,2024-11-17
2778,79,22219,debit,atm,2024-03-02
2779,658,11904,debit,transfer,2024-09-08
2780,919,46645,debit,food,2024-02-13
2781,182,11083,debit,transfer,2024-10-05
2782,499,30099,debit,atm,2024-12-14
2783,798,30657,debit,atm,2024-01-11
2784,762,39858,credit,salary,2024-06-30
2785,866,28888,debit,atm,2024-07-01
2786,826,32050,debit,shopping,2024-03-01
2787,708,4083,debit,atm,2024-06-28
2788,835,3868,debit,transfer,2024-05-02
2789,71,1604,credit,transfer,2024-01-22
2790,248,2550,debit,transfer,2024-01-03
2791,146,11336,debit,atm,2024-08-26
2792,618,8102,credit,shopping,2024-07-22
2793,775,9991,debit,shopping,2024-11-16
2794,296,38887,debit,salary,2024-09-02
2795,582,13998,credit,food,2024-07-04
2796,470,10572,debit,shopping,2024-06-19
2797,506,15364,debit,transfer,2024-12-11
2798,193,17791,debit,salary,2024-03-01
2799,68,43587,credit,shopping,2024-12-14
2800,494,32732,credit,shopping,2024-02-22
2801,817,33843,debit,food,2024-06-09
2802,52,43116,debit,food,2024-08-11
2803,882,13102,debit,food,2024-01-25
2804,363,47081,debit,shopping,2024-11-01
2805,797,43486,debit,shopping,2024-10-29
2806,917,28350,debit,transfer,2024-05-01
2807,474,43488,credit,atm,2024-07-04
2808,846,21423,debit,food,2024-12-21
2809,521,3833,debit,transfer,2024-03-06
2810,763,41419,credit,transfer,2024-07-25
2811,431,2323,debit,salary,2024-09-25
2812,844,16968,debit,transfer,2024-01-15
2813,298,34296,debit,food,2024-01-06
2814,435,2180,debit,atm,2024-09-09
2815,696,13876,debit,transfer,2024-03-25
2816,691,795,debit,shopping,2024-02-11
2817,198,33069,debit,shopping,2024-08-05
2818,128,12149,debit,transfer,2024-06-11
2819,532,15728,credit,food,2024-08-24
2820,984,8365,debit,atm,2024-03-22
2821,411,24771,debit,atm,2024-09-18
2822,934,12560,debit,food,2024-03-18
2823,840,3577,debit,shopping,2024-10-25
2824,65,2302,credit,shopping,2024-05-27
2825,694,48410,credit,salary,2024-04-18
2826,241,23974,debit,transfer,2024-02-17
2827,369,47492,debit,transfer,2024-06-03
2828,536,41317,debit,shopping,2024-03-16
2829,384,11950,credit,transfer,2024-05-08
2830,431,39185,debit,food,2024-04-28
2831,967,20909,debit,atm,2024-09-26
2832,83,5450,debit,salary,2024-11-18
2833,982,2906,debit,food,2024-01-10
2834,831,7263,debit,food,2024-08-10
2835,697,28932,debit,food,2024-11-25
2836,951,285,debit,transfer,2024-03-05
2837,828,40938,debit,atm,2024-06-26
2838,611,24818,debit,salary,2024-06-25
2839,574,11645,debit,shopping,2024-02-01
2840,286,25315,credit,food,2024-12-04
2841,989,28425,credit,food,2024-03-05
2842,534,18558,credit,food,2024-01-26
2843,459,16106,debit,shopping,2024-07-15
2844,212,28644,credit,transfer,2024-08-17
2845,126,33069,debit,transfer,2024-03-05
2846,413,11384,debit,atm,2024-08-28
2847,499,38578,debit,transfer,2024-10-18
2848,425,27755,debit,transfer,2024-05-31
2849,554,29243,debit,salary,2024-11-06
2850,610,15798,debit,salary,2024-07-01
2851,961,34970,debit,transfer,2024-03-29
2852,543,9202,debit,salary,2024-09-20
2853,158,1671,debit,atm,2024-07-07
2854,112,37993,debit,transfer,2024-01-27
2855,402,39565,credit,salary,2024-09-07
2856,759,21653,debit,shopping,2024-07-09
2857,122,18643,debit,salary,2024-05-07
2858,273,29001,credit,salary,2024-11-11
2859,294,14134,debit,shopping,2024-05-23
2860,398,27220,credit,atm,2024-11-07
2861,471,1429,debit,shopping,2024-06-06
2862,985,41520,debit,atm,2024-08-16
2863,207,25482,debit,shopping,2024-02-01
2864,110,3799,credit,atm,2024-03-19
2865,440,38895,debit,atm,2024-10-03
2866,278,10767,debit,food,2024-02-25
2867,963,37691,debit,food,2024-12-14
2868,568,42215,debit,salary,2024-02-23
2869,887,23559,credit,shopping,2024-01-20
2870,915,49749,debit,atm,2024-07-20
2871,569,7059,debit,food,2024-08-10
2872,940,29681,debit,salary,2024-05-08
2873,482,46484,debit,salary,2024-11-25
2874,803,6310,credit,salary,2024-05-25
2875,114,12617,debit,food,2024-08-15
2876,893,12720,debit,transfer,2024-11-10
2877,897,36844,credit,salary,2024-05-07
2878,820,22904,debit,transfer,2024-05-20
2879,853,30668,credit,transfer,2024-10-14
2880,477,18091,credit,transfer,2024-03-10
2881,710,9012,debit,salary,2024-06-09
2882,933,32627,credit,atm,2024-01-03
2883,321,30963,debit,transfer,2024-01-12
2884,179,44927,credit,food,2024-10-15
2885,897,33558,debit,food,2024-01-27
2886,219,20507,credit,transfer,2024-01-13
2887,789,12444,debit,transfer,2024-05-02
2888,949,36305,credit,transfer,2024-07-21
2889,528,2455,credit,food,2024-09-10
2890,492,30993,debit,shopping,2024-07-21
2891,891,849,debit,atm,2024-06-12
2892,61,19535,credit,shopping,2024-12-26
2893,54,45833,debit,food,2024-07-04
2894,680,45715,debit,food,2024-11-15
2895,538,38626,debit,salary,2024-05-01
2896,848,18188,debit,shopping,2024-06-27
2897,988,44505,debit,transfer,2024-05-11
2898,65,38942,debit,transfer,2024-10-26
2899,612,46246,debit,food,2024-01-18
2900,586,24503,debit,salary,2024-01-18
2901,704,47397,debit,shopping,2024-01-06
2902,171,38142,debit,salary,2024-07-05
2903,273,46875,debit,atm,2024-07-09
2904,889,39277,debit,salary,2024-02-12
2905,699,39156,debit,atm,2024-09-06
2906,535,22813,credit,shopping,2024-07-15
2907,391,985,debit,transfer,2024-07-21
2908,940,33732,debit,atm,2024-09-21
2909,693,39785,debit,transfer,2024-09-23
2910,327,11786,credit,salary,2024-07-07
2911,108,3154,debit,salary,2024-11-30
2912,847,9077,credit,shopping,2024-09-29
2913,162,25132,debit,transfer,2024-06-26
2914,814,49067,debit,shopping,2024-03-30
2915,452,8636,credit,atm,2024-09-26
2916,206,15170,debit,salary,2024-02-08
2917,590,17037,credit,salary,2024-04-29
2918,16,21600,credit,salary,2024-02-24
2919,327,40551,credit,salary,2024-08-27
2920,608,10111,credit,salary,2024-09-21
2921,659,48139,debit,atm,2024-07-09
2922,2,8996,debit,atm,2024-10-09
2923,10,29899,debit,shopping,2024-06-11
2924,434,14682,credit,food,2024-12-12
2925,125,40058,debit,salary,2024-09-01
2926,81,42012,debit,salary,2024-11-11
2927,485,914,credit,food,2024-08-01
2928,652,9840,debit,shopping,2024-10-12
2929,838,24819,debit,atm,2024-03-30
2930,150,35645,credit,salary,2024-12-24
2931,800,20250,debit,shopping,2024-06-15
2932,873,5058,debit,food,2024-06-28
2933,340,3925,debit,atm,2024-04-13
2934,129,14900,debit,atm,2024-02-27
2935,438,10099,debit,shopping,2024-11-16
2936,751,20954,debit,transfer,2024-07-22
2937,501,45832,debit,transfer,2024-05-05
2938,58,27415,debit,transfer,2024-12-10
2939,198,39640,debit,food,2024-06-05
2940,211,9581,debit,transfer,2024-09-11
2941,914,48605,debit,shopping,2024-01-28
2942,902,17346,debit,atm,2024-07-29
2943,45,22701,debit,shopping,2024-09-22
2944,97,10777,debit,shopping,2024-09-23
2945,279,29652,credit,salary,2024-09-10
2946,535,22422,credit,food,2024-07-06
2947,410,2455,debit,atm,2024-01-30
2948,461,9257,credit,salary,2024-10-31
2949,391,35263,debit,food,2024-07-06
2950,847,26014,credit,atm,2024-10-10
2951,44,33392,debit,salary,2024-10-02
2952,27,661,credit,transfer,2024-07-05
2953,794,8267,debit,shopping,2024-05-12
2954,97,16284,debit,transfer,2024-01-30
2955,975,24597,debit,atm,2024-06-09
2956,548,23900,debit,salary,2024-05-17
2957,621,37532,credit,salary,2024-12-12
2958,567,1305,debit,salary,2024-11-27
2959,704,12139,debit,shopping,2024-03-06
2960,219,45261,debit,salary,2024-08-09
2961,185,35106,debit,food,2024-07-06
2962,69,17644,debit,food,2024-02-06
2963,829,13087,credit,food,2024-07-24
2964,130,5339,credit,transfer,2024-02-26
2965,567,44885,debit,atm,2024-03-07
2966,890,23458,credit,transfer,2024-01-28
2967,609,49323,credit,transfer,2024-05-21
2968,848,17238,debit,shopping,2024-05-18
2969,599,23084,credit,transfer,2024-08-19
2970,806,28528,debit,shopping,2024-04-16
2971,631,9196,credit,food,2024-05-16
2972,720,47682,debit,food,2024-06-12
2973,334,24636,credit,transfer,2024-05-26
2974,925,46159,credit,transfer,2024-09-29
2975,154,2721,debit,food,2024-10-30
2976,547,36058,debit,salary,2024-06-27
2977,79,4048,credit,food,2024-03-27
2978,579,1387,credit,salary,2024-03-16
2979,855,24002,debit,food,2024-12-10
2980,413,47458,credit,atm,2024-03-18
2981,546,21264,debit,shopping,2024-02-27
2982,609,15768,credit,shopping,2024-08-10
2983,169,1872,debit,atm,2024-07-21
2984,681,32338,debit,salary,2024-12-28
2985,663,39068,debit,transfer,2024-03-02
2986,583,15862,debit,transfer,2024-05-22
2987,515,36006,credit,shopping,2024-03-07
2988,314,7313,debit,transfer,2024-05-05
2989,32,15041,credit,salary,2024-11-04
2990,287,30445,credit,transfer,2024-05-24
2991,594,35284,credit,food,2024-07-21
2992,43,16064,debit,atm,2024-09-09
2993,903,26955,debit,shopping,2024-04-19
2994,617,18068,debit,transfer,2024-05-27
2995,1,1146,debit,salary,2024-05-06
2996,573,15009,credit,transfer,2024-12-17
2997,270,13678,debit,atm,2024-04-30
2998,180,23468,credit,food,2024-12-06
2999,736,28699,debit,shopping,2024-01-31
3000,518,5819,debit,shopping,2024-09-29
3001,103,16060,debit,salary,2024-12-10
3002,10,23706,credit,food,2024-02-10
3003,583,48466,debit,transfer,2024-07-22
3004,90,15724,debit,transfer,2024-02-18
3005,226,39279,debit,salary,2024-03-30
3006,670,40942,credit,food,2024-08-15
3007,740,10452,debit,salary,2024-11-06
3008,917,30985,debit,atm,2024-02-01
3009,126,15103,debit,atm,2024-06-27
3010,956,9323,credit,transfer,2024-12-11
3011,209,31533,debit,atm,2024-07-15
3012,97,12818,credit,salary,2024-08-22
3013,74,1415,debit,shopping,2024-10-20
3014,627,21653,debit,atm,2024-03-17
3015,191,24782,debit,salary,2024-10-01
3016,682,19564,debit,shopping,2024-09-18
3017,819,41804,debit,shopping,2024-05-01
3018,960,31519,credit,atm,2024-05-03
3019,716,13867,debit,food,2024-02-14
3020,56,6566,debit,atm,2024-01-16
3021,720,31128,debit,atm,2024-12-14
3022,553,48053,debit,food,2024-07-28
3023,32,37958,debit,atm,2024-06-08
3024,527,4340,debit,salary,2024-10-11
3025,574,31559,debit,food,2024-02-21
3026,667,25496,debit,salary,2024-03-21
3027,284,16895,debit,shopping,2024-12-27
3028,721,24789,credit,food,2024-11-20
3029,832,15010,debit,shopping,2024-12-17
3030,494,2546,debit,transfer,2024-10-11
3031,187,3446,debit,transfer,2024-12-14
3032,498,45279,debit,salary,2024-03-08
3033,442,49337,debit,shopping,2024-02-13
3034,130,40617,debit,shopping,2024-10-07
3035,639,4242,debit,food,2024-05-29
3036,292,16170,debit,transfer,2024-06-18
3037,114,47055,debit,salary,2024-03-15
3038,199,7187,debit,salary,2024-01-08
3039,13,23852,debit,food,2024-06-20
3040,271,15735,credit,food,2024-05-04
3041,601,22318,debit,salary,2024-08-01
3042,215,31973,credit,food,2024-10-09
3043,444,48675,debit,shopping,2024-05-18
3044,790,43065,debit,salary,2024-06-03
3045,512,45139,debit,atm,2024-05-14
3046,447,14824,debit,transfer,2024-12-12
3047,986,31451,credit,transfer,2024-07-03
3048,993,31533,debit,atm,2024-08-04
3049,715,9361,debit,atm,2024-06-15
3050,74,13579,credit,shopping,2024-11-02
3051,537,15904,debit,salary,2024-10-03
3052,101,27345,debit,food,2024-03-30
3053,176,45201,debit,transfer,2024-08-06
3054,427,12927,credit,atm,2024-06-27
3055,117,42468,credit,salary,2024-04-18
3056,166,44800,debit,food,2024-04-26
3057,41,49516,credit,transfer,2024-09-29
3058,429,12140,debit,salary,2024-04-15
3059,344,19577,credit,transfer,2024-10-10
3060,424,16227,debit,shopping,2024-08-18
3061,366,21282,debit,transfer,2024-05-26
3062,120,26149,debit,shopping,2024-11-07
3063,609,24627,credit,shopping,2024-01-21
3064,657,12573,credit,shopping,2024-10-02
3065,728,16809,debit,food,2024-12-12
3066,229,34074,debit,food,2024-06-20
3067,825,42564,debit,shopping,2024-01-31
3068,130,13814,credit,salary,2024-01-09
3069,352,34308,debit,shopping,2024-11-01
3070,889,32045,credit,salary,2024-12-02
3071,318,21668,debit,transfer,2024-02-01
3072,984,9247,debit,food,2024-07-20
3073,649,16367,debit,salary,2024-06-28
3074,836,41614,credit,salary,2024-07-15
3075,337,31552,debit,salary,2024-07-23
3076,273,5236,debit,atm,2024-01-27
3077,117,32679,debit,food,2024-01-02
3078,818,31616,credit,atm,2024-09-13
3079,368,11546,debit,transfer,2024-09-20
3080,94,45199,debit,salary,2024-03-09
3081,168,24624,debit,food,2024-07-12
3082,954,13288,debit,food,2024-09-02
3083,715,38687,credit,food,2024-10-30
3084,341,40937,debit,salary,2024-04-25
3085,661,45637,debit,shopping,2024-04-26
3086,914,5660,credit,shopping,2024-12-02
3087,695,45721,credit,shopping,2024-05-04
3088,925,43327,debit,atm,2024-02-02
3089,152,36497,debit,salary,2024-04-01
3090,586,11757,debit,transfer,2024-09-07
3091,877,38182,debit,atm,2024-07-10
3092,913,18940,debit,food,2024-12-03
3093,274,41530,debit,shopping,2024-01-23
3094,554,40497,credit,food,2024-03-22
3095,496,11424,debit,atm,2024-07-21
3096,724,25347,debit,shopping,2024-02-12
3097,101,17658,debit,salary,2024-04-16
3098,557,49362,debit,shopping,2024-03-14
3099,82,20043,debit,shopping,2024-12-21
3100,529,39560,debit,shopping,2024-07-19
3101,73,42086,credit,atm,2024-12-27
3102,14,44614,credit,shopping,2024-03-17
3103,433,15472,debit,atm,2024-01-19
3104,157,12731,debit,food,2024-11-27
3105,735,1572,credit,salary,2024-05-12
3106,132,27055,debit,shopping,2024-07-01
3107,338,47467,credit,atm,2024-03-02
3108,404,30902,debit,shopping,2024-05-12
3109,376,4972,debit,shopping,2024-04-30
3110,888,27647,debit,shopping,2024-05-14
3111,559,43441,debit,transfer,2024-09-11
3112,107,13791,debit,salary,2024-12-29
3113,620,44350,credit,salary,2024-11-29
3114,265,4853,debit,atm,2024-02-02
3115,205,1933,debit,food,2024-01-06
3116,79,38796,credit,food,2024-03-22
3117,155,8745,debit,food,2024-05-13
3118,783,39684,debit,shopping,2024-02-20
3119,988,49992,debit,atm,2024-08-09
3120,997,30541,debit,shopping,2024-09-24
3121,247,40124,debit,transfer,2024-07-21
3122,531,43417,debit,atm,2024-05-01
3123,858,15162,credit,atm,2024-05-11
3124,948,9735,debit,atm,2024-09-13
3125,538,20164,debit,transfer,2024-02-21
3126,729,10040,debit,atm,2024-09-11
3127,154,35269,debit,transfer,2024-08-17
3128,154,13211,credit,food,2024-11-04
3129,686,44231,debit,atm,2024-12-14
3130,92,45300,debit,shopping,2024-09-26
3131,433,29839,debit,salary,2024-04-14
3132,338,42846,debit,transfer,2024-06-07
3133,480,17893,credit,food,2024-06-17
3134,693,18246,debit,food,2024-05-14
3135,131,33777,debit,salary,2024-03-01
3136,450,860,credit,atm,2024-09-27
3137,993,23122,debit,shopping,2024-04-15
3138,810,5712,debit,salary,2024-09-21
3139,787,36108,credit,atm,2024-11-11
3140,273,27365,debit,atm,2024-11-07
3141,929,630,credit,transfer,2024-12-06
3142,588,9651,credit,shopping,2024-04-14
3143,177,28494,credit,shopping,2024-03-28
3144,696,43087,debit,transfer,2024-01-07
3145,831,49084,debit,atm,2024-01-24
3146,643,2660,credit,atm,2024-02-26
3147,875,18661,credit,shopping,2024-08-02
3148,49,5203,credit,shopping,2024-11-15
3149,567,24190,credit,shopping,2024-01-25
3150,666,18021,credit,shopping,2024-02-23
3151,355,42333,debit,atm,2024-03-26
3152,712,2881,debit,shopping,2024-10-16
3153,308,17430,debit,atm,2024-09-13
3154,868,5357,debit,transfer,2024-09-07
3155,885,35056,debit,food,2024-12-29
3156,630,38931,debit,transfer,2024-02-06
3157,775,15715,debit,transfer,2024-10-12
3158,46,981,credit,salary,2024-04-23
3159,302,1947,debit,transfer,2024-08-30
3160,868,39467,debit,salary,2024-07-06
3161,912,22210,credit,salary,2024-05-09
3162,408,37436,credit,salary,2024-10-30
3163,189,16414,debit,transfer,2024-08-02
3164,822,30218,debit,food,2024-12-23
3165,830,40031,debit,salary,2024-01-24
3166,129,44024,debit,shopping,2024-09-05
3167,561,23066,debit,shopping,2024-08-14
3168,537,44123,debit,atm,2024-07-18
3169,266,11420,credit,shopping,2024-05-25
3170,118,2316,debit,shopping,2024-10-02
3171,464,25664,debit,salary,2024-11-19
3172,144,38569,debit,transfer,2024-01-08
3173,442,24501,debit,shopping,2024-12-11
3174,200,11880,debit,transfer,2024-02-25
3175,157,10794,debit,food,2024-03-01
3176,487,4909,credit,shopping,2024-02-08
3177,860,16662,debit,food,2024-09-30
3178,134,47260,credit,food,2024-04-06
3179,912,32541,credit,atm,2024-11-10
3180,148,40639,debit,transfer,2024-05-25
3181,336,2029,debit,transfer,2024-04-07
3182,71,29717,debit,atm,2024-09-11
3183,233,47174,debit,salary,2024-07-29
3184,334,14344,debit,atm,2024-02-11
3185,811,32979,debit,atm,2024-02-22
3186,666,44279,credit,atm,2024-02-02
3187,90,49966,debit,food,2024-10-03
3188,334,11216,debit,transfer,2024-05-21
3189,199,22518,credit,salary,2024-10-15
3190,161,15807,credit,shopping,2024-05-09
3191,538,17865,debit,shopping,2024-10-22
3192,121,35995,debit,shopping,2024-02-19
3193,301,13200,credit,salary,2024-03-03
3194,724,23967,credit,shopping,2024-04-19
3195,575,44071,credit,salary,2024-12-15
3196,963,1308,debit,shopping,2024-11-15
3197,436,44185,credit,shopping,2024-06-26
3198,68,136,debit,salary,2024-08-31
3199,765,18312,credit,transfer,2024-03-25
3200,922,11352,debit,salary,2024-04-23
3201,459,19825,debit,salary,2024-04-25
3202,514,7106,debit,atm,2024-05-30
3203,398,47935,debit,food,2024-02-06
3204,620,24159,debit,food,2024-03-12
3205,286,5447,debit,transfer,2024-05-17
3206,561,32271,debit,transfer,2024-10-15
3207,140,28617,debit,transfer,2024-01-17
3208,730,24374,credit,food,2024-10-06
3209,556,33677,debit,transfer,2024-06-25
3210,929,27748,credit,transfer,2024-08-21
3211,781,4218,credit,salary,2024-08-29
3212,590,18010,debit,salary,2024-01-30
3213,728,13183,debit,food,2024-03-05
3214,894,49747,credit,salary,2024-03-21
3215,610,13287,debit,transfer,2024-10-10
3216,748,524,debit,salary,2024-01-13
3217,282,26741,debit,atm,2024-07-03
3218,661,34850,debit,salary,2024-05-17
3219,924,16018,debit,food,2024-07-11
3220,816,23254,credit,transfer,2024-12-05
3221,996,48266,credit,transfer,2024-11-14
3222,936,12092,credit,food,2024-01-26
3223,578,34101,debit,salary,2024-08-24
3224,746,42857,credit,transfer,2024-04-26
3225,457,14646,debit,transfer,2024-02-07
3226,87,41624,credit,atm,2024-11-05
3227,79,3119,debit,food,2024-02-14
3228,205,1404,debit,salary,2024-07-04
3229,791,47012,credit,salary,2024-06-17
3230,337,49384,debit,transfer,2024-06-21
3231,254,16932,credit,shopping,2024-08-06
3232,304,22891,debit,atm,2024-03-16
3233,380,10122,credit,atm,2024-07-22
3234,130,10450,debit,atm,2024-11-09
3235,596,11918,debit,transfer,2024-03-19
3236,276,33717,debit,food,2024-07-30
3237,699,4062,debit,food,2024-05-17
3238,558,4954,credit,atm,2024-09-05
3239,899,34407,debit,shopping,2024-08-25
3240,183,3044,debit,shopping,2024-03-30
3241,268,22427,debit,salary,2024-07-20
3242,808,3344,debit,shopping,2024-11-12
3243,322,22820,debit,atm,2024-04-29
3244,512,25190,debit,salary,2024-01-11
3245,612,46123,debit,atm,2024-07-21
3246,78,34459,credit,food,2024-01-15
3247,784,48636,debit,atm,2024-01-04
3248,339,7955,debit,salary,2024-12-10
3249,674,1701,debit,atm,2024-08-15
3250,556,32052,debit,transfer,2024-06-29
3251,509,45677,debit,salary,2024-08-10
3252,238,5790,debit,shopping,2024-02-15
3253,134,12621,debit,food,2024-01-31
3254,973,34710,credit,shopping,2024-11-24
3255,192,10583,credit,atm,2024-02-17
3256,356,8158,credit,shopping,2024-07-02
3257,278,13804,debit,salary,2024-05-10
3258,18,5665,debit,transfer,2024-09-16
3259,524,43956,debit,shopping,2024-10-01
3260,180,37356,credit,atm,2024-05-29
3261,123,30715,debit,shopping,2024-01-25
3262,246,41774,debit,shopping,2024-11-04
3263,734,2027,debit,salary,2024-06-27
3264,373,15612,debit,atm,2024-07-24
3265,51,8401,debit,atm,2024-01-05
3266,1000,21413,debit,transfer,2024-11-01
3267,71,8557,debit,salary,2024-06-26
3268,480,5592,debit,salary,2024-11-10
3269,560,3323,debit,food,2024-12-14
3270,19,22611,credit,transfer,2024-11-30
3271,774,21555,debit,transfer,2024-05-30
3272,84,33822,debit,atm,2024-03-21
3273,155,23534,debit,atm,2024-05-10
3274,565,30441,debit,transfer,2024-08-12
3275,619,42409,debit,salary,2024-11-01
3276,357,15107,debit,food,2024-11-05
3277,816,34442,debit,atm,2024-03-31
3278,647,26899,debit,food,2024-09-18
3279,443,15774,credit,transfer,2024-10-23
3280,69,15526,debit,salary,2024-01-10
3281,523,7195,credit,food,2024-04-27
3282,143,44891,debit,shopping,2024-06-05
3283,192,24204,debit,transfer,2024-03-21
3284,387,3355,debit,salary,2024-12-24
3285,378,33926,debit,transfer,2024-06-22
3286,581,34825,debit,transfer,2024-08-17
3287,535,23132,debit,food,2024-06-05
3288,693,5044,debit,food,2024-11-29
3289,293,37926,debit,shopping,2024-07-18
3290,9,30597,credit,atm,2024-10-31
3291,271,27823,credit,shopping,2024-08-19
3292,387,35387,debit,salary,2024-06-16
3293,93,11945,debit,salary,2024-10-25
3294,966,24397,credit,transfer,2024-04-12
3295,529,2670,debit,food,2024-12-08
3296,154,27603,debit,transfer,2024-01-07
3297,405,7550,debit,atm,2024-05-19
3298,840,20371,debit,transfer,2024-07-26
3299,149,40571,debit,salary,2024-01-13
3300,889,15998,debit,salary,2024-07-07
3301,267,14489,debit,shopping,2024-06-23
3302,422,48282,debit,transfer,2024-05-10
3303,840,25563,debit,food,2024-12-28
3304,618,844,credit,atm,2024-04-29
3305,472,22904,credit,atm,2024-06-16
3306,893,36382,debit,food,2024-09-24
3307,547,10971,debit,atm,2024-06-07
3308,631,13636,debit,food,2024-06-11
3309,526,23197,debit,food,2024-12-05
3310,503,275,credit,shopping,2024-11-17
3311,14,49817,credit,transfer,2024-01-27
3312,778,3317,debit,salary,2024-09-15
3313,652,15206,credit,salary,2024-10-30
3314,806,30459,debit,transfer,2024-02-21
3315,364,46564,debit,atm,2024-05-14
3316,119,22457,credit,food,2024-11-02
3317,238,42454,debit,salary,2024-10-27
3318,546,38670,credit,shopping,2024-10-28
3319,169,7134,debit,atm,2024-10-15
3320,522,16363,credit,shopping,2024-10-18
3321,634,42280,debit,salary,2024-01-17
3322,913,8876,credit,transfer,2024-04-25
3323,657,43922,debit,transfer,2024-10-20
3324,963,9912,debit,shopping,2024-02-18
3325,958,19839,credit,atm,2024-03-01
3326,735,27025,debit,salary,2024-11-09
3327,883,19675,debit,food,2024-03-16
3328,769,22331,debit,transfer,2024-09-24
3329,780,11499,credit,shopping,2024-05-25
3330,871,47831,credit,salary,2024-07-08
3331,516,23200,debit,atm,2024-01-06
3332,938,10868,credit,food,2024-07-23
3333,397,33399,debit,food,2024-12-16
3334,866,11457,credit,transfer,2024-09-06
3335,106,1537,debit,food,2024-12-10
3336,85,25046,debit,salary,2024-12-09
3337,214,20988,debit,transfer,2024-04-15
3338,121,5602,debit,transfer,2024-09-23
3339,132,40476,debit,transfer,2024-01-21
3340,850,5666,credit,salary,2024-02-24
3341,197,41676,credit,shopping,2024-06-25
3342,19,4114,credit,food,2024-08-23
3343,642,13713,debit,food,2024-01-09
3344,12,40267,debit,shopping,2024-12-16
3345,81,33799,debit,transfer,2024-04-27
3346,330,49645,debit,atm,2024-10-20
3347,866,35333,debit,salary,2024-04-10
3348,774,48491,debit,transfer,2024-07-20
3349,392,21914,debit,transfer,2024-12-17
3350,637,23486,debit,transfer,2024-12-22
3351,307,46876,credit,food,2024-05-24
3352,267,41685,debit,food,2024-06-29
3353,447,38856,credit,atm,2024-02-05
3354,441,7609,debit,salary,2024-02-05
3355,895,22416,debit,transfer,2024-01-20
3356,652,45717,debit,food,2024-11-02
3357,841,11171,debit,shopping,2024-08-17
3358,2,27842,debit,food,2024-07-29
3359,520,46949,credit,transfer,2024-09-28
3360,762,13328,debit,transfer,2024-01-06
3361,651,11714,debit,food,2024-06-07
3362,636,10401,debit,shopping,2024-05-25
3363,309,35649,debit,shopping,2024-12-17
3364,740,42951,debit,transfer,2024-06-17
3365,522,11474,debit,food,2024-12-27
3366,469,34507,debit,salary,2024-02-16
3367,212,46706,debit,salary,2024-01-24
3368,112,41841,debit,transfer,2024-04-19
3369,8,14082,credit,shopping,2024-04-02
3370,804,31358,debit,salary,2024-08-04
3371,477,45752,debit,food,2024-04-13
3372,874,10348,debit,atm,2024-08-04
3373,460,10615,debit,atm,2024-06-16
3374,253,35142,debit,shopping,2024-02-14
3375,526,26909,debit,atm,2024-12-04
3376,752,10930,debit,food,2024-07-20
3377,438,35348,credit,transfer,2024-09-13
3378,754,6899,debit,transfer,2024-10-09
3379,981,8647,debit,food,2024-01-22
3380,854,31662,debit,transfer,2024-01-28
3381,661,14428,credit,food,2024-09-10
3382,236,12779,debit,food,2024-02-04
3383,306,21158,credit,atm,2024-01-03
3384,478,32337,credit,atm,2024-08-05
3385,679,46796,credit,shopping,2024-10-26
3386,20,20006,debit,atm,2024-09-10
3387,216,43527,credit,transfer,2024-08-27
3388,855,38972,debit,atm,2024-08-28
3389,135,16647,credit,food,2024-07-20
3390,905,23406,credit,atm,2024-05-14
3391,129,28310,debit,transfer,2024-12-19
3392,410,45793,debit,shopping,2024-02-26
3393,422,28339,debit,salary,2024-03-25
3394,294,27930,debit,food,2024-06-05
3395,246,3481,debit,transfer,2024-12-02
3396,701,34932,credit,transfer,2024-07-09
3397,556,39457,debit,salary,2024-01-21
3398,86,28941,debit,shopping,2024-04-07
3399,556,7547,debit,food,2024-06-29
3400,842,20468,credit,shopping,2024-05-23
3401,375,20371,credit,salary,2024-06-22
3402,446,439,debit,food,2024-05-16
3403,378,20074,debit,atm,2024-08-23
3404,390,26609,debit,shopping,2024-01-03
3405,657,37998,debit,atm,2024-01-23
3406,51,26321,debit,food,2024-05-20
3407,242,27363,credit,salary,2024-02-07
3408,294,7833,debit,atm,2024-06-10
3409,920,45978,debit,atm,2024-08-09
3410,563,5149,credit,transfer,2024-08-18
3411,266,43186,debit,food,2024-01-20
3412,120,45501,debit,salary,2024-02-15
3413,712,21188,debit,transfer,2024-04-11
3414,917,15708,debit,shopping,2024-11-06
3415,248,738,debit,salary,2024-11-02
3416,70,7809,credit,transfer,2024-02-26
3417,853,5243,credit,shopping,2024-12-01
3418,57,1324,debit,salary,2024-06-14
3419,382,47334,debit,transfer,2024-11-19
3420,39,48147,debit,salary,2024-05-19
3421,984,44970,debit,atm,2024-04-26
3422,801,37113,debit,transfer,2024-05-17
3423,443,9841,debit,atm,2024-11-16
3424,18,23091,debit,transfer,2024-09-24
3425,952,40275,credit,atm,2024-09-10
3426,732,26181,credit,food,2024-02-20
3427,825,47658,credit,atm,2024-11-15
3428,756,15742,debit,food,2024-07-03
3429,352,9667,debit,salary,2024-04-02
3430,972,41727,debit,shopping,2024-01-19
3431,816,38636,credit,shopping,2024-06-06
3432,298,17499,credit,shopping,2024-08-07
3433,283,33203,credit,food,2024-07-31
3434,586,45821,credit,shopping,2024-12-03
3435,110,15430,debit,shopping,2024-08-20
3436,180,16564,credit,atm,2024-01-24
3437,938,2234,credit,shopping,2024-10-08
3438,544,49509,debit,food,2024-02-05
3439,746,29762,credit,atm,2024-12-28
3440,794,284,credit,food,2024-11-07
3441,25,30487,debit,transfer,2024-07-26
3442,843,49374,debit,shopping,2024-11-09
3443,791,40924,debit,food,2024-02-01
3444,738,7363,debit,food,2024-09-14
3445,57,13291,debit,atm,2024-12-03
3446,180,3614,debit,transfer,2024-06-25
3447,232,32834,debit,transfer,2024-03-23
3448,894,6177,debit,shopping,2024-11-06
3449,343,35220,credit,salary,2024-08-17
3450,477,48584,debit,salary,2024-09-24
3451,799,9600,credit,atm,2024-07-23
3452,576,15092,debit,shopping,2024-06-11
3453,455,10233,debit,atm,2024-08-27
3454,232,6505,debit,shopping,2024-04-26
3455,289,30369,credit,transfer,2024-03-14
3456,213,16974,debit,salary,2024-09-22
3457,258,31557,debit,food,2024-11-01
3458,530,17185,debit,salary,2024-05-23
3459,687,35802,debit,shopping,2024-10-18
3460,929,14447,debit,salary,2024-03-01
3461,229,13602,debit,food,2024-03-15
3462,226,46579,debit,transfer,2024-01-17
3463,596,13948,credit,transfer,2024-12-10
3464,803,22521,credit,shopping,2024-01-12
3465,435,14526,debit,salary,2024-01-03
3466,882,4795,debit,shopping,2024-03-13
3467,758,49071,credit,salary,2024-03-23
3468,402,15960,debit,atm,2024-05-26
3469,622,46965,debit,shopping,2024-04-23
3470,766,47504,debit,salary,2024-03-24
3471,88,25810,debit,atm,2024-03-15
3472,584,25511,credit,shopping,2024-10-04
3473,893,8943,credit,transfer,2024-01-01
3474,542,31252,credit,atm,2024-02-22
3475,684,49668,credit,shopping,2024-06-20
3476,309,15673,credit,food,2024-09-22
3477,906,38434,debit,transfer,2024-01-08
3478,343,30837,credit,atm,2024-05-24
3479,436,38867,debit,salary,2024-07-16
3480,177,28356,credit,food,2024-09-07
3481,139,36734,debit,salary,2024-05-14
3482,194,41805,debit,food,2024-05-04
3483,186,2102,debit,shopping,2024-11-14
3484,218,16723,debit,shopping,2024-12-16
3485,164,41915,debit,salary,2024-03-08
3486,161,48793,debit,salary,2024-03-04
3487,943,22351,credit,salary,2024-09-10
3488,525,12807,credit,atm,2024-09-19
3489,808,24217,credit,transfer,2024-12-21
3490,601,22843,credit,salary,2024-08-14
3491,836,10890,credit,shopping,2024-09-26
3492,42,48169,credit,shopping,2024-09-06
3493,915,32720,debit,salary,2024-06-12
3494,210,15696,debit,salary,2024-11-24
3495,741,30439,credit,shopping,2024-09-23
3496,862,34221,debit,atm,2024-09-21
3497,275,43095,debit,food,2024-01-25
3498,954,48696,credit,shopping,2024-04-13
3499,279,49931,debit,food,2024-09-27
3500,251,41546,debit,salary,2024-09-09
3501,310,45778,debit,transfer,2024-02-27
3502,720,20798,credit,salary,2024-01-24
3503,833,39732,credit,salary,2024-03-12
3504,140,14816,debit,salary,2024-04-02
3505,792,30906,debit,shopping,2024-05-06
3506,546,17968,debit,shopping,2024-06-22
3507,821,48018,debit,transfer,2024-01-18
3508,904,31230,debit,food,2024-03-03
3509,530,49942,debit,food,2024-04-20
3510,57,6225,debit,food,2024-05-31
3511,112,42072,debit,salary,2024-12-05
3512,5,35215,debit,transfer,2024-06-07
3513,410,47611,debit,salary,2024-08-26
3514,414,36576,debit,transfer,2024-08-25
3515,182,29146,debit,atm,2024-10-25
3516,13,22860,debit,shopping,2024-01-08
3517,339,10214,debit,salary,2024-08-11
3518,797,737,debit,atm,2024-07-18
3519,259,38734,debit,food,2024-05-12
3520,90,23277,debit,atm,2024-12-01
3521,616,35876,credit,shopping,2024-01-27
3522,891,23700,debit,shopping,2024-07-09
3523,698,16351,debit,shopping,2024-08-18
3524,250,26909,debit,atm,2024-07-11
3525,255,23856,debit,food,2024-03-03
3526,588,38468,debit,salary,2024-11-18
3527,898,11749,debit,food,2024-02-21
3528,971,11466,debit,transfer,2024-12-02
3529,108,11980,debit,transfer,2024-03-23
3530,668,17883,credit,salary,2024-11-28
3531,594,22326,debit,shopping,2024-08-29
3532,589,41309,debit,salary,2024-06-19
3533,485,5420,credit,atm,2024-07-01
3534,982,8827,debit,shopping,2024-10-23
3535,972,11824,credit,salary,2024-06-07
3536,258,39311,credit,salary,2024-10-17
3537,639,20033,credit,atm,2024-07-26
3538,997,13494,debit,atm,2024-11-08
3539,903,39820,debit,food,2024-11-04
3540,282,41517,credit,transfer,2024-10-12
3541,986,19222,debit,salary,2024-09-08
3542,88,36237,credit,food,2024-07-27
3543,204,31537,debit,shopping,2024-07-23
3544,16,20619,credit,shopping,2024-12-23
3545,151,8083,debit,transfer,2024-09-05
3546,936,44756,debit,shopping,2024-05-28
3547,254,5735,debit,transfer,2024-06-06
3548,188,36937,debit,shopping,2024-04-10
3549,329,39119,debit,shopping,2024-10-04
3550,544,44447,debit,salary,2024-11-13
3551,783,19722,debit,atm,2024-10-13
3552,997,38605,debit,salary,2024-09-22
3553,397,9539,debit,food,2024-10-12
3554,517,28009,debit,atm,2024-08-09
3555,459,35441,debit,salary,2024-05-22
3556,330,32993,debit,atm,2024-03-14
3557,820,42289,debit,atm,2024-06-15
3558,845,11503,debit,atm,2024-12-12
3559,169,34174,credit,shopping,2024-09-15
3560,693,34969,debit,atm,2024-04-08
3561,366,47549,debit,shopping,2024-02-21
3562,178,33003,debit,atm,2024-07-28
3563,655,27053,debit,shopping,2024-12-09
3564,362,7411,debit,atm,2024-09-25
3565,760,32125,debit,food,2024-02-13
3566,639,20715,debit,salary,2024-09-06
3567,775,33680,debit,atm,2024-01-17
3568,40,26420,debit,food,2024-11-26
3569,924,42998,debit,salary,2024-05-24
3570,416,24052,debit,transfer,2024-11-03
3571,355,17354,credit,atm,2024-06-25
3572,255,15327,credit,transfer,2024-12-04
3573,143,13860,debit,salary,2024-03-11
3574,752,8926,debit,salary,2024-10-16
3575,740,14039,debit,atm,2024-08-08
3576,853,33536,debit,food,2024-06-06
3577,710,17777,debit,atm,2024-04-15
3578,577,8560,debit,food,2024-01-29
3579,900,8773,debit,atm,2024-06-24
3580,11,27966,debit,food,2024-03-08
3581,620,36258,debit,shopping,2024-04-01
3582,26,9553,debit,food,2024-11-03
3583,957,16004,debit,food,2024-03-15
3584,421,15496,debit,salary,2024-12-03
3585,663,28470,debit,transfer,2024-03-25
3586,221,22033,credit,atm,2024-02-27
3587,853,30449,credit,salary,2024-03-01
3588,496,4434,debit,transfer,2024-04-05
3589,237,31560,credit,salary,2024-09-29
3590,237,27368,debit,salary,2024-08-13
3591,219,22168,debit,atm,2024-12-02
3592,487,28347,debit,shopping,2024-01-15
3593,936,23234,debit,salary,2024-07-30
3594,461,16385,debit,atm,2024-12-24
3595,663,35103,debit,food,2024-12-04
3596,635,21467,debit,transfer,2024-12-17
3597,144,24236,debit,atm,2024-11-21
3598,990,37887,credit,shopping,2024-12-03
3599,189,24525,debit,atm,2024-06-24
3600,255,29565,credit,atm,2024-09-25
3601,68,19061,debit,food,2024-04-28
3602,616,33543,credit,transfer,2024-06-02
3603,336,18923,credit,transfer,2024-01-08
3604,671,9973,debit,shopping,2024-10-08
3605,821,5687,debit,transfer,2024-09-02
3606,874,38813,debit,food,2024-05-13
3607,409,25952,credit,shopping,2024-05-23
3608,300,37635,debit,food,2024-08-14
3609,908,7104,debit,food,2024-02-03
3610,602,40596,debit,atm,2024-10-22
3611,357,27923,credit,atm,2024-05-19
3612,256,39477,debit,atm,2024-10-11
3613,353,7231,debit,salary,2024-07-27
3614,732,17796,debit,food,2024-03-22
3615,521,25749,debit,transfer,2024-09-04
3616,524,4199,debit,shopping,2024-12-20
3617,837,31671,debit,salary,2024-05-16
3618,950,30680,debit,atm,2024-12-29
3619,756,48727,debit,salary,2024-10-21
3620,694,28764,debit,salary,2024-01-06
3621,284,15682,debit,food,2024-12-11
3622,312,26569,debit,food,2024-03-21
3623,99,22502,credit,transfer,2024-12-09
3624,197,24336,debit,shopping,2024-03-14
3625,482,25210,debit,shopping,2024-11-10
3626,878,23530,debit,atm,2024-01-03
3627,226,44507,debit,transfer,2024-08-14
3628,845,38048,debit,shopping,2024-06-03
3629,615,17863,debit,salary,2024-10-07
3630,618,49060,debit,salary,2024-07-31
3631,365,17129,credit,shopping,2024-07-12
3632,368,38280,debit,salary,2024-12-05
3633,570,4752,debit,salary,2024-03-03
3634,590,6934,credit,atm,2024-08-12
3635,75,37319,debit,salary,2024-11-01
3636,42,22587,debit,shopping,2024-04-10
3637,422,7184,credit,food,2024-09-04
3638,836,45730,debit,salary,2024-10-24
3639,181,14792,debit,shopping,2024-11-14
3640,545,49616,debit,salary,2024-04-14
3641,71,2755,debit,transfer,2024-02-28
3642,568,40301,debit,atm,2024-07-28
3643,105,34182,credit,food,2024-04-04
3644,200,47770,debit,salary,2024-03-30
3645,101,5372,debit,shopping,2024-12-09
3646,768,318,debit,food,2024-02-20
3647,307,30992,credit,salary,2024-07-21
3648,586,37571,debit,transfer,2024-02-21
3649,683,48862,debit,shopping,2024-07-11
3650,377,21615,debit,atm,2024-05-19
3651,655,34407,debit,salary,2024-04-11
3652,678,13245,debit,shopping,2024-04-29
3653,399,18086,credit,salary,2024-11-03
3654,773,19188,debit,atm,2024-12-29
3655,221,5164,debit,transfer,2024-03-16
3656,595,46656,debit,atm,2024-05-10
3657,182,22296,debit,atm,2024-05-31
3658,307,11703,debit,atm,2024-08-05
3659,522,2588,credit,food,2024-03-19
3660,396,25292,credit,shopping,2024-12-16
3661,4,28997,debit,salary,2024-09-08
3662,863,18902,credit,transfer,2024-07-31
3663,914,16511,debit,salary,2024-12-06
3664,848,29766,debit,food,2024-04-28
3665,1000,41075,credit,transfer,2024-06-01
3666,804,12870,debit,food,2024-01-12
3667,281,8077,credit,salary,2024-10-30
3668,215,37529,debit,transfer,2024-04-10
3669,972,32131,credit,salary,2024-07-28
3670,610,4649,credit,shopping,2024-03-14
3671,420,20437,debit,food,2024-07-16
3672,101,27465,credit,shopping,2024-07-03
3673,963,20745,credit,shopping,2024-10-11
3674,521,47897,debit,salary,2024-06-05
3675,573,24607,debit,salary,2024-08-08
3676,309,5073,credit,atm,2024-06-22
3677,658,8536,credit,atm,2024-08-25
3678,939,10186,debit,transfer,2024-01-09
3679,931,17840,debit,salary,2024-09-08
3680,510,25618,credit,food,2024-02-01
3681,63,19951,debit,salary,2024-05-20
3682,633,39832,credit,salary,2024-06-29
3683,226,14942,debit,shopping,2024-11-26
3684,105,30054,debit,shopping,2024-04-07
3685,974,1845,debit,atm,2024-11-05
3686,772,12797,credit,transfer,2024-06-27
3687,861,27033,debit,transfer,2024-06-25
3688,425,3979,debit,salary,2024-12-16
3689,255,20261,debit,food,2024-08-05
3690,429,18599,debit,shopping,2024-09-24
3691,434,22741,debit,food,2024-10-17
3692,207,35135,debit,shopping,2024-09-16
3693,28,18751,debit,salary,2024-02-14
3694,682,9788,debit,transfer,2024-10-31
3695,336,47933,debit,salary,2024-08-31
3696,588,11088,debit,shopping,2024-05-06
3697,628,23570,debit,transfer,2024-05-25
3698,69,37349,credit,food,2024-10-28
3699,866,23949,debit,food,2024-04-21
3700,746,33797,debit,atm,2024-09-27
3701,513,7873,debit,food,2024-11-09
3702,167,36192,debit,atm,2024-05-30
3703,864,29176,debit,transfer,2024-12-06
3704,730,4687,debit,salary,2024-08-24
3705,785,33224,debit,salary,2024-06-10
3706,368,15887,debit,transfer,2024-10-23
3707,251,20548,debit,transfer,2024-11-08
3708,859,5599,credit,shopping,2024-10-07
3709,856,3941,debit,food,2024-02-13
3710,931,44990,credit,food,2024-08-07
3711,686,25502,debit,food,2024-05-20
3712,170,46277,debit,atm,2024-02-23
3713,758,23155,credit,food,2024-01-27
3714,935,39927,debit,shopping,2024-01-08
3715,90,765,debit,salary,2024-06-19
3716,561,32371,debit,salary,2024-07-16
3717,446,23337,credit,atm,2024-03-17
3718,294,43088,debit,shopping,2024-12-05
3719,919,28367,debit,transfer,2024-07-01
3720,150,10874,debit,salary,2024-07-10
3721,132,653,debit,shopping,2024-01-05
3722,433,13960,debit,transfer,2024-02-28
3723,59,25003,credit,atm,2024-08-24
3724,969,7145,debit,food,2024-06-03
3725,836,9480,debit,shopping,2024-01-19
3726,199,33017,debit,salary,2024-03-05
3727,215,32361,debit,atm,2024-11-19
3728,898,49241,debit,shopping,2024-11-17
3729,561,13443,credit,atm,2024-08-23
3730,472,2953,credit,transfer,2024-06-02
3731,744,10228,credit,shopping,2024-10-15
3732,247,45448,credit,food,2024-08-23
3733,382,48122,debit,transfer,2024-08-24
3734,991,2836,credit,food,2024-08-08
3735,239,33824,credit,atm,2024-08-31
3736,927,11540,credit,food,2024-01-05
3737,367,5280,credit,transfer,2024-05-16
3738,168,30384,debit,transfer,2024-08-25
3739,560,41475,debit,transfer,2024-02-17
3740,51,11746,debit,atm,2024-02-15
3741,811,19129,debit,salary,2024-03-04
3742,610,20258,debit,atm,2024-07-10
3743,951,14442,credit,transfer,2024-01-29
3744,728,37881,credit,atm,2024-01-18
3745,689,184,debit,shopping,2024-06-06
3746,380,2035,debit,shopping,2024-07-20
3747,474,30566,debit,salary,2024-01-19
3748,80,42476,debit,atm,2024-06-24
3749,697,9362,debit,atm,2024-09-21
3750,367,11704,debit,shopping,2024-07-31
3751,461,42581,debit,transfer,2024-01-01
3752,911,23233,debit,food,2024-08-20
3753,539,28767,debit,transfer,2024-09-04
3754,452,35341,credit,salary,2024-08-05
3755,464,33603,debit,food,2024-02-08
3756,960,2938,credit,transfer,2024-08-08
3757,478,35430,debit,atm,2024-02-24
3758,926,13540,debit,atm,2024-09-04
3759,420,36774,debit,shopping,2024-11-03
3760,707,34140,credit,atm,2024-11-15
3761,214,37704,debit,atm,2024-01-24
3762,369,34730,debit,salary,2024-10-09
3763,854,37094,credit,food,2024-08-21
3764,114,26439,credit,transfer,2024-03-06
3765,754,30484,debit,transfer,2024-07-12
3766,503,45478,credit,salary,2024-04-28
3767,636,41882,credit,food,2024-09-05
3768,817,32743,credit,atm,2024-03-02
3769,588,17026,credit,salary,2024-05-19
3770,311,39077,debit,atm,2024-02-09
3771,469,23752,debit,transfer,2024-08-05
3772,824,10370,debit,salary,2024-01-10
3773,708,17368,debit,salary,2024-02-24
3774,863,36517,credit,salary,2024-11-30
3775,44,46994,credit,transfer,2024-03-29
3776,415,48941,credit,transfer,2024-01-04
3777,698,20417,credit,shopping,2024-09-09
3778,855,36534,debit,transfer,2024-01-23
3779,246,46225,credit,transfer,2024-04-10
3780,949,15548,debit,atm,2024-02-18
3781,84,10013,debit,transfer,2024-12-27
3782,207,8666,debit,food,2024-09-16
3783,151,32544,debit,atm,2024-06-15
3784,668,15705,credit,shopping,2024-08-27
3785,528,657,debit,food,2024-11-08
3786,165,42340,credit,shopping,2024-11-10
3787,917,44483,debit,salary,2024-04-21
3788,975,6140,credit,salary,2024-07-25
3789,145,46752,credit,salary,2024-09-03
3790,37,33996,credit,transfer,2024-08-22
3791,333,21904,debit,transfer,2024-09-30
3792,403,9392,credit,atm,2024-05-28
3793,414,26210,debit,food,2024-02-25
3794,45,5449,credit,food,2024-06-28
3795,402,30474,debit,salary,2024-10-07
3796,206,19109,debit,salary,2024-06-08
3797,62,45187,debit,transfer,2024-03-10
3798,420,42691,debit,shopping,2024-10-22
3799,868,157,credit,food,2024-12-05
3800,468,8603,debit,food,2024-08-28
3801,820,28393,credit,shopping,2024-07-15
3802,19,43061,debit,food,2024-06-11
3803,365,19221,credit,food,2024-03-23
3804,300,5593,debit,transfer,2024-04-12
3805,7,36745,debit,food,2024-06-09
3806,761,2382,credit,salary,2024-12-20
3807,428,23270,credit,salary,2024-12-27
3808,117,44243,debit,atm,2024-04-11
3809,580,1531,debit,transfer,2024-08-27
3810,507,45394,debit,transfer,2024-07-18
3811,546,34643,debit,salary,2024-06-07
3812,706,20691,debit,transfer,2024-07-21
3813,325,11451,debit,transfer,2024-11-19
3814,55,32583,debit,atm,2024-07-15
3815,778,31295,debit,shopping,2024-02-11
3816,992,47507,debit,food,2024-08-01
3817,42,37253,debit,atm,2024-06-20
3818,297,22835,credit,shopping,2024-09-09
3819,973,15303,debit,food,2024-01-17
3820,231,4074,debit,salary,2024-05-27
3821,453,38773,debit,shopping,2024-04-25
3822,890,37333,credit,food,2024-07-22
3823,394,19786,debit,atm,2024-06-29
3824,522,39813,debit,food,2024-10-26
3825,358,43926,debit,transfer,2024-10-09
3826,987,12736,credit,food,2024-05-30
3827,444,35170,debit,salary,2024-09-02
3828,128,29223,debit,atm,2024-02-27
3829,691,31912,debit,shopping,2024-07-15
3830,405,28860,credit,food,2024-08-28
3831,392,5066,debit,atm,2024-07-02
3832,193,46315,debit,salary,2024-04-01
3833,604,18526,credit,shopping,2024-04-10
3834,881,14262,credit,food,2024-04-03
3835,743,16158,credit,salary,2024-02-15
3836,78,41582,debit,transfer,2024-06-03
3837,85,43767,debit,atm,2024-03-10
3838,30,3098,debit,atm,2024-10-08
3839,725,1009,credit,food,2024-01-30
3840,49,45597,credit,salary,2024-07-27
3841,777,34748,credit,shopping,2024-09-18
3842,145,12597,credit,shopping,2024-11-18
3843,69,19044,credit,shopping,2024-03-23
3844,58,7627,debit,shopping,2024-08-03
3845,697,38564,debit,food,2024-08-07
3846,574,3172,debit,food,2024-10-17
3847,479,12118,debit,atm,2024-02-04
3848,820,29752,debit,salary,2024-01-05
3849,445,4576,credit,transfer,2024-12-23
3850,296,43935,debit,food,2024-01-06
3851,678,30332,credit,shopping,2024-09-03
3852,171,27582,credit,transfer,2024-04-02
3853,575,37357,debit,atm,2024-10-05
3854,147,20975,debit,shopping,2024-11-10
3855,484,16319,debit,salary,2024-07-08
3856,306,30548,debit,transfer,2024-12-22
3857,673,14467,debit,atm,2024-02-01
3858,653,25220,debit,food,2024-09-13
3859,846,6955,debit,salary,2024-08-13
3860,609,3197,debit,shopping,2024-08-23
3861,446,44685,debit,transfer,2024-01-28
3862,221,19989,debit,atm,2024-07-17
3863,555,1184,debit,transfer,2024-01-29
3864,945,33420,debit,salary,2024-05-26
3865,804,22044,credit,food,2024-04-21
3866,378,34021,debit,food,2024-04-17
3867,620,21957,credit,salary,2024-01-19
3868,266,18170,debit,shopping,2024-09-27
3869,95,49945,debit,transfer,2024-12-26
3870,262,24575,debit,shopping,2024-07-07
3871,825,22319,credit,atm,2024-02-22
3872,897,41557,credit,shopping,2024-07-18
3873,71,31589,debit,salary,2024-04-24
3874,954,23278,credit,food,2024-07-05
3875,219,13583,debit,salary,2024-01-07
3876,533,47902,debit,salary,2024-12-13
3877,92,45027,debit,transfer,2024-03-16
3878,127,33673,debit,salary,2024-12-11
3879,80,33788,debit,atm,2024-04-08
3880,824,46030,debit,transfer,2024-03-08
3881,238,31629,credit,transfer,2024-02-03
3882,983,34311,credit,shopping,2024-01-07
3883,372,39916,credit,salary,2024-08-06
3884,916,46575,debit,shopping,2024-12-18
3885,486,34078,debit,shopping,2024-05-19
3886,694,29777,debit,transfer,2024-11-09
3887,25,16104,debit,shopping,2024-11-03
3888,156,10372,credit,shopping,2024-05-01
3889,517,6312,debit,transfer,2024-07-27
3890,632,21171,debit,transfer,2024-11-07
3891,789,43208,debit,food,2024-03-22
3892,530,9800,credit,salary,2024-09-15
3893,943,30080,debit,food,2024-04-05
3894,710,17397,credit,transfer,2024-11-14
3895,57,41449,debit,atm,2024-06-01
3896,605,28725,debit,shopping,2024-03-26
3897,19,28931,credit,shopping,2024-03-12
3898,384,29467,debit,transfer,2024-02-21
3899,865,45913,debit,shopping,2024-04-05
3900,193,35438,debit,food,2024-09-17
3901,237,20221,debit,shopping,2024-12-21
3902,387,35647,debit,atm,2024-11-10
3903,426,25014,debit,salary,2024-10-07
3904,277,44496,credit,food,2024-12-01
3905,227,17278,debit,salary,2024-12-09
3906,745,1822,debit,salary,2024-01-14
3907,552,13985,debit,atm,2024-07-23
3908,323,202,debit,atm,2024-02-21
3909,153,27535,debit,atm,2024-10-07
3910,639,13362,credit,atm,2024-08-06
3911,237,7553,credit,food,2024-03-12
3912,998,42507,debit,atm,2024-02-25
3913,55,45274,debit,food,2024-07-28
3914,980,12324,debit,shopping,2024-10-19
3915,436,6272,debit,salary,2024-07-16
3916,684,11352,credit,shopping,2024-10-05
3917,109,18018,debit,shopping,2024-02-26
3918,866,7297,credit,transfer,2024-06-29
3919,981,31691,debit,shopping,2024-04-27
3920,184,13777,debit,shopping,2024-12-02
3921,951,11139,debit,transfer,2024-08-11
3922,368,27885,debit,shopping,2024-11-12
3923,983,4670,credit,transfer,2024-11-06
3924,198,6806,debit,food,2024-12-01
3925,371,11755,debit,salary,2024-10-02
3926,373,33302,debit,atm,2024-09-15
3927,973,48007,credit,shopping,2024-11-16
3928,497,9549,credit,food,2024-10-19
3929,599,24730,debit,salary,2024-06-11
3930,201,9222,credit,food,2024-05-03
3931,849,46471,debit,transfer,2024-01-16
3932,509,11091,credit,food,2024-01-04
3933,322,24987,credit,shopping,2024-09-15
3934,275,13959,debit,shopping,2024-04-17
3935,211,23740,debit,atm,2024-09-29
3936,504,48439,credit,atm,2024-06-20
3937,903,25632,debit,shopping,2024-07-09
3938,118,39329,credit,food,2024-04-07
3939,703,38864,debit,shopping,2024-06-18
3940,554,37720,debit,food,2024-04-07
3941,42,2612,credit,shopping,2024-05-24
3942,315,15546,debit,salary,2024-01-24
3943,788,22012,debit,food,2024-06-13
3944,329,34131,debit,transfer,2024-09-14
3945,17,35615,debit,transfer,2024-04-29
3946,283,15516,debit,atm,2024-09-26
3947,943,7380,credit,salary,2024-09-27
3948,258,11074,credit,transfer,2024-02-06
3949,575,43846,debit,shopping,2024-11-09
3950,574,43875,credit,transfer,2024-06-29
3951,612,36631,credit,shopping,2024-03-22
3952,19,12327,credit,salary,2024-09-10
3953,529,13131,credit,atm,2024-11-07
3954,837,43383,debit,transfer,2024-08-24
3955,423,33100,debit,atm,2024-01-13
3956,466,45412,debit,salary,2024-06-11
3957,373,2128,credit,food,2024-06-12
3958,758,30533,debit,salary,2024-11-25
3959,763,18413,debit,salary,2024-12-14
3960,967,48890,debit,salary,2024-01-24
3961,81,9750,credit,food,2024-06-29
3962,551,26324,credit,food,2024-01-27
3963,548,30464,debit,salary,2024-03-14
3964,424,18461,credit,food,2024-05-19
3965,429,2513,credit,shopping,2024-05-22
3966,388,40894,debit,salary,2024-01-03
3967,998,31170,debit,transfer,2024-10-10
3968,921,38286,debit,shopping,2024-09-21
3969,709,22509,debit,salary,2024-01-30
3970,670,29954,credit,transfer,2024-02-26
3971,204,31306,credit,transfer,2024-10-05
3972,196,29755,credit,atm,2024-11-15
3973,728,10052,debit,atm,2024-04-29
3974,285,36465,credit,transfer,2024-10-12
3975,969,17862,debit,salary,2024-02-15
3976,196,720,debit,salary,2024-12-22
3977,307,33797,debit,salary,2024-03-20
3978,664,15555,credit,salary,2024-09-12
3979,14,22310,credit,transfer,2024-12-13
3980,837,47773,debit,food,2024-04-18
3981,146,1074,debit,food,2024-02-25
3982,938,12779,debit,salary,2024-08-08
3983,57,27529,debit,atm,2024-08-25
3984,723,18173,debit,transfer,2024-10-19
3985,780,4771,debit,food,2024-07-27
3986,210,30465,credit,transfer,2024-07-08
3987,529,46467,credit,atm,2024-06-05
3988,798,45678,debit,transfer,2024-05-05
3989,344,9017,debit,atm,2024-05-05
3990,715,41221,credit,atm,2024-05-07
3991,611,7884,debit,shopping,2024-04-02
3992,279,47093,debit,atm,2024-03-23
3993,209,33526,debit,shopping,2024-02-12
3994,641,35765,debit,atm,2024-07-20
3995,335,12391,debit,atm,2024-10-18
3996,288,19026,debit,transfer,2024-05-24
3997,252,26254,debit,shopping,2024-06-30
3998,265,25750,debit,food,2024-05-24
3999,271,46440,debit,food,2024-06-08
4000,924,3305,credit,transfer,2024-11-02
4001,920,36912,credit,food,2024-09-11
4002,700,30394,debit,food,2024-10-05
4003,419,36301,debit,atm,2024-05-23
4004,726,39579,debit,salary,2024-02-01
4005,795,7484,debit,salary,2024-03-06
4006,211,17361,credit,food,2024-12-25
4007,365,3159,debit,transfer,2024-11-21
4008,76,31834,debit,transfer,2024-07-20
4009,660,23491,debit,shopping,2024-07-08
4010,321,16015,debit,transfer,2024-04-24
4011,725,40381,debit,transfer,2024-09-18
4012,433,46733,credit,atm,2024-10-27
4013,109,34542,debit,atm,2024-10-15
4014,641,42668,debit,food,2024-01-05
4015,522,25893,credit,transfer,2024-11-07
4016,47,46846,debit,salary,2024-01-28
4017,379,32089,debit,transfer,2024-08-25
4018,827,49565,credit,transfer,2024-02-28
4019,96,25405,debit,food,2024-11-13
4020,958,16867,credit,salary,2024-10-25
4021,103,38752,debit,food,2024-02-19
4022,892,18296,credit,transfer,2024-08-29
4023,854,18808,credit,salary,2024-04-29
4024,146,13483,debit,transfer,2024-12-23
4025,880,5348,credit,food,2024-02-07
4026,942,36297,debit,food,2024-08-18
4027,928,26540,debit,atm,2024-07-29
4028,27,21330,debit,salary,2024-10-09
4029,732,29754,credit,atm,2024-06-13
4030,530,16711,credit,salary,2024-09-19
4031,679,22557,credit,shopping,2024-10-20
4032,945,10356,credit,salary,2024-07-27
4033,989,41071,credit,transfer,2024-06-05
4034,82,40633,debit,salary,2024-11-02
4035,428,34390,credit,atm,2024-12-29
4036,584,33559,credit,food,2024-04-12
4037,822,28381,credit,food,2024-05-23
4038,479,1839,credit,salary,2024-04-06
4039,766,1625,debit,shopping,2024-09-23
4040,162,16553,debit,food,2024-12-17
4041,839,6351,credit,food,2024-08-24
4042,932,43308,debit,food,2024-04-01
4043,402,19607,debit,shopping,2024-05-27
4044,508,13960,credit,atm,2024-01-29
4045,38,21208,debit,salary,2024-01-16
4046,955,28006,credit,shopping,2024-12-15
4047,511,7749,credit,salary,2024-07-24
4048,393,34155,debit,transfer,2024-08-03
4049,713,13293,credit,salary,2024-10-19
4050,494,31122,debit,food,2024-11-28
4051,200,31756,credit,shopping,2024-01-18
4052,255,41635,debit,shopping,2024-11-22
4053,179,16013,credit,atm,2024-06-25
4054,547,15729,debit,transfer,2024-05-18
4055,594,30792,debit,atm,2024-07-27
4056,389,5054,credit,atm,2024-01-19
4057,398,33612,debit,transfer,2024-03-10
4058,732,10819,credit,food,2024-04-25
4059,158,27749,credit,shopping,2024-11-04
4060,4,12502,debit,salary,2024-01-10
4061,167,37444,credit,transfer,2024-09-13
4062,468,9316,debit,atm,2024-09-13
4063,960,49231,debit,salary,2024-02-16
4064,409,31150,debit,transfer,2024-08-17
4065,412,30372,debit,transfer,2024-06-03
4066,204,5150,debit,food,2024-06-01
4067,194,46816,debit,food,2024-08-05
4068,235,2538,debit,shopping,2024-04-12
4069,718,43250,debit,shopping,2024-06-12
4070,150,47531,credit,salary,2024-02-22
4071,159,46937,debit,shopping,2024-12-27
4072,279,41687,debit,transfer,2024-01-04
4073,816,16860,debit,transfer,2024-02-18
4074,404,12178,debit,transfer,2024-04-21
4075,893,16573,credit,transfer,2024-07-15
4076,678,43915,credit,food,2024-06-18
4077,311,9357,debit,transfer,2024-04-27
4078,68,22550,debit,transfer,2024-03-15
4079,463,25734,credit,transfer,2024-11-16
4080,88,46673,credit,atm,2024-07-23
4081,217,28748,debit,salary,2024-03-24
4082,1,27276,credit,salary,2024-02-03
4083,135,49080,debit,transfer,2024-12-18
4084,697,10396,debit,transfer,2024-01-14
4085,351,22059,debit,salary,2024-11-27
4086,140,14670,credit,shopping,2024-07-21
4087,618,35523,credit,atm,2024-09-13
4088,133,14827,debit,atm,2024-08-25
4089,620,17999,debit,shopping,2024-09-20
4090,178,35885,debit,transfer,2024-05-07
4091,810,47010,debit,salary,2024-08-10
4092,358,40211,debit,atm,2024-03-07
4093,380,12439,debit,shopping,2024-05-29
4094,908,34441,debit,shopping,2024-05-13
4095,871,5697,debit,food,2024-12-09
4096,658,27212,debit,shopping,2024-07-31
4097,450,36794,debit,food,2024-02-06
4098,586,10344,debit,food,2024-04-30
4099,463,3896,debit,atm,2024-08-13
4100,990,41691,debit,transfer,2024-10-17
4101,108,10153,debit,transfer,2024-02-05
4102,122,28628,debit,shopping,2024-07-07
4103,17,18748,credit,salary,2024-09-03
4104,196,18531,debit,salary,2024-08-05
4105,327,635,debit,food,2024-09-13
4106,318,48569,debit,shopping,2024-06-24
4107,809,40752,debit,shopping,2024-07-29
4108,479,44593,debit,transfer,2024-08-05
4109,252,6981,credit,salary,2024-12-08
4110,503,45885,credit,atm,2024-12-12
4111,999,19581,credit,shopping,2024-11-18
4112,119,42335,debit,shopping,2024-03-17
4113,674,35941,debit,transfer,2024-01-03
4114,710,48831,credit,atm,2024-01-26
4115,498,1125,debit,atm,2024-01-03
4116,486,30969,credit,atm,2024-11-07
4117,45,34919,debit,atm,2024-10-10
4118,314,30292,credit,salary,2024-08-26
4119,179,3721,debit,food,2024-08-31
4120,894,30666,debit,atm,2024-01-30
4121,418,21047,debit,food,2024-12-08
4122,556,14505,debit,food,2024-01-05
4123,783,4503,credit,transfer,2024-12-07
4124,78,36191,debit,atm,2024-04-18
4125,326,22625,debit,salary,2024-11-12
4126,690,5117,credit,transfer,2024-09-13
4127,357,39303,debit,transfer,2024-03-04
4128,416,48360,debit,food,2024-08-06
4129,963,46038,credit,shopping,2024-05-21
4130,515,19829,credit,salary,2024-10-23
4131,214,28530,credit,atm,2024-09-10
4132,854,38684,credit,atm,2024-03-13
4133,74,37472,credit,salary,2024-06-29
4134,563,36292,credit,atm,2024-08-04
4135,579,14728,debit,shopping,2024-05-01
4136,509,44729,debit,shopping,2024-11-10
4137,332,12601,credit,atm,2024-08-11
4138,93,30231,debit,transfer,2024-08-27
4139,688,23666,debit,atm,2024-10-19
4140,657,23924,credit,atm,2024-08-31
4141,519,2912,credit,salary,2024-02-19
4142,269,32912,debit,shopping,2024-07-12
4143,376,27426,debit,transfer,2024-01-14
4144,834,49885,debit,salary,2024-10-07
4145,4,9502,debit,salary,2024-12-13
4146,138,26425,debit,transfer,2024-08-27
4147,231,41653,debit,transfer,2024-01-08
4148,600,26100,debit,salary,2024-07-04
4149,529,24359,debit,atm,2024-09-04
4150,52,47449,credit,transfer,2024-03-24
4151,646,2026,credit,food,2024-02-11
4152,723,956,debit,transfer,2024-09-25
4153,325,6088,debit,salary,2024-01-19
4154,992,8843,debit,food,2024-02-03
4155,970,4238,credit,salary,2024-12-22
4156,905,43948,debit,shopping,2024-06-22
4157,731,16182,credit,shopping,2024-08-03
4158,717,47738,credit,atm,2024-11-06
4159,723,33474,debit,transfer,2024-07-03
4160,277,8963,debit,salary,2024-07-18
4161,536,37890,credit,food,2024-04-06
4162,486,49268,debit,transfer,2024-05-12
4163,516,29907,debit,atm,2024-02-12
4164,152,22218,debit,salary,2024-04-13
4165,955,5249,debit,salary,2024-01-17
4166,483,38179,debit,shopping,2024-03-29
4167,259,2584,credit,atm,2024-06-22
4168,324,25291,debit,salary,2024-06-09
4169,869,47880,credit,shopping,2024-11-20
4170,168,48701,debit,shopping,2024-09-27
4171,688,43909,debit,food,2024-02-11
4172,310,20891,debit,atm,2024-07-09
4173,803,3907,credit,atm,2024-02-25
4174,479,26748,debit,salary,2024-06-19
4175,56,31190,credit,food,2024-03-22
4176,620,25200,debit,transfer,2024-10-16
4177,473,31049,credit,salary,2024-07-12
4178,296,36041,debit,shopping,2024-03-09
4179,461,17957,debit,transfer,2024-01-20
4180,324,47080,debit,transfer,2024-05-21
4181,814,27950,debit,salary,2024-07-22
4182,846,43067,debit,food,2024-11-19
4183,141,2512,debit,atm,2024-10-23
4184,667,48961,credit,food,2024-07-05
4185,262,3282,debit,salary,2024-02-19
4186,785,21048,debit,atm,2024-07-20
4187,420,33882,credit,transfer,2024-06-06
4188,744,17353,debit,shopping,2024-06-13
4189,241,39781,debit,food,2024-10-29
4190,355,35595,debit,atm,2024-05-05
4191,849,2952,credit,food,2024-08-05
4192,770,41945,debit,atm,2024-11-08
4193,761,19092,debit,shopping,2024-09-18
4194,589,1373,debit,salary,2024-04-18
4195,180,7749,debit,salary,2024-03-22
4196,66,29102,debit,atm,2024-12-02
4197,820,34823,debit,atm,2024-04-09
4198,348,8878,debit,salary,2024-04-16
4199,171,24876,debit,transfer,2024-12-10
4200,474,4649,debit,transfer,2024-04-24
4201,534,15963,debit,transfer,2024-11-28
4202,367,11909,debit,shopping,2024-10-14
4203,107,8402,debit,atm,2024-01-31
4204,439,8200,debit,food,2024-07-25
4205,835,3011,debit,food,2024-02-13
4206,227,12191,debit,atm,2024-01-27
4207,444,9199,debit,salary,2024-05-08
4208,442,5763,debit,atm,2024-05-29
4209,396,30004,credit,transfer,2024-11-20
4210,728,28391,credit,transfer,2024-10-06
4211,581,44749,debit,food,2024-05-03
4212,84,47236,debit,atm,2024-10-15
4213,615,49806,debit,food,2024-09-16
4214,551,41166,debit,salary,2024-03-04
4215,13,36204,credit,shopping,2024-07-25
4216,809,39237,debit,shopping,2024-11-11
4217,825,2634,debit,salary,2024-02-11
4218,693,2326,debit,transfer,2024-11-04
4219,493,9685,debit,transfer,2024-07-20
4220,268,27360,debit,transfer,2024-02-29
4221,525,27511,debit,food,2024-12-27
4222,120,33034,debit,food,2024-11-02
4223,970,11002,debit,shopping,2024-03-05
4224,353,36492,debit,transfer,2024-01-22
4225,57,18831,credit,transfer,2024-10-04
4226,40,17888,debit,salary,2024-01-24
4227,886,31226,debit,shopping,2024-01-30
4228,336,42585,debit,food,2024-02-09
4229,640,45469,credit,shopping,2024-03-21
4230,173,45971,debit,transfer,2024-05-17
4231,547,45898,debit,transfer,2024-10-15
4232,259,2874,debit,food,2024-03-12
4233,888,9117,credit,food,2024-09-17
4234,517,25800,credit,shopping,2024-08-30
4235,730,25244,debit,atm,2024-06-03
4236,523,30010,debit,transfer,2024-11-13
4237,894,43018,debit,transfer,2024-08-10
4238,839,36607,debit,atm,2024-01-20
4239,117,47779,credit,shopping,2024-04-28
4240,184,26785,credit,salary,2024-04-29
4241,906,24502,debit,salary,2024-10-25
4242,874,37332,credit,transfer,2024-03-07
4243,116,30163,debit,salary,2024-07-04
4244,162,24225,debit,shopping,2024-08-19
4245,579,45249,debit,salary,2024-03-04
4246,712,24120,debit,food,2024-12-23
4247,543,31803,debit,shopping,2024-10-28
4248,587,31869,debit,atm,2024-08-19
4249,237,13846,debit,transfer,2024-01-27
4250,839,4194,debit,shopping,2024-07-04
4251,66,3030,credit,salary,2024-05-31
4252,70,33631,credit,shopping,2024-01-23
4253,809,30855,debit,atm,2024-01-08
4254,447,30205,debit,shopping,2024-08-01
4255,416,11652,credit,atm,2024-05-23
4256,532,36318,debit,atm,2024-12-30
4257,441,19879,debit,shopping,2024-07-04
4258,738,29100,debit,transfer,2024-09-11
4259,946,20203,debit,transfer,2024-11-14
4260,464,14202,debit,salary,2024-06-02
4261,921,1961,debit,shopping,2024-11-22
4262,396,43674,credit,shopping,2024-04-21
4263,711,32782,debit,food,2024-10-07
4264,551,13383,debit,transfer,2024-01-24
4265,657,25697,debit,atm,2024-02-08
4266,557,49361,debit,food,2024-06-23
4267,395,12536,credit,shopping,2024-07-07
4268,326,28524,debit,food,2024-04-10
4269,893,8990,credit,transfer,2024-08-13
4270,919,48220,debit,shopping,2024-06-05
4271,91,38397,debit,transfer,2024-12-19
4272,750,48711,debit,food,2024-10-02
4273,70,8399,debit,salary,2024-09-17
4274,166,41448,debit,atm,2024-08-23
4275,642,41484,debit,atm,2024-07-08
4276,214,11257,credit,salary,2024-06-26
4277,852,29863,credit,salary,2024-10-02
4278,601,32787,debit,salary,2024-05-18
4279,335,10291,debit,transfer,2024-05-04
4280,764,11867,debit,shopping,2024-05-27
4281,369,18011,debit,salary,2024-09-18
4282,861,28729,debit,transfer,2024-06-21
4283,584,34894,debit,food,2024-10-08
4284,677,27044,debit,food,2024-05-30
4285,49,43826,debit,salary,2024-01-04
4286,52,34723,debit,food,2024-12-12
4287,289,47931,credit,salary,2024-06-10
4288,790,47783,debit,food,2024-03-31
4289,626,18081,debit,food,2024-09-20
4290,239,6058,debit,shopping,2024-05-05
4291,133,14805,debit,shopping,2024-04-25
4292,999,30736,credit,food,2024-12-20
4293,786,42976,debit,shopping,2024-01-28
4294,166,25252,credit,salary,2024-05-16
4295,374,38629,debit,atm,2024-06-10
4296,373,788,credit,salary,2024-07-05
4297,805,25465,debit,shopping,2024-02-02
4298,478,29763,credit,transfer,2024-11-07
4299,755,39174,debit,food,2024-11-12
4300,479,37940,debit,shopping,2024-10-19
4301,832,17839,debit,shopping,2024-01-13
4302,650,11009,credit,shopping,2024-10-22
4303,591,12813,credit,salary,2024-09-10
4304,682,12714,debit,food,2024-12-24
4305,635,42189,debit,atm,2024-11-06
4306,688,32661,debit,shopping,2024-01-14
4307,300,20834,debit,transfer,2024-09-20
4308,82,30809,credit,food,2024-06-08
4309,87,22985,debit,atm,2024-08-14
4310,225,6186,debit,transfer,2024-11-20
4311,16,12831,debit,atm,2024-06-26
4312,822,20692,credit,atm,2024-06-13
4313,358,13441,debit,food,2024-02-14
4314,163,39535,debit,salary,2024-11-17
4315,610,13076,credit,transfer,2024-06-02
4316,668,17474,debit,shopping,2024-10-12
4317,514,12433,credit,atm,2024-11-28
4318,350,5390,debit,transfer,2024-02-07
4319,909,45912,debit,food,2024-04-13
4320,681,46405,credit,transfer,2024-06-03
4321,464,48537,credit,shopping,2024-03-21
4322,827,23686,debit,shopping,2024-06-27
4323,837,16440,debit,food,2024-11-13
4324,375,48823,debit,transfer,2024-04-06
4325,92,35755,debit,salary,2024-01-30
4326,181,48662,credit,salary,2024-06-08
4327,743,14660,credit,atm,2024-01-07
4328,301,24097,credit,atm,2024-10-21
4329,660,1440,debit,transfer,2024-09-28
4330,792,44797,debit,atm,2024-07-21
4331,189,26113,debit,shopping,2024-11-04
4332,859,32962,debit,food,2024-03-18
4333,862,22382,debit,atm,2024-05-30
4334,314,45708,credit,salary,2024-07-05
4335,493,19176,debit,shopping,2024-12-16
4336,923,48624,debit,salary,2024-01-28
4337,922,40994,debit,atm,2024-12-09
4338,128,19765,debit,atm,2024-06-27
4339,519,11023,credit,shopping,2024-07-28
4340,426,39921,debit,salary,2024-07-14
4341,559,48040,credit,food,2024-09-11
4342,565,11035,debit,food,2024-08-02
4343,187,24141,debit,shopping,2024-07-19
4344,550,12567,credit,atm,2024-04-24
4345,453,11173,debit,shopping,2024-05-18
4346,471,7791,debit,salary,2024-10-17
4347,988,46638,debit,food,2024-05-18
4348,738,24590,debit,atm,2024-07-17
4349,565,15788,debit,salary,2024-01-17
4350,911,33069,debit,food,2024-02-24
4351,224,13929,debit,food,2024-03-22
4352,154,3186,debit,transfer,2024-01-26
4353,560,44173,debit,atm,2024-02-16
4354,351,2690,debit,shopping,2024-01-26
4355,147,39993,debit,transfer,2024-11-08
4356,905,7960,debit,food,2024-07-27
4357,576,38276,debit,atm,2024-04-29
4358,349,2048,debit,atm,2024-08-09
4359,182,36831,debit,transfer,2024-03-19
4360,637,33561,debit,salary,2024-10-08
4361,179,26395,debit,salary,2024-02-10
4362,39,38231,debit,shopping,2024-06-04
4363,772,44993,debit,atm,2024-01-01
4364,894,12024,credit,transfer,2024-09-12
4365,3,38755,debit,food,2024-02-03
4366,64,10951,credit,salary,2024-12-23
4367,29,7834,debit,transfer,2024-12-09
4368,372,42781,debit,shopping,2024-12-09
4369,523,49059,debit,shopping,2024-03-05
4370,97,5393,debit,atm,2024-09-11
4371,870,46713,debit,shopping,2024-03-14
4372,442,13920,debit,shopping,2024-01-04
4373,203,2391,debit,salary,2024-01-21
4374,411,47263,debit,salary,2024-11-15
4375,993,12491,debit,shopping,2024-06-02
4376,21,35566,debit,atm,2024-12-23
4377,551,44434,debit,salary,2024-08-31
4378,735,42070,credit,salary,2024-03-09
4379,102,46923,credit,shopping,2024-01-10
4380,46,30896,debit,atm,2024-04-08
4381,66,33909,debit,shopping,2024-02-01
4382,603,17691,debit,food,2024-03-13
4383,164,42740,debit,food,2024-08-20
4384,971,36489,credit,atm,2024-06-26
4385,111,3452,debit,food,2024-01-03
4386,338,18162,credit,atm,2024-04-13
4387,123,28272,credit,food,2024-02-04
4388,705,11037,debit,transfer,2024-04-24
4389,447,28221,debit,salary,2024-11-05
4390,611,14702,credit,shopping,2024-07-23
4391,291,41840,debit,atm,2024-12-07
4392,671,23236,debit,food,2024-04-21
4393,412,1045,debit,transfer,2024-07-17
4394,615,19912,debit,food,2024-09-06
4395,897,8073,debit,transfer,2024-12-05
4396,281,23652,debit,shopping,2024-04-10
4397,43,14218,debit,salary,2024-03-23
4398,486,11390,credit,salary,2024-08-09
4399,596,25223,debit,transfer,2024-12-19
4400,963,16483,debit,food,2024-10-17
4401,703,10466,debit,salary,2024-06-04
4402,51,1897,debit,food,2024-04-08
4403,898,26556,debit,atm,2024-09-09
4404,210,44116,credit,food,2024-08-13
4405,126,21527,debit,atm,2024-08-27
4406,492,2357,credit,atm,2024-04-22
4407,509,2297,credit,salary,2024-05-23
4408,960,8322,debit,atm,2024-08-30
4409,970,25287,debit,food,2024-12-02
4410,581,14252,debit,shopping,2024-12-09
4411,777,20881,debit,food,2024-03-09
4412,258,35780,debit,transfer,2024-07-22
4413,930,11104,debit,transfer,2024-01-12
4414,188,41742,credit,food,2024-04-02
4415,230,25615,debit,transfer,2024-02-27
4416,189,15516,credit,shopping,2024-10-21
4417,415,6252,debit,transfer,2024-09-18
4418,10,7272,credit,salary,2024-06-24
4419,114,3285,debit,shopping,2024-01-08
4420,76,25452,credit,salary,2024-03-10
4421,676,30843,debit,salary,2024-02-24
4422,502,31312,debit,shopping,2024-12-15
4423,85,26718,debit,salary,2024-03-01
4424,49,9261,credit,transfer,2024-09-10
4425,495,48633,debit,food,2024-12-04
4426,838,17567,credit,shopping,2024-12-15
4427,689,21689,debit,food,2024-10-30
4428,387,37730,debit,shopping,2024-11-17
4429,970,3170,debit,shopping,2024-04-16
4430,389,44808,debit,salary,2024-05-31
4431,218,8663,credit,food,2024-10-10
4432,701,25354,debit,transfer,2024-02-03
4433,981,47799,debit,food,2024-11-08
4434,346,16685,debit,shopping,2024-03-07
4435,230,30397,debit,transfer,2024-10-08
4436,255,49340,debit,salary,2024-07-09
4437,236,14872,debit,transfer,2024-05-29
4438,26,14555,debit,transfer,2024-04-16
4439,584,6399,debit,food,2024-07-24
4440,261,10288,credit,shopping,2024-02-06
4441,766,45554,debit,shopping,2024-05-10
4442,271,46879,debit,shopping,2024-12-11
4443,123,24863,debit,atm,2024-08-19
4444,656,32617,debit,salary,2024-03-04
4445,257,21655,debit,food,2024-12-29
4446,656,29423,debit,shopping,2024-08-05
4447,421,18038,credit,transfer,2024-04-13
4448,259,22083,debit,atm,2024-02-27
4449,948,12974,debit,salary,2024-12-07
4450,47,24905,debit,shopping,2024-02-21
4451,863,46309,debit,atm,2024-09-23
4452,525,32922,credit,salary,2024-09-21
4453,888,20850,debit,transfer,2024-11-21
4454,208,36899,credit,atm,2024-03-11
4455,311,42183,debit,food,2024-04-19
4456,747,28046,credit,salary,2024-05-25
4457,149,1652,debit,atm,2024-03-05
4458,834,30149,debit,atm,2024-03-19
4459,438,7895,debit,salary,2024-11-05
4460,155,5371,credit,atm,2024-11-22
4461,678,14765,credit,atm,2024-05-16
4462,90,215,debit,salary,2024-06-20
4463,698,36481,credit,transfer,2024-05-18
4464,830,29094,credit,food,2024-05-10
4465,358,27286,debit,salary,2024-07-23
4466,174,30367,debit,shopping,2024-09-17
4467,217,39240,debit,atm,2024-06-08
4468,907,48998,credit,food,2024-05-29
4469,456,25035,debit,food,2024-11-05
4470,776,31848,debit,salary,2024-04-16
4471,609,24703,credit,shopping,2024-01-26
4472,629,3937,debit,shopping,2024-03-07
4473,199,36401,credit,transfer,2024-06-30
4474,832,9710,debit,shopping,2024-05-06
4475,486,28715,credit,salary,2024-05-15
4476,533,11208,debit,food,2024-01-24
4477,200,38699,debit,food,2024-09-25
4478,371,22447,debit,shopping,2024-11-26
4479,959,34162,credit,atm,2024-08-17
4480,853,48531,debit,transfer,2024-04-18
4481,448,7650,debit,shopping,2024-07-06
4482,248,28305,debit,salary,2024-08-22
4483,788,18559,credit,transfer,2024-05-21
4484,264,46698,debit,shopping,2024-02-15
4485,58,45899,debit,transfer,2024-08-30
4486,302,23850,credit,atm,2024-09-17
4487,31,44737,credit,salary,2024-08-26
4488,498,27829,debit,shopping,2024-05-20
4489,249,38685,debit,food,2024-05-31
4490,605,18262,debit,salary,2024-01-29
4491,777,45735,credit,atm,2024-01-19
4492,271,44954,credit,atm,2024-03-21
4493,606,10790,credit,food,2024-06-24
4494,666,29204,credit,salary,2024-08-08
4495,394,16857,debit,shopping,2024-10-14
4496,797,14870,debit,food,2024-02-15
4497,502,47197,debit,shopping,2024-03-21
4498,592,10557,debit,transfer,2024-03-11
4499,804,42902,credit,shopping,2024-08-17
4500,84,18057,debit,transfer,2024-11-20
4501,365,29719,credit,shopping,2024-05-02
4502,886,20928,credit,transfer,2024-01-23
4503,549,17271,credit,salary,2024-04-07
4504,342,34413,debit,atm,2024-07-07
4505,839,46227,debit,salary,2024-05-11
4506,407,13246,debit,food,2024-05-09
4507,425,46366,debit,salary,2024-12-14
4508,744,46039,debit,salary,2024-07-04
4509,93,14302,debit,atm,2024-11-24
4510,848,37242,debit,salary,2024-01-28
4511,614,21931,credit,food,2024-06-09
4512,412,9949,credit,salary,2024-10-05
4513,432,20539,debit,salary,2024-03-24
4514,678,17090,credit,salary,2024-10-13
4515,159,13436,debit,salary,2024-02-17
4516,14,35444,credit,atm,2024-02-15
4517,373,23053,debit,atm,2024-02-14
4518,225,5151,credit,food,2024-08-05
4519,505,49574,credit,food,2024-04-04
4520,73,10168,debit,food,2024-11-02
4521,249,17067,debit,salary,2024-10-29
4522,511,21873,credit,shopping,2024-11-12
4523,603,43869,credit,salary,2024-06-26
4524,216,31114,credit,shopping,2024-02-04
4525,973,8947,debit,food,2024-02-25
4526,602,4981,debit,salary,2024-02-28
4527,541,41282,debit,food,2024-01-20
4528,947,7799,credit,atm,2024-06-24
4529,817,24280,credit,food,2024-03-26
4530,939,48913,debit,salary,2024-05-27
4531,988,37991,credit,atm,2024-03-02
4532,220,49079,debit,atm,2024-04-03
4533,840,3650,debit,shopping,2024-01-14
4534,727,22263,debit,transfer,2024-04-14
4535,221,43502,debit,atm,2024-06-26
4536,389,29775,debit,transfer,2024-07-27
4537,554,45045,debit,food,2024-03-09
4538,647,33034,debit,food,2024-03-03
4539,42,26692,credit,atm,2024-06-19
4540,676,41177,debit,shopping,2024-10-09
4541,873,23139,debit,food,2024-11-12
4542,283,42869,debit,transfer,2024-11-05
4543,58,23826,debit,atm,2024-07-05
4544,814,35074,credit,atm,2024-08-23
4545,834,34118,debit,shopping,2024-06-15
4546,537,4658,debit,atm,2024-07-30
4547,73,32274,debit,salary,2024-04-26
4548,885,30505,credit,transfer,2024-08-20
4549,923,42731,debit,salary,2024-06-11
4550,129,2251,debit,salary,2024-03-21
4551,599,37945,credit,transfer,2024-09-21
4552,842,15652,debit,atm,2024-12-28
4553,426,35165,debit,atm,2024-05-02
4554,948,42096,debit,salary,2024-02-29
4555,665,2714,credit,transfer,2024-03-02
4556,694,34747,credit,food,2024-09-11
4557,125,720,debit,transfer,2024-04-15
4558,67,23182,debit,salary,2024-11-19
4559,6,21991,debit,transfer,2024-05-23
4560,637,41130,credit,transfer,2024-08-23
4561,314,32414,debit,food,2024-12-17
4562,326,23600,debit,shopping,2024-02-01
4563,565,34793,debit,shopping,2024-12-23
4564,578,28118,credit,food,2024-09-03
4565,826,19667,debit,transfer,2024-08-19
4566,506,26078,debit,salary,2024-02-07
4567,82,10653,debit,food,2024-06-15
4568,599,9730,credit,shopping,2024-04-14
4569,2,12103,credit,shopping,2024-01-16
4570,204,41544,debit,food,2024-02-23
4571,662,20748,debit,transfer,2024-09-10
4572,805,31707,debit,atm,2024-08-24
4573,404,37766,debit,salary,2024-01-18
4574,103,24921,debit,atm,2024-09-16
4575,536,14701,debit,salary,2024-02-06
4576,368,46004,credit,atm,2024-10-22
4577,212,47446,debit,atm,2024-03-03
4578,577,6221,credit,salary,2024-03-08
4579,961,38657,credit,salary,2024-06-24
4580,209,16410,debit,shopping,2024-01-19
4581,763,22198,debit,transfer,2024-03-26
4582,897,46002,credit,transfer,2024-08-22
4583,117,23631,credit,shopping,2024-11-04
4584,628,39353,debit,atm,2024-05-25
4585,749,10080,debit,salary,2024-10-21
4586,478,36493,credit,food,2024-04-01
4587,105,44380,debit,atm,2024-11-24
4588,495,9051,debit,transfer,2024-12-02
4589,771,8217,credit,salary,2024-09-27
4590,46,26079,credit,shopping,2024-03-13
4591,823,9089,debit,atm,2024-12-24
4592,331,17015,debit,food,2024-10-01
4593,216,29635,debit,atm,2024-03-15
4594,982,32224,debit,shopping,2024-03-25
4595,960,44476,credit,food,2024-07-09
4596,492,33466,debit,atm,2024-12-03
4597,813,7528,credit,shopping,2024-10-08
4598,922,24981,debit,atm,2024-06-25
4599,845,5004,debit,salary,2024-09-02
4600,449,35777,debit,atm,2024-09-16
4601,536,46419,debit,shopping,2024-05-24
4602,511,49930,credit,transfer,2024-09-03
4603,458,9022,credit,shopping,2024-05-08
4604,547,31260,debit,atm,2024-03-17
4605,536,2125,credit,salary,2024-07-20
4606,540,13320,debit,transfer,2024-03-21
4607,484,46058,debit,shopping,2024-04-28
4608,976,2866,debit,transfer,2024-07-31
4609,1000,18582,debit,salary,2024-04-16
4610,16,33259,debit,food,2024-05-16
4611,571,11035,debit,transfer,2024-04-04
4612,977,3884,debit,shopping,2024-04-08
4613,243,23150,debit,salary,2024-06-25
4614,950,20321,debit,shopping,2024-02-17
4615,207,29279,debit,salary,2024-06-24
4616,912,18169,debit,shopping,2024-02-14
4617,271,35782,credit,salary,2024-09-14
4618,761,26094,debit,atm,2024-11-09
4619,994,46111,debit,shopping,2024-06-14
4620,779,28867,debit,salary,2024-01-03
4621,705,12382,credit,food,2024-08-05
4622,847,20210,credit,salary,2024-07-05
4623,730,45833,debit,food,2024-04-06
4624,115,31332,debit,transfer,2024-07-09
4625,580,44373,debit,salary,2024-12-15
4626,299,5051,credit,transfer,2024-02-12
4627,837,7755,debit,transfer,2024-09-16
4628,483,29561,debit,atm,2024-06-19
4629,397,4710,credit,salary,2024-08-24
4630,394,31717,credit,atm,2024-07-07
4631,75,17568,debit,atm,2024-12-07
4632,978,7683,debit,transfer,2024-10-31
4633,482,25683,debit,shopping,2024-01-20
4634,103,17801,debit,transfer,2024-12-06
4635,297,6980,debit,transfer,2024-06-21
4636,178,35217,credit,food,2024-05-24
4637,215,23821,debit,shopping,2024-03-06
4638,967,40076,debit,transfer,2024-08-13
4639,315,26954,debit,shopping,2024-10-07
4640,39,46588,debit,food,2024-05-06
4641,259,6981,debit,shopping,2024-05-09
4642,716,3822,debit,salary,2024-09-10
4643,7,20177,credit,food,2024-03-13
4644,49,15432,debit,shopping,2024-05-27
4645,538,40092,debit,atm,2024-03-19
4646,161,13329,credit,shopping,2024-10-08
4647,869,7902,credit,food,2024-11-15
4648,176,22201,debit,atm,2024-04-18
4649,591,11539,debit,shopping,2024-05-03
4650,2,36002,credit,shopping,2024-03-25
4651,895,2698,debit,food,2024-04-07
4652,455,26861,debit,atm,2024-05-31
4653,928,4152,credit,atm,2024-03-21
4654,644,12841,debit,shopping,2024-12-24
4655,276,3924,debit,salary,2024-01-17
4656,498,36388,debit,food,2024-04-10
4657,629,1349,debit,food,2024-03-10
4658,676,23070,debit,transfer,2024-11-15
4659,800,15665,debit,atm,2024-12-27
4660,28,18558,credit,atm,2024-12-22
4661,333,45865,debit,transfer,2024-08-25
4662,1,2114,debit,shopping,2024-02-26
4663,188,5044,debit,shopping,2024-05-09
4664,56,33816,credit,food,2024-04-14
4665,547,49358,debit,shopping,2024-03-22
4666,112,43551,debit,salary,2024-02-19
4667,798,14112,debit,salary,2024-10-23
4668,310,37560,debit,salary,2024-12-11
4669,36,3340,debit,transfer,2024-11-27
4670,439,42630,credit,salary,2024-05-24
4671,729,13831,credit,transfer,2024-07-24
4672,592,18118,debit,food,2024-03-30
4673,826,42998,debit,food,2024-06-18
4674,595,18016,credit,salary,2024-08-25
4675,577,40476,debit,transfer,2024-06-14
4676,325,27704,credit,salary,2024-05-21
4677,640,45277,debit,shopping,2024-07-05
4678,307,20130,debit,transfer,2024-06-03
4679,534,11689,credit,transfer,2024-09-20
4680,728,22083,debit,transfer,2024-03-27
4681,619,12537,debit,transfer,2024-08-20
4682,109,27718,debit,shopping,2024-11-04
4683,372,9805,credit,salary,2024-07-21
4684,357,22780,debit,food,2024-05-12
4685,181,15476,credit,atm,2024-05-12
4686,356,25520,debit,atm,2024-12-03
4687,676,44479,credit,transfer,2024-10-30
4688,68,40458,credit,transfer,2024-09-03
4689,292,39433,debit,food,2024-09-06
4690,692,1935,credit,atm,2024-08-30
4691,181,21383,debit,transfer,2024-10-06
4692,466,49606,credit,shopping,2024-07-19
4693,434,42665,debit,atm,2024-07-24
4694,464,36063,debit,shopping,2024-10-24
4695,681,46736,debit,food,2024-05-16
4696,914,9279,debit,food,2024-07-15
4697,534,29004,credit,atm,2024-03-31
4698,66,41213,credit,salary,2024-08-07
4699,21,33774,debit,atm,2024-05-16
4700,612,12055,debit,shopping,2024-11-28
4701,384,48636,debit,salary,2024-03-01
4702,812,7298,credit,shopping,2024-12-04
4703,615,1720,credit,shopping,2024-03-12
4704,559,44688,debit,shopping,2024-11-06
4705,39,11866,credit,transfer,2024-12-29
4706,285,31190,debit,salary,2024-10-07
4707,822,41391,debit,transfer,2024-05-06
4708,602,4438,debit,transfer,2024-07-17
4709,597,48779,debit,shopping,2024-11-07
4710,785,49681,debit,food,2024-10-09
4711,336,5401,debit,atm,2024-08-30
4712,188,15244,credit,food,2024-05-30
4713,671,13884,debit,shopping,2024-02-09
4714,243,2523,debit,atm,2024-02-27
4715,73,8372,debit,atm,2024-02-05
4716,479,1673,debit,shopping,2024-09-09
4717,974,24519,debit,transfer,2024-07-20
4718,561,16903,debit,atm,2024-08-26
4719,101,33334,debit,atm,2024-06-16
4720,514,48655,debit,atm,2024-04-20
4721,756,5276,credit,atm,2024-07-31
4722,176,36261,debit,salary,2024-06-15
4723,238,42625,credit,transfer,2024-10-22
4724,910,15264,debit,salary,2024-10-11
4725,59,12322,credit,salary,2024-10-27
4726,865,25479,debit,shopping,2024-12-30
4727,99,25753,credit,transfer,2024-03-31
4728,954,18116,debit,food,2024-02-03
4729,871,18468,debit,transfer,2024-03-30
4730,954,23605,credit,food,2024-01-15
4731,495,32871,credit,atm,2024-03-10
4732,947,40345,credit,food,2024-08-04
4733,980,38866,debit,food,2024-12-03
4734,514,33470,credit,food,2024-03-11
4735,755,7356,debit,atm,2024-05-09
4736,297,43427,debit,atm,2024-12-19
4737,211,46554,credit,salary,2024-05-08
4738,123,28351,debit,food,2024-04-30
4739,229,46841,credit,transfer,2024-06-30
4740,594,32077,debit,shopping,2024-05-04
4741,656,32764,credit,salary,2024-04-19
4742,388,6814,debit,food,2024-08-21
4743,140,41244,debit,salary,2024-06-12
4744,541,11801,debit,food,2024-01-28
4745,391,14991,credit,food,2024-08-02
4746,270,36119,credit,salary,2024-04-12
4747,759,27616,debit,food,2024-06-13
4748,12,41012,credit,food,2024-02-28
4749,867,49306,debit,shopping,2024-02-13
4750,389,10016,credit,transfer,2024-05-19
4751,337,3010,credit,atm,2024-02-01
4752,506,18354,debit,shopping,2024-09-05
4753,106,44350,debit,atm,2024-10-20
4754,32,36216,debit,atm,2024-01-31
4755,74,18085,debit,transfer,2024-01-18
4756,171,22251,credit,shopping,2024-06-05
4757,849,5930,debit,food,2024-08-13
4758,69,44397,debit,transfer,2024-11-02
4759,813,40988,credit,food,2024-03-31
4760,362,18574,debit,food,2024-11-14
4761,649,5580,debit,food,2024-09-03
4762,433,9543,debit,food,2024-12-02
4763,929,39238,debit,shopping,2024-01-20
4764,996,33038,debit,atm,2024-06-07
4765,100,2909,credit,atm,2024-01-31
4766,658,39861,debit,shopping,2024-07-04
4767,9,27030,debit,atm,2024-12-06
4768,574,23195,debit,transfer,2024-08-11
4769,697,12046,debit,food,2024-09-24
4770,29,4091,debit,food,2024-02-12
4771,893,23619,debit,food,2024-02-18
4772,114,26757,debit,salary,2024-12-28
4773,462,926,credit,transfer,2024-10-22
4774,921,42725,debit,salary,2024-07-16
4775,143,16613,debit,shopping,2024-07-09
4776,390,17901,debit,salary,2024-08-17
4777,632,29946,debit,atm,2024-01-15
4778,682,39666,credit,atm,2024-12-11
4779,157,23257,credit,transfer,2024-09-24
4780,335,28463,debit,salary,2024-08-20
4781,861,5236,debit,salary,2024-08-26
4782,260,17521,debit,food,2024-06-02
4783,82,12591,credit,transfer,2024-12-14
4784,754,7646,debit,food,2024-03-17
4785,441,6003,debit,transfer,2024-08-20
4786,945,46723,debit,transfer,2024-06-19
4787,172,16506,debit,salary,2024-01-22
4788,231,15049,credit,food,2024-08-22
4789,720,9925,credit,shopping,2024-09-29
4790,75,6387,debit,food,2024-01-25
4791,270,45061,credit,shopping,2024-09-01
4792,899,34273,credit,atm,2024-11-21
4793,626,42538,credit,transfer,2024-09-02
4794,62,17678,credit,food,2024-02-06
4795,874,41635,credit,transfer,2024-11-08
4796,320,8023,debit,food,2024-12-20
4797,102,34474,credit,atm,2024-11-21
4798,429,41511,debit,food,2024-10-04
4799,874,8416,debit,atm,2024-07-27
4800,722,44514,debit,transfer,2024-01-04
4801,954,10656,credit,salary,2024-02-27
4802,255,10158,debit,shopping,2024-06-20
4803,532,39118,credit,transfer,2024-11-25
4804,570,34551,debit,salary,2024-09-29
4805,112,25582,debit,transfer,2024-08-17
4806,985,44594,debit,transfer,2024-05-25
4807,313,25105,debit,food,2024-10-01
4808,998,19235,debit,atm,2024-12-07
4809,461,23988,debit,atm,2024-11-12
4810,708,32581,debit,food,2024-02-26
4811,887,28501,credit,food,2024-11-30
4812,462,40531,debit,transfer,2024-10-26
4813,865,25037,debit,atm,2024-05-26
4814,92,45951,debit,transfer,2024-02-06
4815,52,13246,debit,salary,2024-02-27
4816,805,30201,credit,salary,2024-09-24
4817,520,11353,debit,food,2024-02-01
4818,812,48604,debit,atm,2024-03-29
4819,98,3323,debit,salary,2024-08-09
4820,236,5541,credit,atm,2024-02-20
4821,901,42690,debit,atm,2024-10-23
4822,374,40249,debit,shopping,2024-07-11
4823,581,12963,debit,salary,2024-12-18
4824,927,38052,credit,salary,2024-03-01
4825,557,29664,credit,transfer,2024-10-17
4826,649,16753,debit,transfer,2024-03-25
4827,234,24188,debit,atm,2024-10-04
4828,32,22599,debit,food,2024-02-09
4829,289,42183,debit,transfer,2024-02-23
4830,638,23782,debit,transfer,2024-06-13
4831,579,32232,debit,atm,2024-09-03
4832,542,4633,debit,salary,2024-10-11
4833,114,17526,credit,transfer,2024-12-03
4834,204,14660,debit,food,2024-01-12
4835,29,34509,credit,atm,2024-02-09
4836,643,16025,debit,salary,2024-01-30
4837,474,23087,credit,shopping,2024-11-15
4838,697,10733,credit,food,2024-10-23
4839,253,36165,debit,salary,2024-11-30
4840,798,30225,debit,atm,2024-08-14
4841,905,4096,credit,shopping,2024-10-29
4842,922,114,credit,food,2024-08-07
4843,386,14995,credit,transfer,2024-09-16
4844,62,1774,debit,transfer,2024-04-03
4845,515,37967,debit,food,2024-11-08
4846,430,20101,debit,transfer,2024-08-29
4847,580,17964,debit,atm,2024-08-06
4848,537,26421,credit,food,2024-01-16
4849,691,24182,credit,food,2024-12-17
4850,141,40231,debit,transfer,2024-11-06
4851,743,6057,debit,food,2024-05-26
4852,300,4310,debit,shopping,2024-05-25
4853,675,48644,debit,food,2024-08-05
4854,311,18169,credit,transfer,2024-05-30
4855,471,34951,debit,transfer,2024-01-11
4856,393,26965,debit,transfer,2024-12-06
4857,642,18170,debit,transfer,2024-10-27
4858,445,4258,debit,atm,2024-02-08
4859,758,49439,debit,transfer,2024-03-19
4860,809,35650,debit,shopping,2024-05-31
4861,172,20672,debit,food,2024-10-18
4862,576,4200,debit,salary,2024-12-18
4863,31,44569,debit,salary,2024-12-29
4864,47,15625,debit,atm,2024-01-04
4865,130,18556,credit,salary,2024-07-11
4866,352,197,credit,transfer,2024-04-11
4867,978,9583,credit,salary,2024-07-02
4868,845,36332,debit,shopping,2024-03-25
4869,622,1887,debit,transfer,2024-06-01
4870,581,40631,debit,salary,2024-09-06
4871,58,21888,debit,transfer,2024-02-19
4872,106,33551,credit,atm,2024-12-13
4873,812,16192,credit,shopping,2024-02-21
4874,330,1232,debit,food,2024-09-18
4875,768,12414,debit,transfer,2024-10-28
4876,824,38745,debit,shopping,2024-07-16
4877,683,22682,credit,atm,2024-08-01
4878,383,27880,credit,atm,2024-09-27
4879,985,32336,credit,shopping,2024-04-27
4880,162,13168,debit,salary,2024-10-15
4881,997,47501,debit,shopping,2024-12-02
4882,286,48626,debit,salary,2024-10-13
4883,71,11157,debit,salary,2024-02-03
4884,767,33722,debit,shopping,2024-02-01
4885,454,38606,credit,atm,2024-01-23
4886,886,2126,debit,food,2024-04-11
4887,567,26663,debit,food,2024-03-09
4888,835,38233,debit,shopping,2024-02-09
4889,397,2650,debit,transfer,2024-01-31
4890,515,31022,credit,shopping,2024-12-24
4891,26,7189,debit,food,2024-10-24
4892,313,16723,credit,shopping,2024-09-26
4893,126,49741,debit,atm,2024-11-26
4894,408,12143,credit,food,2024-07-06
4895,565,1136,debit,food,2024-04-24
4896,198,22616,debit,food,2024-08-12
4897,811,21264,debit,atm,2024-03-30
4898,188,6222,debit,food,2024-01-02
4899,698,47446,credit,transfer,2024-02-04
4900,817,31886,debit,food,2024-01-27
4901,810,48557,debit,shopping,2024-05-12
4902,716,16250,credit,transfer,2024-03-15
4903,484,22194,debit,salary,2024-08-18
4904,450,11792,credit,food,2024-04-01
4905,523,12154,credit,salary,2024-12-11
4906,871,1867,debit,salary,2024-12-09
4907,354,4808,debit,atm,2024-07-14
4908,986,41221,credit,shopping,2024-07-28
4909,658,29392,debit,shopping,2024-04-28
4910,597,28182,debit,salary,2024-12-02
4911,100,34124,debit,atm,2024-06-20
4912,616,26834,debit,transfer,2024-01-16
4913,948,43011,credit,food,2024-04-26
4914,558,23561,debit,transfer,2024-10-24
4915,556,5451,debit,food,2024-07-08
4916,278,47131,debit,salary,2024-04-16
4917,693,33617,debit,atm,2024-06-04
4918,699,17192,debit,atm,2024-10-23
4919,990,39284,debit,shopping,2024-01-16
4920,626,39818,credit,shopping,2024-11-05
4921,491,45196,debit,transfer,2024-01-29
4922,255,25141,debit,shopping,2024-07-18
4923,381,25776,debit,food,2024-07-12
4924,892,34581,credit,atm,2024-08-25
4925,542,12877,debit,atm,2024-05-31
4926,264,24420,debit,salary,2024-10-23
4927,610,8408,debit,salary,2024-03-03
4928,825,43541,debit,transfer,2024-11-07
4929,879,48246,debit,salary,2024-09-26
4930,329,15429,credit,food,2024-05-05
4931,115,13982,credit,shopping,2024-06-20
4932,276,49447,debit,shopping,2024-06-19
4933,488,4814,credit,transfer,2024-05-08
4934,281,26150,debit,shopping,2024-12-18
4935,275,43532,debit,atm,2024-05-07
4936,773,15853,debit,shopping,2024-05-18
4937,843,30079,debit,salary,2024-05-27
4938,719,45189,debit,atm,2024-09-05
4939,896,14730,credit,salary,2024-03-19
4940,328,17758,credit,salary,2024-08-07
4941,211,3809,debit,transfer,2024-03-27
4942,727,33206,debit,transfer,2024-11-24
4943,923,39629,debit,atm,2024-04-26
4944,552,37143,debit,shopping,2024-05-24
4945,992,11591,debit,food,2024-04-15
4946,26,39630,credit,shopping,2024-03-19
4947,27,8934,credit,atm,2024-08-23
4948,702,14458,debit,food,2024-06-22
4949,83,9972,credit,salary,2024-04-15
4950,896,21757,debit,salary,2024-11-03
4951,946,24927,credit,food,2024-04-06
4952,682,8273,debit,salary,2024-12-01
4953,413,16785,debit,shopping,2024-02-05
4954,167,11433,debit,transfer,2024-04-10
4955,700,11456,credit,shopping,2024-12-26
4956,169,40684,debit,salary,2024-02-18
4957,801,45017,debit,transfer,2024-08-03
4958,979,11444,debit,shopping,2024-03-29
4959,229,49055,debit,salary,2024-11-20
4960,979,44719,debit,shopping,2024-12-20
4961,609,40098,credit,salary,2024-11-21
4962,367,41671,debit,atm,2024-01-09
4963,528,15895,credit,food,2024-03-31
4964,791,29843,debit,salary,2024-07-11
4965,647,2043,debit,shopping,2024-10-12
4966,538,24749,debit,salary,2024-05-22
4967,864,46883,debit,salary,2024-07-30
4968,524,21121,debit,shopping,2024-10-16
4969,72,8448,debit,shopping,2024-04-29
4970,645,11850,credit,transfer,2024-03-01
4971,106,5485,credit,salary,2024-10-20
4972,732,16739,debit,atm,2024-12-05
4973,885,19594,credit,food,2024-11-02
4974,965,42111,debit,salary,2024-07-04
4975,689,49141,debit,shopping,2024-04-01
4976,282,37900,credit,transfer,2024-08-18
4977,133,39129,debit,salary,2024-01-25
4978,534,18740,debit,atm,2024-05-18
4979,975,35502,credit,shopping,2024-09-20
4980,269,1991,debit,atm,2024-10-16
4981,412,28359,debit,atm,2024-10-09
4982,673,29087,debit,food,2024-12-29
4983,619,10783,credit,food,2024-05-29
4984,791,10067,debit,salary,2024-07-08
4985,865,12228,debit,food,2024-03-12
4986,747,40294,debit,salary,2024-12-18
4987,18,34838,debit,salary,2024-02-08
4988,754,28395,debit,shopping,2024-03-13
4989,117,20437,debit,shopping,2024-01-22
4990,798,22302,credit,transfer,2024-07-19
4991,794,6871,debit,food,2024-01-31
4992,144,43552,credit,transfer,2024-10-16
4993,717,12957,debit,atm,2024-11-19
4994,551,31401,credit,salary,2024-03-18
4995,929,31560,debit,salary,2024-09-20
4996,666,21487,debit,shopping,2024-12-26
4997,688,49900,debit,atm,2024-08-01
4998,961,9932,debit,salary,2024-02-23
4999,753,47508,credit,salary,2024-03-10
5000,422,12726,credit,atm,2024-04-06
5001,898,18585,debit,atm,2024-01-18
5002,369,13523,debit,salary,2024-05-15
5003,646,31503,debit,atm,2024-05-14
5004,558,30723,debit,food,2024-12-17
5005,50,16902,debit,atm,2024-02-05
5006,678,16433,credit,transfer,2024-11-13
5007,106,35220,credit,transfer,2024-02-20
5008,216,28185,debit,salary,2024-10-13
5009,658,22259,credit,salary,2024-05-17
5010,923,24760,debit,shopping,2024-03-24
5011,425,34619,debit,atm,2024-08-30
5012,72,28897,debit,transfer,2024-10-17
5013,988,19141,debit,shopping,2024-08-09
5014,842,45035,debit,salary,2024-01-31
5015,785,22607,debit,food,2024-12-18
5016,759,5624,debit,atm,2024-04-29
5017,446,18835,debit,shopping,2024-12-25
5018,925,27775,debit,food,2024-08-28
5019,186,48051,debit,salary,2024-03-08
5020,70,17773,credit,transfer,2024-09-29
5021,974,44183,credit,shopping,2024-04-05
5022,150,35570,credit,shopping,2024-08-12
5023,246,41703,debit,salary,2024-02-06
5024,774,19389,debit,salary,2024-08-10
5025,538,31330,debit,transfer,2024-12-11
5026,935,14642,credit,transfer,2024-08-10
5027,652,45127,debit,transfer,2024-10-10
5028,99,35790,debit,food,2024-09-10
5029,910,6754,debit,food,2024-06-14
5030,278,2121,debit,salary,2024-08-23
5031,563,46823,debit,shopping,2024-04-29
5032,663,20108,credit,food,2024-05-17
5033,944,22828,debit,salary,2024-11-23
5034,455,24262,credit,food,2024-08-15
5035,104,27546,debit,transfer,2024-03-23
5036,946,30079,credit,salary,2024-01-28
5037,601,48584,debit,transfer,2024-07-15
5038,653,44178,debit,atm,2024-03-28
5039,725,49388,debit,shopping,2024-05-01
5040,233,4325,debit,transfer,2024-12-05
5041,394,9309,debit,shopping,2024-01-02
5042,501,44760,debit,salary,2024-11-08
5043,695,15823,debit,atm,2024-08-22
5044,251,45587,debit,shopping,2024-09-22
5045,521,3240,debit,food,2024-03-22
5046,79,11821,debit,salary,2024-12-19
5047,52,2687,credit,atm,2024-07-20
5048,898,43442,credit,food,2024-12-23
5049,921,39537,debit,food,2024-10-14
5050,781,19089,debit,atm,2024-06-29
5051,226,32826,debit,transfer,2024-01-03
5052,51,5104,debit,atm,2024-02-17
5053,186,14401,credit,atm,2024-05-15
5054,34,32779,credit,atm,2024-09-21
5055,803,28203,credit,shopping,2024-07-21
5056,742,41268,credit,transfer,2024-09-28
5057,131,7604,debit,salary,2024-12-09
5058,632,36678,debit,food,2024-10-13
5059,443,6180,credit,shopping,2024-05-12
5060,838,7508,debit,transfer,2024-04-06
5061,759,4253,credit,atm,2024-04-03
5062,432,11155,credit,shopping,2024-04-03
5063,704,19860,debit,shopping,2024-07-25
5064,497,17852,credit,food,2024-10-21
5065,403,24293,debit,salary,2024-01-16
5066,323,3900,debit,transfer,2024-07-29
5067,210,1137,credit,transfer,2024-02-16
5068,615,30154,debit,transfer,2024-04-08
5069,329,26966,credit,atm,2024-01-20
5070,372,1092,credit,atm,2024-01-21
5071,460,23796,debit,shopping,2024-06-29
5072,133,37378,credit,salary,2024-11-30
5073,835,33261,credit,food,2024-06-30
5074,651,8105,debit,food,2024-02-18
5075,121,29500,debit,salary,2024-09-28
5076,606,16841,debit,transfer,2024-01-23
5077,452,17665,debit,salary,2024-04-17
5078,965,39685,debit,food,2024-11-19
5079,129,34933,debit,atm,2024-04-02
5080,91,12194,credit,salary,2024-06-13
5081,604,31380,credit,shopping,2024-01-24
5082,575,46747,debit,atm,2024-11-12
5083,29,44478,debit,shopping,2024-09-20
5084,722,19613,credit,shopping,2024-08-23
5085,524,254,debit,salary,2024-04-16
5086,333,30362,credit,shopping,2024-01-29
5087,297,28234,credit,transfer,2024-04-24
5088,130,42614,credit,salary,2024-04-17
5089,293,8778,debit,food,2024-03-13
5090,173,6394,debit,transfer,2024-05-29
5091,720,9674,debit,atm,2024-09-22
5092,944,35283,debit,salary,2024-03-24
5093,24,48847,credit,food,2024-11-02
5094,99,1170,debit,food,2024-03-31
5095,406,18738,debit,salary,2024-04-11
5096,356,47653,credit,transfer,2024-09-22
5097,139,26182,debit,food,2024-03-23
5098,503,16406,debit,salary,2024-08-09
5099,826,42935,credit,salary,2024-07-26
5100,174,7907,debit,shopping,2024-10-22
5101,29,23324,debit,salary,2024-09-02
5102,931,32243,debit,food,2024-09-17
5103,496,24866,debit,shopping,2024-10-25
5104,655,24815,debit,food,2024-07-13
5105,828,7498,debit,transfer,2024-05-31
5106,351,12302,debit,transfer,2024-12-11
5107,554,28087,debit,food,2024-06-07
5108,299,35840,debit,atm,2024-11-10
5109,720,11412,debit,atm,2024-04-27
5110,842,20454,debit,atm,2024-04-25
5111,945,13727,debit,food,2024-07-13
5112,192,34213,debit,salary,2024-05-08
5113,672,28858,debit,shopping,2024-07-21
5114,64,40509,credit,salary,2024-11-20
5115,755,28586,debit,food,2024-07-17
5116,770,15199,credit,salary,2024-09-11
5117,664,46253,debit,transfer,2024-03-17
5118,215,41512,debit,shopping,2024-06-07
5119,834,1711,credit,food,2024-02-21
5120,166,31757,credit,shopping,2024-06-26
5121,543,18562,credit,atm,2024-09-25
5122,883,10873,credit,atm,2024-04-22
5123,232,23863,credit,transfer,2024-08-23
5124,794,38647,debit,food,2024-06-14
5125,541,42318,debit,atm,2024-02-08
5126,195,29163,debit,shopping,2024-12-18
5127,506,40018,debit,shopping,2024-10-24
5128,334,16837,debit,transfer,2024-04-08
5129,768,45460,debit,atm,2024-06-15
5130,793,13961,credit,salary,2024-02-11
5131,304,42623,debit,atm,2024-12-27
5132,833,30384,debit,transfer,2024-11-24
5133,437,22528,debit,atm,2024-04-14
5134,323,811,credit,food,2024-09-03
5135,502,13806,credit,transfer,2024-12-12
5136,858,28178,debit,salary,2024-10-24
5137,914,11024,debit,shopping,2024-07-14
5138,393,45941,credit,atm,2024-06-01
5139,806,16021,debit,shopping,2024-09-28
5140,599,25532,debit,transfer,2024-07-03
5141,149,17913,debit,shopping,2024-07-21
5142,761,39312,debit,food,2024-09-21
5143,833,43552,debit,transfer,2024-06-11
5144,405,3520,debit,transfer,2024-10-09
5145,283,2168,debit,atm,2024-05-02
5146,362,40027,debit,transfer,2024-08-24
5147,379,4906,debit,food,2024-04-01
5148,198,39712,credit,atm,2024-03-01
5149,556,30639,debit,food,2024-07-15
5150,356,11783,debit,salary,2024-04-01
5151,540,19715,debit,atm,2024-08-21
5152,429,35774,debit,transfer,2024-01-19
5153,17,20675,debit,transfer,2024-11-15
5154,639,19907,debit,transfer,2024-10-02
5155,379,20541,credit,salary,2024-11-09
5156,680,21678,debit,food,2024-08-17
5157,506,11217,credit,transfer,2024-11-10
5158,756,3765,debit,shopping,2024-04-27
5159,899,44490,credit,transfer,2024-08-24
5160,76,9448,credit,atm,2024-06-27
5161,231,48366,debit,atm,2024-10-17
5162,716,28883,debit,shopping,2024-12-26
5163,962,7982,debit,salary,2024-05-17
5164,248,5389,debit,atm,2024-04-21
5165,302,14010,credit,salary,2024-08-29
5166,726,40666,credit,salary,2024-10-18
5167,215,32083,debit,shopping,2024-09-04
5168,158,36276,debit,atm,2024-02-23
5169,69,17645,credit,transfer,2024-01-16
5170,393,30389,debit,salary,2024-02-19
5171,85,46827,debit,salary,2024-10-08
5172,267,4190,debit,atm,2024-10-13
5173,69,43901,credit,atm,2024-07-07
5174,611,15462,credit,shopping,2024-01-01
5175,347,22174,debit,food,2024-06-18
5176,962,30935,debit,food,2024-06-25
5177,728,13883,debit,food,2024-08-06
5178,927,44262,debit,salary,2024-05-26
5179,673,35849,credit,shopping,2024-07-26
5180,423,40933,debit,food,2024-09-12
5181,606,3654,debit,atm,2024-11-08
5182,174,45447,debit,salary,2024-12-23
5183,677,18873,debit,salary,2024-05-15
5184,115,8258,credit,atm,2024-07-08
5185,220,1114,debit,shopping,2024-12-01
5186,956,46395,debit,shopping,2024-01-09
5187,31,30431,credit,food,2024-09-19
5188,523,45740,debit,atm,2024-06-16
5189,343,47069,debit,transfer,2024-07-07
5190,377,43086,debit,shopping,2024-01-23
5191,130,36581,debit,food,2024-10-23
5192,1000,7685,credit,salary,2024-11-23
5193,617,4222,debit,shopping,2024-05-30
5194,539,42760,debit,transfer,2024-08-27
5195,739,16938,credit,salary,2024-01-11
5196,2,17401,debit,salary,2024-01-01
5197,871,23207,credit,atm,2024-06-25
5198,101,22725,debit,atm,2024-10-26
5199,533,37242,debit,shopping,2024-11-20
5200,58,589,debit,transfer,2024-05-21
5201,389,1084,debit,atm,2024-01-07
5202,692,17444,debit,food,2024-05-02
5203,941,34650,debit,salary,2024-01-24
5204,341,15059,debit,food,2024-08-18
5205,861,47410,debit,salary,2024-08-26
5206,20,38851,debit,food,2024-06-03
5207,255,1969,debit,salary,2024-01-07
5208,317,44364,debit,atm,2024-08-13
5209,38,30368,debit,food,2024-04-13
5210,660,19128,debit,shopping,2024-12-16
5211,537,39706,credit,shopping,2024-04-12
5212,386,13650,debit,transfer,2024-12-08
5213,633,5802,debit,transfer,2024-04-12
5214,928,13127,debit,transfer,2024-05-27
5215,26,44728,debit,food,2024-07-04
5216,454,32843,credit,salary,2024-06-24
5217,681,24559,debit,transfer,2024-12-18
5218,323,22386,debit,atm,2024-10-22
5219,737,6132,debit,shopping,2024-01-05
5220,513,1925,credit,shopping,2024-01-10
5221,819,11654,debit,atm,2024-08-09
5222,773,48201,debit,shopping,2024-03-13
5223,13,12570,debit,food,2024-06-22
5224,915,3870,debit,atm,2024-02-01
5225,908,27368,debit,food,2024-03-25
5226,560,129,debit,shopping,2024-10-08
5227,921,30183,debit,atm,2024-02-24
5228,825,9058,debit,atm,2024-05-15
5229,371,48370,debit,atm,2024-04-25
5230,291,8906,debit,shopping,2024-02-25
5231,332,32262,debit,shopping,2024-08-30
5232,606,9296,debit,shopping,2024-08-25
5233,261,34989,debit,transfer,2024-10-25
5234,994,27802,debit,transfer,2024-11-26
5235,790,35877,debit,salary,2024-02-25
5236,871,7839,debit,atm,2024-06-12
5237,205,24699,debit,shopping,2024-10-13
5238,697,36927,debit,atm,2024-01-08
5239,687,11385,credit,food,2024-04-09
5240,950,31247,credit,food,2024-05-26
5241,387,29827,credit,shopping,2024-03-06
5242,892,3010,debit,transfer,2024-05-18
5243,821,14774,debit,salary,2024-07-13
5244,468,18454,debit,transfer,2024-10-15
5245,415,30776,credit,atm,2024-11-04
5246,69,26214,debit,transfer,2024-07-13
5247,472,23139,debit,shopping,2024-05-02
5248,104,45029,debit,transfer,2024-10-21
5249,758,31931,debit,food,2024-09-05
5250,161,43984,debit,shopping,2024-04-07
5251,200,25246,debit,shopping,2024-02-19
5252,216,45919,debit,shopping,2024-10-10
5253,946,17726,debit,transfer,2024-09-26
5254,212,17196,debit,food,2024-11-03
5255,508,31408,credit,transfer,2024-04-01
5256,16,13154,credit,atm,2024-01-30
5257,498,14170,debit,salary,2024-06-06
5258,884,42353,debit,salary,2024-04-30
5259,332,26350,debit,salary,2024-06-03
5260,717,14513,debit,atm,2024-03-06
5261,877,11955,debit,atm,2024-04-10
5262,551,39021,credit,atm,2024-11-28
5263,601,5687,credit,food,2024-10-21
5264,942,8927,debit,shopping,2024-10-10
5265,256,25885,debit,atm,2024-03-24
5266,992,31964,debit,salary,2024-11-14
5267,766,31411,debit,salary,2024-12-24
5268,728,6961,credit,transfer,2024-02-24
5269,880,10904,debit,shopping,2024-08-29
5270,815,14079,debit,atm,2024-05-25
5271,172,1397,debit,shopping,2024-06-10
5272,649,47613,debit,atm,2024-07-03
5273,1000,457,debit,salary,2024-06-21
5274,498,49168,credit,shopping,2024-03-21
5275,471,47301,debit,shopping,2024-01-31
5276,384,16724,credit,atm,2024-10-17
5277,690,10896,debit,atm,2024-06-15
5278,589,23338,debit,shopping,2024-09-17
5279,700,28740,credit,atm,2024-06-04
5280,507,40983,credit,shopping,2024-04-26
5281,992,31957,credit,transfer,2024-01-07
5282,527,20042,debit,shopping,2024-12-27
5283,804,3960,debit,food,2024-09-02
5284,831,45311,debit,shopping,2024-10-24
5285,325,4547,debit,transfer,2024-11-08
5286,214,20623,debit,transfer,2024-08-17
5287,208,49389,debit,salary,2024-12-04
5288,169,34835,credit,salary,2024-05-03
5289,330,39447,debit,food,2024-08-04
5290,280,4949,credit,atm,2024-11-14
5291,978,24818,debit,atm,2024-01-18
5292,305,40035,credit,transfer,2024-04-26
5293,146,22426,debit,transfer,2024-08-26
5294,775,7566,debit,salary,2024-03-30
5295,516,22889,debit,transfer,2024-10-02
5296,90,27235,credit,shopping,2024-01-02
5297,453,45217,credit,shopping,2024-11-15
5298,60,30362,debit,food,2024-10-12
5299,311,24535,debit,shopping,2024-05-29
5300,528,34887,debit,food,2024-09-08
5301,227,39042,debit,salary,2024-04-15
5302,474,15789,debit,shopping,2024-10-16
5303,978,39960,debit,food,2024-05-04
5304,541,43373,credit,atm,2024-06-11
5305,663,2455,debit,food,2024-07-15
5306,757,32028,debit,shopping,2024-11-08
5307,782,433,debit,food,2024-01-15
5308,79,35430,credit,salary,2024-10-21
5309,433,14876,debit,transfer,2024-01-28
5310,801,27114,credit,atm,2024-01-12
5311,153,34663,debit,salary,2024-07-13
5312,789,15370,debit,atm,2024-09-22
5313,401,31379,credit,atm,2024-12-21
5314,279,33121,debit,food,2024-09-19
5315,57,3757,credit,transfer,2024-06-19
5316,977,23986,credit,food,2024-12-02
5317,186,42483,debit,food,2024-10-02
5318,398,3337,debit,shopping,2024-10-29
5319,605,36199,credit,food,2024-08-28
5320,788,1127,credit,transfer,2024-09-01
5321,158,14299,credit,salary,2024-01-28
5322,787,46151,credit,food,2024-07-22
5323,693,45054,debit,transfer,2024-09-30
5324,359,49721,debit,food,2024-11-08
5325,440,13881,debit,atm,2024-12-30
5326,589,15220,debit,food,2024-02-06
5327,466,24389,debit,shopping,2024-09-10
5328,663,6083,credit,atm,2024-12-25
5329,446,1193,debit,transfer,2024-04-14
5330,750,4889,credit,food,2024-08-30
5331,801,3012,debit,atm,2024-04-09
5332,743,47979,debit,atm,2024-09-03
5333,488,21973,debit,salary,2024-02-13
5334,530,14432,debit,atm,2024-03-05
5335,73,16664,debit,transfer,2024-06-26
5336,929,12359,credit,food,2024-05-26
5337,928,42280,debit,atm,2024-02-18
5338,701,20626,debit,transfer,2024-03-07
5339,950,21213,debit,salary,2024-12-12
5340,17,16106,debit,food,2024-02-15
5341,531,21743,debit,shopping,2024-03-10
5342,731,24513,debit,atm,2024-12-12
5343,326,42623,debit,atm,2024-04-18
5344,995,30222,debit,salary,2024-12-26
5345,632,4784,credit,transfer,2024-07-27
5346,613,7954,debit,salary,2024-10-29
5347,546,22457,debit,transfer,2024-07-25
5348,596,39285,credit,food,2024-03-23
5349,921,18046,debit,atm,2024-10-12
5350,708,13227,debit,shopping,2024-12-25
5351,842,43566,credit,salary,2024-05-02
5352,202,29504,credit,shopping,2024-08-25
5353,344,22988,debit,shopping,2024-12-11
5354,853,17501,debit,atm,2024-12-22
5355,523,15528,debit,atm,2024-03-01
5356,859,36522,credit,shopping,2024-06-11
5357,400,47865,debit,food,2024-08-21
5358,218,46610,debit,shopping,2024-03-06
5359,445,41817,debit,transfer,2024-01-13
5360,765,12071,debit,transfer,2024-02-29
5361,222,48259,debit,transfer,2024-04-16
5362,383,22582,credit,transfer,2024-12-28
5363,881,20068,credit,salary,2024-09-21
5364,592,16665,debit,food,2024-04-17
5365,7,6929,credit,salary,2024-11-16
5366,272,10587,debit,salary,2024-06-25
5367,739,35535,debit,transfer,2024-11-20
5368,16,32725,debit,food,2024-09-24
5369,424,42859,debit,food,2024-08-22
5370,524,16387,debit,shopping,2024-11-12
5371,803,39041,credit,salary,2024-04-21
5372,753,42559,debit,food,2024-10-21
5373,21,48076,credit,atm,2024-08-02
5374,690,46103,debit,salary,2024-10-04
5375,939,13763,debit,food,2024-03-30
5376,228,9276,debit,atm,2024-12-04
5377,785,15172,debit,atm,2024-11-08
5378,288,5616,credit,atm,2024-07-25
5379,809,31932,debit,transfer,2024-06-13
5380,134,19789,debit,shopping,2024-02-10
5381,984,18699,debit,shopping,2024-07-31
5382,283,16609,credit,food,2024-04-24
5383,404,35488,debit,food,2024-05-14
5384,665,9300,debit,shopping,2024-12-10
5385,66,25889,credit,atm,2024-02-02
5386,649,11996,debit,food,2024-01-03
5387,604,22031,credit,transfer,2024-02-08
5388,437,23187,credit,transfer,2024-12-17
5389,829,23853,debit,shopping,2024-08-20
5390,934,33564,credit,food,2024-06-16
5391,259,2370,credit,food,2024-10-05
5392,980,26191,credit,atm,2024-08-11
5393,966,42094,debit,food,2024-10-28
5394,103,16160,credit,shopping,2024-01-06
5395,993,42595,debit,food,2024-11-22
5396,567,41873,debit,food,2024-11-07
5397,769,25687,credit,transfer,2024-10-03
5398,101,47952,credit,shopping,2024-04-06
5399,198,29829,debit,salary,2024-03-20
5400,813,25694,debit,shopping,2024-10-08
5401,226,14916,credit,shopping,2024-09-11
5402,943,39585,credit,salary,2024-06-01
5403,463,21404,debit,salary,2024-11-30
5404,237,28486,debit,transfer,2024-08-01
5405,26,1216,credit,atm,2024-04-16
5406,121,29399,debit,shopping,2024-04-10
5407,910,32687,debit,shopping,2024-04-22
5408,506,17640,debit,shopping,2024-07-10
5409,182,48047,debit,shopping,2024-06-29
5410,711,33856,debit,transfer,2024-02-19
5411,814,43526,credit,shopping,2024-01-29
5412,767,5687,debit,salary,2024-12-22
5413,634,18312,debit,salary,2024-04-13
5414,543,15903,debit,food,2024-04-04
5415,984,24356,debit,transfer,2024-02-27
5416,315,49139,debit,food,2024-05-21
5417,991,10369,debit,shopping,2024-05-04
5418,797,6188,credit,transfer,2024-03-03
5419,618,35213,credit,transfer,2024-09-13
5420,736,42144,debit,atm,2024-07-22
5421,273,27181,debit,atm,2024-11-15
5422,910,10643,debit,food,2024-05-18
5423,232,3105,debit,food,2024-06-23
5424,420,37303,debit,salary,2024-09-21
5425,768,16320,credit,salary,2024-04-06
5426,442,43555,debit,salary,2024-06-30
5427,496,32796,credit,transfer,2024-04-27
5428,24,14247,debit,shopping,2024-08-13
5429,109,46481,credit,food,2024-05-08
5430,703,48084,debit,salary,2024-01-10
5431,502,39496,debit,transfer,2024-05-20
5432,859,176,debit,atm,2024-06-05
5433,25,38620,credit,shopping,2024-04-20
5434,187,19046,debit,atm,2024-09-17
5435,288,18056,credit,atm,2024-02-22
5436,628,23571,debit,shopping,2024-03-31
5437,338,47862,debit,transfer,2024-09-06
5438,878,38838,debit,atm,2024-06-15
5439,914,40820,credit,transfer,2024-09-05
5440,37,29237,debit,atm,2024-08-15
5441,794,24540,credit,salary,2024-08-06
5442,137,11962,debit,shopping,2024-08-22
5443,508,35979,debit,food,2024-04-12
5444,227,2837,debit,shopping,2024-02-15
5445,320,42412,debit,atm,2024-03-29
5446,840,21888,debit,atm,2024-10-21
5447,916,25622,debit,salary,2024-12-09
5448,182,4749,debit,salary,2024-02-11
5449,874,3968,credit,shopping,2024-06-24
5450,86,7924,debit,food,2024-01-31
5451,467,7899,debit,shopping,2024-03-11
5452,926,19970,credit,food,2024-03-15
5453,53,45247,debit,transfer,2024-10-07
5454,860,17486,debit,atm,2024-08-04
5455,867,8714,debit,transfer,2024-01-28
5456,235,25247,debit,shopping,2024-01-02
5457,959,11201,debit,food,2024-01-26
5458,779,40774,debit,food,2024-11-23
5459,799,38227,debit,transfer,2024-06-19
5460,433,21014,debit,salary,2024-01-21
5461,496,9715,debit,salary,2024-11-01
5462,999,23153,debit,transfer,2024-09-29
5463,100,34621,debit,salary,2024-10-12
5464,990,13581,debit,food,2024-08-30
5465,599,46998,debit,shopping,2024-10-25
5466,403,43982,credit,salary,2024-02-07
5467,396,10595,credit,food,2024-05-04
5468,527,26382,credit,shopping,2024-11-10
5469,415,246,debit,food,2024-02-28
5470,939,40375,debit,atm,2024-02-13
5471,613,49568,debit,shopping,2024-11-27
5472,677,16077,debit,atm,2024-01-31
5473,463,41665,debit,salary,2024-08-23
5474,541,41634,debit,salary,2024-06-13
5475,626,34045,credit,food,2024-12-23
5476,619,44386,credit,transfer,2024-10-29
5477,922,36290,debit,food,2024-09-07
5478,364,2694,debit,atm,2024-07-17
5479,130,11174,debit,shopping,2024-08-06
5480,84,27531,debit,transfer,2024-06-02
5481,271,17248,debit,food,2024-07-02
5482,244,22761,debit,atm,2024-10-25
5483,388,27671,debit,atm,2024-05-29
5484,214,44260,debit,salary,2024-03-05
5485,818,535,debit,food,2024-06-10
5486,166,36219,debit,food,2024-02-19
5487,791,44037,credit,atm,2024-06-08
5488,59,16618,credit,food,2024-11-04
5489,602,28590,debit,salary,2024-02-20
5490,883,21102,debit,transfer,2024-10-02
5491,843,41863,debit,atm,2024-12-13
5492,924,2466,credit,salary,2024-02-14
5493,504,12467,debit,salary,2024-04-24
5494,706,11554,debit,shopping,2024-12-13
5495,123,9768,debit,transfer,2024-05-15
5496,648,3515,debit,salary,2024-01-21
5497,413,31873,debit,shopping,2024-01-18
5498,139,10332,debit,shopping,2024-12-27
5499,229,29139,debit,food,2024-09-27
5500,274,25668,credit,salary,2024-08-06
5501,439,37559,debit,atm,2024-11-14
5502,562,7769,debit,food,2024-04-30
5503,910,24313,credit,transfer,2024-03-02
5504,118,18380,debit,atm,2024-04-06
5505,714,19549,debit,atm,2024-09-07
5506,995,35616,debit,shopping,2024-05-08
5507,905,23176,credit,salary,2024-09-02
5508,483,2761,debit,shopping,2024-01-10
5509,395,23433,debit,shopping,2024-10-31
5510,703,22859,debit,salary,2024-03-05
5511,876,48041,credit,salary,2024-09-03
5512,460,44467,debit,salary,2024-12-14
5513,835,38975,debit,shopping,2024-06-13
5514,693,12798,debit,salary,2024-06-27
5515,935,31064,debit,salary,2024-02-23
5516,78,31508,debit,atm,2024-11-14
5517,952,22985,credit,shopping,2024-02-15
5518,412,13409,debit,salary,2024-06-26
5519,75,35529,debit,shopping,2024-01-07
5520,295,15233,debit,transfer,2024-03-24
5521,793,8310,debit,food,2024-05-07
5522,21,36226,debit,atm,2024-08-01
5523,906,33143,debit,atm,2024-08-21
5524,171,4178,debit,shopping,2024-01-12
5525,15,11237,debit,salary,2024-03-14
5526,211,29450,debit,shopping,2024-02-07
5527,560,4798,debit,food,2024-12-16
5528,86,33232,credit,atm,2024-05-28
5529,149,10265,debit,atm,2024-06-20
5530,700,894,debit,food,2024-08-01
5531,372,13746,debit,shopping,2024-08-24
5532,480,23279,credit,atm,2024-01-21
5533,818,5970,debit,salary,2024-12-26
5534,151,33457,credit,shopping,2024-12-13
5535,141,30836,debit,salary,2024-08-18
5536,69,37181,debit,transfer,2024-07-26
5537,260,16311,debit,food,2024-07-29
5538,988,21229,credit,atm,2024-05-31
5539,846,7477,debit,food,2024-09-05
5540,968,8961,debit,food,2024-04-16
5541,521,17921,debit,salary,2024-06-07
5542,633,13052,credit,atm,2024-01-05
5543,371,9147,debit,transfer,2024-07-11
5544,419,27053,debit,food,2024-06-13
5545,101,36901,credit,salary,2024-04-03
5546,661,18377,debit,salary,2024-10-14
5547,954,24003,credit,atm,2024-07-12
5548,658,18326,debit,shopping,2024-10-16
5549,865,22728,credit,shopping,2024-08-23
5550,968,16810,credit,transfer,2024-01-29
5551,243,27902,credit,salary,2024-04-27
5552,753,18884,debit,shopping,2024-05-12
5553,512,4378,credit,food,2024-06-06
5554,849,28777,debit,transfer,2024-04-16
5555,555,7600,debit,food,2024-06-21
5556,95,4115,debit,shopping,2024-05-25
5557,226,21936,debit,salary,2024-11-29
5558,518,41110,credit,shopping,2024-09-23
5559,214,7926,debit,transfer,2024-09-16
5560,718,9301,credit,transfer,2024-02-15
5561,67,29148,debit,food,2024-11-04
5562,396,20041,credit,food,2024-05-31
5563,612,15205,credit,transfer,2024-12-19
5564,12,253,credit,food,2024-05-15
5565,237,41641,debit,atm,2024-08-03
5566,834,4986,debit,transfer,2024-05-13
5567,770,24050,debit,food,2024-12-06
5568,399,2367,debit,shopping,2024-08-11
5569,407,20742,debit,salary,2024-08-18
5570,925,1070,debit,atm,2024-12-07
5571,849,41707,debit,atm,2024-07-19
5572,480,31388,debit,salary,2024-01-18
5573,647,46681,debit,salary,2024-07-22
5574,222,17429,debit,shopping,2024-05-13
5575,156,14550,debit,salary,2024-12-12
5576,654,5718,debit,atm,2024-04-17
5577,428,34363,credit,shopping,2024-01-01
5578,158,2147,debit,salary,2024-01-15
5579,977,9464,debit,shopping,2024-05-21
5580,416,28894,debit,shopping,2024-03-17
5581,326,13191,credit,food,2024-12-06
5582,371,2986,debit,salary,2024-06-22
5583,344,21672,debit,food,2024-04-20
5584,262,15261,debit,atm,2024-04-26
5585,283,4258,debit,shopping,2024-02-10
5586,850,27763,debit,atm,2024-01-06
5587,856,19945,credit,shopping,2024-10-02
5588,229,6833,debit,salary,2024-03-08
5589,888,34525,debit,transfer,2024-10-22
5590,280,37911,debit,salary,2024-04-13
5591,870,32101,debit,shopping,2024-05-06
5592,290,39228,credit,transfer,2024-03-14
5593,680,49730,credit,transfer,2024-05-04
5594,47,9429,credit,salary,2024-11-20
5595,975,24912,debit,atm,2024-09-14
5596,715,27199,debit,salary,2024-12-16
5597,214,4143,credit,shopping,2024-10-26
5598,758,14342,debit,atm,2024-11-04
5599,24,33465,debit,shopping,2024-07-30
5600,321,26378,debit,atm,2024-09-05
5601,274,27233,debit,food,2024-01-06
5602,556,24840,debit,atm,2024-02-12
5603,844,35192,debit,food,2024-09-09
5604,313,31076,debit,shopping,2024-05-25
5605,363,40167,credit,salary,2024-10-12
5606,668,11331,credit,shopping,2024-07-17
5607,1000,669,debit,salary,2024-04-26
5608,380,3428,credit,food,2024-06-29
5609,711,49392,debit,salary,2024-07-10
5610,919,25361,credit,shopping,2024-05-10
5611,981,25362,debit,shopping,2024-09-11
5612,674,3380,debit,shopping,2024-06-12
5613,907,19247,debit,atm,2024-11-29
5614,470,31842,debit,shopping,2024-05-30
5615,746,3690,debit,atm,2024-09-05
5616,675,22106,credit,transfer,2024-06-26
5617,116,13670,debit,food,2024-04-23
5618,605,35093,debit,transfer,2024-01-16
5619,42,29693,debit,transfer,2024-04-01
5620,796,47746,debit,atm,2024-06-06
5621,379,24007,debit,atm,2024-11-11
5622,722,9633,debit,food,2024-12-26
5623,206,42749,debit,food,2024-07-07
5624,466,16847,debit,food,2024-08-29
5625,732,13466,debit,shopping,2024-08-17
5626,280,48383,debit,shopping,2024-08-25
5627,648,10932,debit,food,2024-09-18
5628,618,28425,credit,atm,2024-10-21
5629,118,34898,debit,transfer,2024-01-05
5630,237,39553,credit,food,2024-09-15
5631,309,22949,credit,food,2024-03-14
5632,456,6257,debit,transfer,2024-01-30
5633,900,46536,debit,salary,2024-12-01
5634,475,30278,debit,food,2024-09-23
5635,100,17101,debit,food,2024-05-10
5636,261,29130,credit,shopping,2024-01-15
5637,993,293,credit,transfer,2024-02-23
5638,305,8264,credit,food,2024-05-08
5639,354,20942,debit,food,2024-01-13
5640,286,1219,debit,salary,2024-03-03
5641,328,13451,credit,transfer,2024-11-07
5642,103,6640,debit,food,2024-10-21
5643,63,45262,debit,salary,2024-12-23
5644,687,31860,credit,food,2024-03-07
5645,282,49778,credit,atm,2024-04-17
5646,441,26628,debit,salary,2024-03-30
5647,293,23638,debit,atm,2024-03-16
5648,738,32342,debit,food,2024-04-27
5649,7,47728,debit,salary,2024-03-26
5650,639,26458,debit,transfer,2024-10-04
5651,936,38713,debit,shopping,2024-06-14
5652,92,40839,debit,food,2024-01-12
5653,935,29838,debit,salary,2024-11-01
5654,190,47021,debit,atm,2024-09-29
5655,871,23681,debit,salary,2024-08-19
5656,476,30236,debit,transfer,2024-06-08
5657,511,21585,credit,salary,2024-06-21
5658,462,27265,debit,atm,2024-07-13
5659,53,36394,debit,food,2024-10-07
5660,754,1734,debit,atm,2024-03-23
5661,486,44069,debit,atm,2024-12-22
5662,644,193,debit,atm,2024-04-23
5663,490,28470,debit,shopping,2024-04-11
5664,978,19850,debit,food,2024-04-14
5665,364,40584,debit,shopping,2024-10-31
5666,112,47199,credit,salary,2024-02-12
5667,409,16572,credit,food,2024-08-26
5668,7,47109,debit,food,2024-10-01
5669,742,19034,credit,salary,2024-12-01
5670,668,43874,debit,salary,2024-10-08
5671,197,22621,debit,atm,2024-04-06
5672,835,39225,debit,food,2024-01-15
5673,876,1545,debit,transfer,2024-11-04
5674,735,21105,debit,atm,2024-08-16
5675,367,39203,debit,food,2024-01-20
5676,250,18314,credit,salary,2024-05-12
5677,916,23269,debit,salary,2024-11-15
5678,595,17038,credit,transfer,2024-10-06
5679,240,12056,credit,food,2024-11-21
5680,380,39787,debit,shopping,2024-05-07
5681,907,5693,debit,atm,2024-09-16
5682,872,26307,debit,food,2024-04-21
5683,835,49454,debit,shopping,2024-06-19
5684,471,40021,debit,salary,2024-06-28
5685,775,37410,debit,salary,2024-07-15
5686,919,49060,debit,shopping,2024-09-14
5687,701,31719,debit,shopping,2024-12-29
5688,455,13503,debit,transfer,2024-05-13
5689,366,13165,debit,food,2024-04-02
5690,290,24494,credit,salary,2024-05-30
5691,874,26901,debit,atm,2024-11-25
5692,403,42746,debit,salary,2024-12-10
5693,58,33696,credit,food,2024-06-12
5694,521,29330,debit,shopping,2024-01-10
5695,304,7270,debit,transfer,2024-02-19
5696,115,18506,debit,salary,2024-10-03
5697,210,24778,credit,transfer,2024-03-26
5698,41,30068,debit,shopping,2024-02-15
5699,816,42617,debit,food,2024-01-01
5700,173,32755,credit,salary,2024-12-10
5701,234,27187,debit,food,2024-09-04
5702,793,46084,debit,atm,2024-02-22
5703,884,11149,credit,food,2024-04-22
5704,590,6885,debit,shopping,2024-08-26
5705,620,41866,debit,shopping,2024-01-14
5706,793,4755,credit,atm,2024-10-21
5707,403,18558,debit,food,2024-05-05
5708,39,25202,debit,shopping,2024-10-24
5709,119,7018,debit,shopping,2024-10-07
5710,335,3536,credit,shopping,2024-09-09
5711,336,21532,debit,shopping,2024-10-14
5712,539,24973,debit,transfer,2024-01-11
5713,616,37740,credit,salary,2024-06-04
5714,74,460,debit,transfer,2024-09-12
5715,191,44777,debit,shopping,2024-08-14
5716,324,4699,debit,food,2024-10-07
5717,147,43036,debit,transfer,2024-02-21
5718,767,39599,debit,atm,2024-06-17
5719,284,34945,debit,salary,2024-06-27
5720,213,13850,debit,food,2024-05-14
5721,635,28087,debit,transfer,2024-02-11
5722,718,37559,credit,salary,2024-12-29
5723,929,26265,debit,transfer,2024-04-20
5724,752,24446,credit,atm,2024-07-31
5725,394,3614,credit,shopping,2024-02-26
5726,339,24938,debit,atm,2024-01-11
5727,798,27659,debit,shopping,2024-11-21
5728,22,35787,debit,salary,2024-11-18
5729,771,32065,credit,transfer,2024-01-30
5730,869,16485,credit,transfer,2024-12-26
5731,105,18417,debit,atm,2024-07-27
5732,466,493,credit,food,2024-01-23
5733,459,24981,debit,salary,2024-11-02
5734,432,46325,credit,shopping,2024-08-13
5735,770,33397,debit,salary,2024-12-06
5736,716,28055,credit,atm,2024-01-05
5737,822,45079,debit,transfer,2024-11-01
5738,774,6595,debit,shopping,2024-09-12
5739,619,39821,credit,shopping,2024-06-20
5740,763,21537,debit,shopping,2024-01-15
5741,936,1813,debit,shopping,2024-04-19
5742,221,20528,debit,salary,2024-01-02
5743,379,735,credit,salary,2024-06-30
5744,222,15293,debit,atm,2024-09-22
5745,258,23103,credit,transfer,2024-07-30
5746,713,14733,debit,transfer,2024-10-17
5747,367,29328,debit,salary,2024-02-10
5748,770,42177,debit,atm,2024-10-29
5749,349,26830,credit,food,2024-05-05
5750,225,48646,debit,shopping,2024-09-02
5751,714,7545,debit,transfer,2024-12-06
5752,738,45283,debit,shopping,2024-09-09
5753,236,14381,debit,transfer,2024-05-01
5754,183,6702,credit,food,2024-12-20
5755,712,137,debit,transfer,2024-01-26
5756,869,42692,credit,food,2024-01-20
5757,758,28969,debit,transfer,2024-10-18
5758,444,36643,debit,salary,2024-11-15
5759,865,31176,debit,shopping,2024-02-12
5760,623,26730,credit,atm,2024-06-16
5761,6,20569,debit,atm,2024-01-18
5762,236,32399,debit,transfer,2024-07-23
5763,127,25194,credit,atm,2024-03-19
5764,104,26917,debit,shopping,2024-01-16
5765,749,10655,credit,salary,2024-09-15
5766,915,5220,credit,salary,2024-11-20
5767,480,14778,debit,food,2024-04-12
5768,155,4815,debit,atm,2024-04-06
5769,257,34262,debit,shopping,2024-04-11
5770,235,35737,debit,atm,2024-01-04
5771,500,32422,debit,shopping,2024-06-19
5772,289,36544,credit,food,2024-04-11
5773,510,36589,debit,atm,2024-11-03
5774,552,38558,debit,salary,2024-09-04
5775,800,38686,debit,food,2024-11-03
5776,709,33102,debit,atm,2024-04-26
5777,785,3240,credit,salary,2024-11-17
5778,894,8738,debit,salary,2024-03-23
5779,776,45765,debit,shopping,2024-03-03
5780,569,17483,debit,salary,2024-06-27
5781,298,17818,debit,transfer,2024-07-10
5782,610,41193,debit,atm,2024-07-28
5783,137,10724,credit,atm,2024-05-03
5784,376,21572,debit,shopping,2024-01-11
5785,87,21963,debit,salary,2024-06-11
5786,419,6190,debit,shopping,2024-03-06
5787,754,11477,credit,transfer,2024-02-02
5788,199,17595,debit,shopping,2024-03-17
5789,463,14970,debit,atm,2024-06-03
5790,437,19400,debit,shopping,2024-12-27
5791,310,2203,debit,atm,2024-08-08
5792,596,25295,debit,food,2024-06-21
5793,754,37993,credit,transfer,2024-12-25
5794,281,6690,debit,transfer,2024-03-26
5795,323,43080,debit,atm,2024-12-24
5796,764,42468,debit,food,2024-03-24
5797,702,32150,credit,salary,2024-10-26
5798,951,3021,debit,shopping,2024-10-22
5799,942,4834,debit,salary,2024-02-14
5800,152,19857,debit,food,2024-05-09
5801,994,30428,credit,transfer,2024-06-17
5802,302,23238,debit,salary,2024-01-17
5803,278,16137,debit,food,2024-02-19
5804,651,33704,debit,transfer,2024-06-17
5805,688,12194,debit,salary,2024-12-11
5806,8,9128,credit,transfer,2024-09-25
5807,807,43617,credit,atm,2024-06-10
5808,235,15532,debit,transfer,2024-11-06
5809,675,43919,debit,transfer,2024-12-15
5810,561,23191,debit,food,2024-01-02
5811,302,15686,debit,food,2024-07-22
5812,38,5412,credit,shopping,2024-07-02
5813,136,26073,debit,food,2024-12-07
5814,822,36690,debit,atm,2024-12-23
5815,421,29073,debit,atm,2024-09-25
5816,219,44490,credit,transfer,2024-12-10
5817,348,16199,credit,food,2024-04-12
5818,808,33943,debit,shopping,2024-02-06
5819,546,14163,debit,food,2024-01-21
5820,864,28870,credit,shopping,2024-09-30
5821,79,27316,debit,transfer,2024-11-28
5822,748,27760,debit,atm,2024-07-01
5823,895,16483,credit,food,2024-03-29
5824,273,9705,debit,food,2024-07-26
5825,161,30749,debit,atm,2024-04-18
5826,687,37320,credit,atm,2024-09-06
5827,878,32659,debit,salary,2024-03-03
5828,308,45166,debit,salary,2024-08-08
5829,374,12468,debit,salary,2024-07-06
5830,976,7528,credit,atm,2024-06-22
5831,733,15917,debit,salary,2024-01-16
5832,9,2520,credit,food,2024-08-01
5833,801,19012,debit,atm,2024-06-20
5834,444,4417,debit,food,2024-05-19
5835,113,24461,debit,atm,2024-08-22
5836,989,27828,credit,transfer,2024-11-15
5837,205,41280,debit,food,2024-06-04
5838,405,49189,credit,atm,2024-10-10
5839,698,31168,debit,shopping,2024-03-27
5840,853,33095,credit,atm,2024-04-12
5841,197,18821,debit,transfer,2024-04-03
5842,778,29064,debit,atm,2024-12-21
5843,774,31629,debit,transfer,2024-09-06
5844,760,11556,debit,salary,2024-06-07
5845,115,33823,debit,food,2024-03-03
5846,121,42340,debit,transfer,2024-03-16
5847,653,34846,debit,shopping,2024-12-28
5848,65,18013,debit,food,2024-12-10
5849,276,12775,debit,atm,2024-12-29
5850,825,32241,debit,atm,2024-10-02
5851,239,27089,credit,transfer,2024-01-24
5852,302,16228,debit,shopping,2024-12-03
5853,392,48536,credit,transfer,2024-10-20
5854,522,40313,debit,shopping,2024-11-24
5855,969,28211,debit,transfer,2024-11-20
5856,369,4384,debit,salary,2024-02-14
5857,233,25593,debit,salary,2024-11-28
5858,195,17685,debit,salary,2024-11-24
5859,907,29695,debit,transfer,2024-07-12
5860,12,7231,debit,food,2024-09-20
5861,906,43482,debit,atm,2024-02-03
5862,921,26297,credit,food,2024-05-17
5863,689,33627,debit,atm,2024-12-30
5864,177,22057,debit,shopping,2024-06-11
5865,217,31036,debit,salary,2024-12-26
5866,11,21645,credit,salary,2024-02-24
5867,446,13784,debit,atm,2024-01-26
5868,630,42548,debit,salary,2024-03-08
5869,164,20742,debit,food,2024-12-16
5870,551,4471,debit,transfer,2024-05-12
5871,53,12751,credit,salary,2024-03-27
5872,218,1765,debit,salary,2024-03-19
5873,718,7018,credit,shopping,2024-10-01
5874,999,23107,credit,transfer,2024-10-25
5875,824,31508,debit,atm,2024-02-08
5876,360,10294,debit,transfer,2024-08-18
5877,385,25135,credit,transfer,2024-10-31
5878,56,23916,debit,atm,2024-11-09
5879,118,23166,credit,transfer,2024-11-10
5880,900,11313,credit,shopping,2024-07-25
5881,253,48613,credit,food,2024-02-09
5882,798,22712,credit,transfer,2024-04-15
5883,780,22311,credit,food,2024-09-27
5884,803,26966,debit,shopping,2024-10-14
5885,845,40504,debit,shopping,2024-02-27
5886,180,31699,debit,transfer,2024-12-16
5887,415,7444,credit,salary,2024-02-25
5888,870,3301,credit,transfer,2024-04-12
5889,235,4852,debit,food,2024-02-21
5890,855,42443,debit,shopping,2024-08-16
5891,708,10427,debit,food,2024-07-26
5892,820,48759,credit,food,2024-10-10
5893,80,45897,debit,atm,2024-04-05
5894,647,6191,debit,shopping,2024-09-04
5895,22,27708,credit,shopping,2024-06-13
5896,477,28385,debit,food,2024-07-08
5897,843,23098,credit,shopping,2024-01-05
5898,440,48734,credit,transfer,2024-06-20
5899,737,40389,credit,atm,2024-11-01
5900,570,23043,debit,transfer,2024-05-08
5901,93,48278,debit,salary,2024-08-31
5902,192,18107,credit,salary,2024-08-23
5903,103,25357,debit,food,2024-09-13
5904,396,19618,debit,salary,2024-05-22
5905,7,29884,credit,transfer,2024-07-20
5906,640,38688,debit,salary,2024-01-01
5907,567,44321,debit,food,2024-11-03
5908,231,21478,debit,shopping,2024-08-21
5909,874,4796,credit,atm,2024-12-22
5910,574,28095,credit,food,2024-02-10
5911,240,34735,debit,food,2024-11-14
5912,90,15823,debit,food,2024-10-03
5913,232,19307,debit,transfer,2024-08-26
5914,457,27624,debit,shopping,2024-08-06
5915,233,28654,debit,food,2024-02-21
5916,354,11917,debit,shopping,2024-07-17
5917,333,268,debit,food,2024-10-18
5918,439,43081,debit,transfer,2024-10-06
5919,375,26870,credit,food,2024-04-08
5920,292,15323,debit,salary,2024-03-08
5921,345,44320,credit,transfer,2024-09-05
5922,664,8127,credit,food,2024-09-14
5923,428,16391,debit,food,2024-12-20
5924,657,43509,debit,food,2024-12-03
5925,130,25539,credit,salary,2024-03-31
5926,141,21621,credit,salary,2024-11-08
5927,415,24815,debit,food,2024-11-14
5928,93,21718,debit,salary,2024-04-13
5929,626,29099,debit,food,2024-11-22
5930,284,33092,debit,salary,2024-09-10
5931,956,41617,debit,shopping,2024-10-23
5932,923,39450,debit,food,2024-12-16
5933,655,1673,debit,food,2024-09-04
5934,223,8677,debit,atm,2024-04-14
5935,744,8812,credit,atm,2024-08-13
5936,463,30048,credit,transfer,2024-09-19
5937,545,39631,credit,shopping,2024-02-26
5938,276,12264,debit,shopping,2024-06-21
5939,682,5317,debit,transfer,2024-05-05
5940,140,19626,credit,atm,2024-04-02
5941,357,31370,debit,transfer,2024-04-30
5942,713,26509,debit,atm,2024-08-12
5943,23,49140,debit,food,2024-01-03
5944,968,12834,credit,transfer,2024-04-13
5945,736,44221,debit,salary,2024-06-08
5946,880,36369,debit,atm,2024-07-29
5947,270,13630,debit,food,2024-11-19
5948,859,12494,credit,salary,2024-09-30
5949,665,1599,debit,salary,2024-12-04
5950,333,27639,debit,shopping,2024-06-29
5951,85,9769,debit,atm,2024-03-16
5952,621,28662,debit,food,2024-06-08
5953,31,21729,debit,atm,2024-01-06
5954,741,25846,debit,food,2024-06-14
5955,240,43387,credit,atm,2024-11-06
5956,890,46107,credit,salary,2024-10-08
5957,363,18228,debit,shopping,2024-07-18
5958,822,2139,debit,transfer,2024-03-14
5959,389,41179,debit,atm,2024-08-01
5960,653,3957,credit,salary,2024-08-13
5961,668,25996,debit,transfer,2024-04-18
5962,299,5050,debit,transfer,2024-04-24
5963,857,23571,debit,transfer,2024-09-12
5964,371,15541,debit,salary,2024-03-26
5965,99,12835,debit,food,2024-01-06
5966,47,22515,debit,transfer,2024-10-18
5967,999,34611,debit,shopping,2024-05-06
5968,839,46151,credit,food,2024-09-23
5969,422,42506,credit,salary,2024-12-03
5970,480,3716,debit,transfer,2024-02-03
5971,579,15483,debit,salary,2024-09-15
5972,62,29856,debit,salary,2024-08-28
5973,109,3994,debit,transfer,2024-04-14
5974,679,39095,debit,salary,2024-04-24
5975,549,43332,debit,shopping,2024-12-23
5976,119,40715,credit,shopping,2024-09-04
5977,598,4381,debit,atm,2024-10-18
5978,382,24747,debit,transfer,2024-07-27
5979,392,30136,debit,transfer,2024-04-03
5980,977,18684,debit,transfer,2024-01-30
5981,52,35011,credit,atm,2024-03-02
5982,603,32408,credit,shopping,2024-08-30
5983,289,47648,debit,shopping,2024-06-29
5984,337,28433,credit,transfer,2024-04-16
5985,810,36049,debit,salary,2024-02-19
5986,204,19359,credit,food,2024-08-10
5987,880,31894,debit,food,2024-06-08
5988,238,39388,debit,transfer,2024-04-29
5989,382,13152,debit,transfer,2024-12-04
5990,667,12371,debit,shopping,2024-09-21
5991,752,45367,credit,shopping,2024-09-28
5992,136,32275,debit,salary,2024-12-15
5993,407,9015,debit,shopping,2024-10-18
5994,508,16222,credit,food,2024-09-23
5995,362,44299,debit,food,2024-03-19
5996,381,7018,debit,shopping,2024-08-20
5997,881,41016,credit,food,2024-07-09
5998,576,30537,credit,food,2024-03-25
5999,635,45906,debit,food,2024-05-03
6000,254,13905,debit,food,2024-03-14
6001,477,19698,credit,atm,2024-08-04
6002,114,40617,debit,transfer,2024-12-17
6003,20,2971,debit,salary,2024-10-15
6004,528,37357,debit,atm,2024-02-18
6005,145,37475,debit,salary,2024-06-27
6006,208,45841,debit,atm,2024-06-26
6007,531,44979,credit,atm,2024-01-24
6008,376,23248,debit,salary,2024-10-03
6009,504,5934,credit,transfer,2024-03-21
6010,904,42780,debit,shopping,2024-05-26
6011,166,3499,debit,atm,2024-07-13
6012,550,21862,debit,transfer,2024-03-06
6013,181,40472,credit,shopping,2024-03-04
6014,861,11057,debit,salary,2024-12-30
6015,617,40599,debit,atm,2024-02-01
6016,612,28440,credit,shopping,2024-04-15
6017,602,27238,credit,transfer,2024-06-01
6018,927,15908,debit,shopping,2024-12-27
6019,812,28343,debit,salary,2024-11-02
6020,444,2361,debit,shopping,2024-01-07
6021,332,11909,debit,food,2024-04-22
6022,503,17796,credit,atm,2024-07-07
6023,913,42924,debit,transfer,2024-10-07
6024,79,21991,debit,transfer,2024-12-08
6025,585,19225,debit,atm,2024-09-10
6026,935,1097,debit,atm,2024-04-01
6027,938,48023,credit,food,2024-07-22
6028,688,6453,credit,food,2024-01-08
6029,396,18803,debit,transfer,2024-08-29
6030,608,36075,debit,shopping,2024-08-14
6031,857,9375,debit,atm,2024-10-07
6032,103,20065,debit,food,2024-08-09
6033,402,32519,debit,food,2024-08-15
6034,975,48742,credit,food,2024-02-22
6035,224,35954,debit,shopping,2024-10-07
6036,518,16073,debit,transfer,2024-01-26
6037,634,23650,debit,transfer,2024-01-08
6038,236,26978,debit,food,2024-07-15
6039,427,17205,debit,shopping,2024-05-26
6040,116,47738,credit,shopping,2024-07-22
6041,163,34022,debit,transfer,2024-08-11
6042,226,16129,debit,atm,2024-07-16
6043,230,40035,debit,food,2024-09-03
6044,182,32884,debit,shopping,2024-09-20
6045,249,31701,debit,atm,2024-07-05
6046,318,39965,debit,salary,2024-05-12
6047,965,31645,credit,food,2024-11-28
6048,210,13265,credit,salary,2024-06-07
6049,656,18716,credit,transfer,2024-04-27
6050,392,11754,debit,transfer,2024-02-15
6051,857,17930,debit,transfer,2024-05-11
6052,96,16305,debit,shopping,2024-12-14
6053,894,42525,debit,shopping,2024-02-01
6054,858,12059,debit,atm,2024-04-06
6055,756,22258,debit,salary,2024-03-18
6056,86,11919,credit,transfer,2024-12-04
6057,415,35951,debit,transfer,2024-11-03
6058,394,42603,credit,shopping,2024-09-23
6059,696,7052,debit,shopping,2024-09-21
6060,633,24325,debit,shopping,2024-07-03
6061,844,47505,credit,food,2024-07-02
6062,501,42331,debit,salary,2024-02-20
6063,604,5491,credit,salary,2024-08-07
6064,582,14568,debit,food,2024-01-02
6065,916,15191,debit,transfer,2024-03-17
6066,133,30337,debit,atm,2024-12-28
6067,791,47832,debit,atm,2024-11-20
6068,649,9064,credit,transfer,2024-02-08
6069,314,40782,debit,atm,2024-02-03
6070,699,47344,debit,shopping,2024-08-17
6071,221,49734,credit,salary,2024-06-19
6072,976,27068,credit,shopping,2024-09-07
6073,438,40305,debit,atm,2024-03-06
6074,46,11471,debit,atm,2024-12-18
6075,790,42641,credit,salary,2024-01-27
6076,192,25781,credit,shopping,2024-03-07
6077,520,28385,credit,salary,2024-07-08
6078,379,38071,debit,atm,2024-11-15
6079,788,15530,debit,salary,2024-08-30
6080,691,45330,debit,salary,2024-04-27
6081,334,9133,debit,atm,2024-06-17
6082,39,20018,debit,salary,2024-03-27
6083,293,18356,debit,shopping,2024-04-06
6084,690,48622,debit,atm,2024-09-26
6085,162,31288,debit,salary,2024-03-01
6086,331,36188,credit,transfer,2024-02-19
6087,886,15079,credit,shopping,2024-01-13
6088,104,2828,debit,shopping,2024-07-14
6089,161,1695,credit,shopping,2024-10-01
6090,799,32724,credit,food,2024-08-03
6091,635,31668,debit,atm,2024-10-18
6092,54,2388,debit,food,2024-11-21
6093,940,39713,debit,salary,2024-09-24
6094,34,40531,debit,atm,2024-11-24
6095,242,29111,debit,shopping,2024-01-13
6096,967,17227,debit,shopping,2024-01-24
6097,890,17978,debit,shopping,2024-06-22
6098,113,7044,debit,shopping,2024-09-27
6099,318,12402,debit,salary,2024-04-03
6100,23,43048,debit,transfer,2024-04-05
6101,558,307,debit,atm,2024-02-04
6102,824,1183,debit,transfer,2024-08-29
6103,647,3411,debit,atm,2024-07-25
6104,118,23235,credit,shopping,2024-05-29
6105,985,41456,debit,food,2024-10-07
6106,701,31319,debit,salary,2024-10-06
6107,643,16692,credit,atm,2024-06-12
6108,934,46312,credit,shopping,2024-09-24
6109,212,24032,debit,food,2024-11-20
6110,418,19140,debit,shopping,2024-02-06
6111,113,5950,debit,salary,2024-01-18
6112,44,31816,debit,food,2024-04-20
6113,128,12819,debit,atm,2024-08-12
6114,876,21877,debit,atm,2024-10-23
6115,158,49385,credit,atm,2024-09-24
6116,785,17122,debit,atm,2024-12-18
6117,827,34096,debit,food,2024-07-15
6118,394,28045,debit,salary,2024-11-24
6119,867,28888,credit,food,2024-04-06
6120,852,4119,debit,atm,2024-06-06
6121,512,9582,debit,salary,2024-01-17
6122,914,46973,debit,transfer,2024-02-04
6123,45,18680,debit,transfer,2024-12-01
6124,108,9995,debit,food,2024-11-11
6125,219,14235,credit,atm,2024-07-16
6126,443,49113,debit,transfer,2024-04-26
6127,830,10487,debit,transfer,2024-08-26
6128,315,29236,debit,shopping,2024-01-11
6129,177,17459,credit,shopping,2024-11-24
6130,228,47772,debit,salary,2024-01-27
6131,703,6221,credit,salary,2024-09-26
6132,983,33896,debit,atm,2024-04-08
6133,672,17009,debit,transfer,2024-05-05
6134,906,2427,credit,food,2024-07-30
6135,267,19030,debit,food,2024-05-01
6136,870,35351,debit,shopping,2024-12-17
6137,838,35602,debit,salary,2024-03-15
6138,379,31647,debit,atm,2024-01-05
6139,489,31788,debit,shopping,2024-06-06
6140,702,42598,debit,shopping,2024-08-23
6141,687,42970,debit,atm,2024-07-21
6142,290,7404,debit,atm,2024-07-26
6143,996,4149,debit,transfer,2024-10-07
6144,357,15047,debit,atm,2024-12-27
6145,657,9595,debit,atm,2024-10-07
6146,744,24807,debit,shopping,2024-11-26
6147,872,33260,credit,shopping,2024-03-02
6148,950,44644,debit,food,2024-11-16
6149,204,43735,debit,food,2024-08-12
6150,213,30806,debit,food,2024-09-13
6151,552,35334,debit,atm,2024-04-25
6152,787,34093,debit,transfer,2024-06-23
6153,323,15087,debit,shopping,2024-11-24
6154,594,19189,debit,salary,2024-10-09
6155,181,561,debit,transfer,2024-10-20
6156,499,10093,debit,salary,2024-10-22
6157,320,11565,debit,atm,2024-07-27
6158,83,16635,debit,salary,2024-05-19
6159,303,32740,debit,food,2024-03-06
6160,262,10561,debit,shopping,2024-07-18
6161,784,12466,credit,transfer,2024-02-02
6162,200,29995,debit,food,2024-05-20
6163,240,1885,debit,shopping,2024-02-12
6164,914,6342,credit,food,2024-05-28
6165,692,24629,debit,transfer,2024-07-29
6166,944,47180,credit,atm,2024-10-12
6167,683,6456,debit,salary,2024-10-02
6168,295,23329,debit,atm,2024-03-22
6169,512,19944,debit,salary,2024-07-31
6170,689,18320,debit,salary,2024-04-29
6171,881,42457,credit,transfer,2024-09-19
6172,396,25751,credit,transfer,2024-07-15
6173,749,31786,debit,atm,2024-09-21
6174,138,22227,debit,shopping,2024-02-14
6175,839,22762,credit,shopping,2024-01-18
6176,878,34361,credit,atm,2024-10-29
6177,823,25460,debit,salary,2024-04-23
6178,129,38031,credit,transfer,2024-01-01
6179,49,42480,credit,atm,2024-08-24
6180,676,14397,debit,shopping,2024-11-29
6181,789,38572,debit,salary,2024-11-23
6182,293,22888,credit,shopping,2024-11-04
6183,628,39556,debit,salary,2024-02-06
6184,536,27111,debit,shopping,2024-01-20
6185,311,48703,debit,food,2024-12-16
6186,537,28157,credit,salary,2024-07-04
6187,903,18547,debit,salary,2024-04-29
6188,639,18504,debit,salary,2024-02-10
6189,234,21241,debit,food,2024-10-26
6190,209,22407,debit,food,2024-08-22
6191,605,10441,credit,shopping,2024-03-21
6192,94,40221,credit,transfer,2024-01-27
6193,327,9242,debit,shopping,2024-01-21
6194,225,48134,debit,salary,2024-10-22
6195,967,41084,debit,salary,2024-09-02
6196,890,16032,debit,shopping,2024-02-13
6197,792,12117,credit,atm,2024-12-30
6198,11,33437,credit,transfer,2024-12-11
6199,329,37980,debit,food,2024-06-20
6200,12,1455,debit,transfer,2024-09-17
6201,35,40924,debit,atm,2024-12-18
6202,447,16186,debit,shopping,2024-07-15
6203,452,21615,debit,shopping,2024-08-07
6204,740,14320,debit,salary,2024-05-28
6205,220,47366,debit,shopping,2024-01-08
6206,441,33702,debit,atm,2024-11-17
6207,653,11408,credit,shopping,2024-06-13
6208,535,1069,debit,shopping,2024-04-17
6209,595,33460,credit,atm,2024-11-11
6210,229,354,debit,food,2024-05-28
6211,935,10406,debit,transfer,2024-08-06
6212,344,27641,debit,shopping,2024-09-05
6213,80,2761,debit,transfer,2024-09-30
6214,353,15409,debit,transfer,2024-11-12
6215,396,41662,debit,salary,2024-07-15
6216,290,18323,credit,food,2024-06-10
6217,455,6005,credit,transfer,2024-12-03
6218,843,2531,debit,salary,2024-04-08
6219,671,7856,debit,atm,2024-03-30
6220,989,5453,debit,atm,2024-06-05
6221,128,1837,debit,atm,2024-12-13
6222,702,16968,debit,atm,2024-07-16
6223,909,32576,credit,atm,2024-03-30
6224,543,24425,debit,salary,2024-11-09
6225,898,12426,credit,food,2024-07-28
6226,359,24686,debit,food,2024-06-09
6227,527,13011,debit,salary,2024-04-05
6228,313,29180,debit,salary,2024-08-05
6229,75,22735,debit,shopping,2024-08-01
6230,546,5313,credit,transfer,2024-10-16
6231,871,39095,credit,atm,2024-04-28
6232,196,28040,debit,transfer,2024-04-28
6233,843,44147,credit,shopping,2024-02-18
6234,29,48704,debit,food,2024-01-12
6235,706,23465,debit,atm,2024-09-10
6236,16,8896,credit,food,2024-05-29
6237,423,49219,debit,salary,2024-05-31
6238,589,17452,debit,transfer,2024-11-07
6239,805,16920,debit,food,2024-06-01
6240,593,11066,debit,shopping,2024-05-08
6241,405,46835,debit,food,2024-07-20
6242,940,1909,debit,atm,2024-06-10
6243,636,39414,debit,atm,2024-09-29
6244,531,40975,debit,transfer,2024-05-08
6245,967,5605,debit,salary,2024-01-06
6246,614,30749,credit,atm,2024-11-26
6247,904,5357,debit,shopping,2024-02-08
6248,77,15151,debit,transfer,2024-05-27
6249,229,5009,debit,atm,2024-12-05
6250,962,27445,debit,shopping,2024-07-31
6251,297,14966,debit,food,2024-04-27
6252,510,42889,credit,shopping,2024-05-31
6253,715,24968,debit,transfer,2024-02-10
6254,984,48226,debit,atm,2024-04-28
6255,966,28627,credit,salary,2024-03-30
6256,573,561,credit,salary,2024-11-18
6257,538,28560,debit,shopping,2024-10-20
6258,583,48600,debit,shopping,2024-08-20
6259,615,3333,debit,shopping,2024-02-07
6260,979,12228,debit,atm,2024-10-10
6261,326,5302,debit,salary,2024-09-07
6262,363,35807,debit,salary,2024-09-22
6263,669,31358,debit,transfer,2024-05-31
6264,875,48065,credit,transfer,2024-11-13
6265,359,31338,debit,food,2024-04-13
6266,706,13822,debit,atm,2024-06-28
6267,787,45866,debit,shopping,2024-03-11
6268,324,49340,debit,transfer,2024-08-02
6269,698,18147,debit,food,2024-08-02
6270,326,3401,debit,food,2024-12-16
6271,625,32644,credit,salary,2024-09-08
6272,825,31683,debit,atm,2024-02-19
6273,165,27613,debit,atm,2024-08-26
6274,573,15740,debit,shopping,2024-08-06
6275,604,22513,credit,atm,2024-11-20
6276,798,16905,credit,shopping,2024-12-20
6277,455,20233,credit,atm,2024-06-25
6278,969,48999,debit,salary,2024-01-17
6279,153,21455,credit,food,2024-08-18
6280,737,23329,credit,atm,2024-03-26
6281,127,4533,debit,atm,2024-11-04
6282,193,33133,debit,salary,2024-12-15
6283,627,35718,credit,transfer,2024-07-12
6284,774,1478,credit,shopping,2024-05-12
6285,530,6603,credit,transfer,2024-07-08
6286,10,40025,debit,food,2024-04-08
6287,92,42874,credit,transfer,2024-03-21
6288,139,33717,debit,food,2024-07-09
6289,481,4914,debit,shopping,2024-08-10
6290,449,23863,credit,salary,2024-08-30
6291,333,10100,credit,food,2024-11-25
6292,869,15388,debit,shopping,2024-11-27
6293,340,3374,credit,salary,2024-04-27
6294,961,49968,debit,transfer,2024-01-18
6295,52,14327,debit,transfer,2024-04-24
6296,707,17379,credit,food,2024-07-23
6297,466,9468,credit,atm,2024-07-18
6298,718,44813,debit,atm,2024-12-20
6299,799,42836,debit,salary,2024-11-13
6300,475,31106,debit,transfer,2024-09-11
6301,401,27480,credit,shopping,2024-10-28
6302,439,28068,credit,salary,2024-11-22
6303,878,9751,credit,food,2024-11-11
6304,605,14003,debit,food,2024-06-21
6305,932,19027,credit,salary,2024-12-29
6306,997,7871,credit,shopping,2024-03-19
6307,922,13560,debit,transfer,2024-05-29
6308,821,4737,debit,transfer,2024-07-11
6309,657,45790,debit,shopping,2024-09-18
6310,598,40934,credit,transfer,2024-11-16
6311,509,3653,debit,atm,2024-03-23
6312,153,34217,credit,atm,2024-05-06
6313,514,35854,debit,shopping,2024-07-01
6314,503,23680,debit,atm,2024-06-10
6315,854,11622,credit,salary,2024-02-10
6316,901,34990,debit,transfer,2024-06-08
6317,772,28304,debit,salary,2024-02-20
6318,676,13992,debit,shopping,2024-04-19
6319,6,8789,debit,atm,2024-03-20
6320,500,28163,credit,salary,2024-08-12
6321,661,14162,credit,salary,2024-01-05
6322,717,1463,debit,food,2024-11-09
6323,118,16791,credit,salary,2024-08-14
6324,485,2851,debit,atm,2024-06-22
6325,601,7882,debit,transfer,2024-04-21
6326,666,17748,credit,transfer,2024-04-14
6327,951,12640,debit,transfer,2024-03-02
6328,679,46091,debit,atm,2024-01-07
6329,468,5439,credit,transfer,2024-01-15
6330,161,27120,debit,transfer,2024-05-04
6331,270,27709,debit,shopping,2024-01-20
6332,56,5948,debit,shopping,2024-12-07
6333,228,16977,credit,food,2024-11-05
6334,849,18505,debit,food,2024-11-22
6335,149,48729,debit,salary,2024-04-04
6336,46,46333,credit,salary,2024-09-05
6337,144,21571,credit,salary,2024-11-01
6338,750,3402,debit,food,2024-09-15
6339,784,14537,debit,transfer,2024-04-16
6340,632,48030,debit,salary,2024-09-03
6341,340,14612,debit,transfer,2024-02-15
6342,413,32536,debit,transfer,2024-12-02
6343,732,23611,debit,food,2024-02-06
6344,520,5122,debit,shopping,2024-05-04
6345,344,43339,debit,shopping,2024-02-29
6346,387,6255,debit,atm,2024-08-03
6347,473,31580,credit,shopping,2024-04-06
6348,275,38122,debit,salary,2024-10-25
6349,353,25432,debit,food,2024-05-17
6350,66,4454,credit,transfer,2024-11-22
6351,79,31947,debit,food,2024-12-17
6352,598,35384,debit,atm,2024-01-02
6353,636,48740,credit,atm,2024-03-12
6354,202,10256,debit,atm,2024-11-18
6355,978,22553,debit,transfer,2024-08-13
6356,662,32789,credit,atm,2024-08-26
6357,558,23858,debit,atm,2024-06-22
6358,113,8938,credit,atm,2024-06-17
6359,91,45602,credit,transfer,2024-01-04
6360,141,43890,debit,atm,2024-03-27
6361,289,38076,debit,salary,2024-01-10
6362,901,49446,credit,food,2024-04-22
6363,730,13825,debit,atm,2024-04-11
6364,589,9437,credit,atm,2024-01-05
6365,411,10801,debit,food,2024-03-14
6366,377,29911,debit,atm,2024-03-30
6367,384,43143,debit,atm,2024-04-22
6368,846,39078,debit,salary,2024-03-20
6369,152,29416,debit,shopping,2024-04-30
6370,835,11644,debit,transfer,2024-11-12
6371,751,21614,credit,transfer,2024-10-10
6372,627,16427,debit,food,2024-05-25
6373,319,46909,debit,salary,2024-11-03
6374,369,16805,debit,transfer,2024-02-27
6375,606,10579,credit,food,2024-06-17
6376,995,11423,debit,food,2024-07-21
6377,560,13037,credit,food,2024-08-13
6378,703,23189,credit,transfer,2024-03-19
6379,462,1802,debit,shopping,2024-09-13
6380,12,10504,debit,food,2024-12-18
6381,156,33698,debit,atm,2024-03-13
6382,684,8480,debit,shopping,2024-04-17
6383,477,22090,debit,shopping,2024-05-24
6384,939,32959,debit,atm,2024-09-16
6385,401,3977,debit,transfer,2024-04-10
6386,808,42971,debit,transfer,2024-10-28
6387,177,18820,debit,salary,2024-11-21
6388,341,7776,credit,transfer,2024-01-06
6389,57,31918,debit,salary,2024-12-04
6390,855,34448,debit,food,2024-04-03
6391,852,48655,credit,transfer,2024-04-29
6392,448,42468,debit,transfer,2024-07-19
6393,203,48280,debit,atm,2024-07-07
6394,697,24230,debit,food,2024-07-11
6395,633,33341,credit,salary,2024-11-08
6396,738,44492,debit,food,2024-01-25
6397,202,49521,debit,shopping,2024-01-16
6398,330,26720,debit,atm,2024-08-07
6399,363,17177,debit,shopping,2024-01-05
6400,892,12763,debit,salary,2024-05-29
6401,454,17899,debit,transfer,2024-09-26
6402,356,47385,debit,transfer,2024-03-20
6403,216,17719,debit,transfer,2024-05-06
6404,972,4067,debit,salary,2024-08-11
6405,555,27588,credit,shopping,2024-11-21
6406,887,13311,credit,salary,2024-09-29
6407,23,21269,debit,salary,2024-09-13
6408,155,30473,credit,shopping,2024-05-25
6409,186,32769,debit,transfer,2024-03-15
6410,249,6734,credit,atm,2024-01-11
6411,749,940,debit,salary,2024-04-01
6412,805,34329,debit,salary,2024-09-24
6413,134,21418,credit,shopping,2024-06-10
6414,321,15505,credit,atm,2024-03-20
6415,390,47871,debit,salary,2024-07-20
6416,434,36340,debit,food,2024-09-06
6417,22,15947,credit,atm,2024-09-01
6418,873,23647,debit,salary,2024-09-10
6419,600,6675,credit,atm,2024-04-12
6420,665,30223,credit,food,2024-08-05
6421,125,4943,credit,food,2024-10-24
6422,79,27551,debit,atm,2024-08-21
6423,858,7839,debit,transfer,2024-05-21
6424,968,14952,debit,atm,2024-08-28
6425,51,49192,credit,shopping,2024-03-23
6426,728,9257,credit,transfer,2024-12-19
6427,176,22506,debit,food,2024-05-07
6428,870,47384,credit,transfer,2024-10-11
6429,253,45300,debit,food,2024-01-28
6430,966,7532,credit,food,2024-08-27
6431,246,18937,debit,food,2024-08-28
6432,739,15248,debit,shopping,2024-12-09
6433,106,11294,debit,shopping,2024-04-01
6434,193,32691,debit,salary,2024-04-15
6435,316,14919,credit,shopping,2024-08-23
6436,302,6725,debit,food,2024-05-01
6437,548,7504,credit,atm,2024-03-16
6438,954,14774,credit,transfer,2024-12-04
6439,716,10607,debit,atm,2024-09-18
6440,934,20487,credit,food,2024-09-14
6441,779,18797,debit,atm,2024-02-22
6442,268,37491,credit,transfer,2024-09-12
6443,170,19647,debit,salary,2024-12-24
6444,551,23670,credit,salary,2024-10-13
6445,455,39883,debit,shopping,2024-02-06
6446,651,28137,credit,atm,2024-07-02
6447,292,30183,debit,shopping,2024-04-27
6448,564,48129,debit,shopping,2024-06-16
6449,799,40650,debit,atm,2024-05-19
6450,801,38082,debit,atm,2024-09-05
6451,141,39806,debit,transfer,2024-02-24
6452,146,3088,credit,atm,2024-08-12
6453,425,5256,debit,atm,2024-07-03
6454,314,38380,credit,shopping,2024-06-21
6455,184,9888,credit,salary,2024-01-25
6456,664,14285,debit,food,2024-06-18
6457,713,18834,debit,salary,2024-05-25
6458,128,10071,credit,atm,2024-06-06
6459,287,43508,debit,food,2024-09-30
6460,823,6587,debit,atm,2024-05-14
6461,253,21097,debit,transfer,2024-03-19
6462,778,46556,credit,atm,2024-10-12
6463,700,12552,debit,food,2024-07-15
6464,386,15472,debit,transfer,2024-01-06
6465,230,44867,debit,food,2024-10-30
6466,271,13534,debit,transfer,2024-12-25
6467,771,12516,debit,shopping,2024-05-20
6468,811,19348,credit,food,2024-04-15
6469,415,46813,debit,shopping,2024-10-08
6470,198,28294,credit,shopping,2024-01-20
6471,323,33885,debit,atm,2024-06-08
6472,56,37558,debit,salary,2024-08-11
6473,831,8473,debit,transfer,2024-04-23
6474,203,30383,credit,food,2024-04-17
6475,783,29515,credit,shopping,2024-09-06
6476,621,26514,debit,atm,2024-06-29
6477,628,14478,debit,food,2024-03-05
6478,604,18436,credit,atm,2024-05-10
6479,138,4800,debit,food,2024-12-24
6480,422,14001,debit,atm,2024-10-25
6481,815,24938,debit,atm,2024-10-07
6482,57,22697,debit,salary,2024-12-06
6483,562,33528,debit,shopping,2024-08-08
6484,71,40249,debit,transfer,2024-03-26
6485,911,35787,debit,transfer,2024-05-30
6486,914,29593,debit,food,2024-09-25
6487,594,31952,credit,food,2024-01-23
6488,372,11032,debit,salary,2024-03-03
6489,617,23109,debit,food,2024-04-08
6490,600,33683,debit,transfer,2024-03-23
6491,514,47378,credit,shopping,2024-01-15
6492,872,28094,debit,salary,2024-04-26
6493,84,29965,credit,food,2024-08-31
6494,994,12389,debit,salary,2024-10-08
6495,43,28393,credit,salary,2024-12-24
6496,666,4834,debit,salary,2024-12-02
6497,839,20113,debit,food,2024-04-03
6498,934,35621,credit,atm,2024-03-01
6499,606,6605,debit,food,2024-06-04
6500,810,44427,credit,food,2024-10-16
6501,133,47773,debit,food,2024-05-23
6502,395,4785,debit,food,2024-08-20
6503,65,49453,credit,food,2024-05-18
6504,290,18509,credit,salary,2024-05-31
6505,376,19617,credit,salary,2024-08-16
6506,769,44633,debit,food,2024-03-17
6507,467,30575,credit,shopping,2024-10-16
6508,898,37089,debit,shopping,2024-11-17
6509,213,15427,debit,atm,2024-07-18
6510,148,3771,debit,shopping,2024-05-12
6511,573,5041,credit,transfer,2024-03-15
6512,471,26472,debit,transfer,2024-11-17
6513,149,12566,credit,shopping,2024-12-23
6514,88,18386,debit,food,2024-06-30
6515,324,45059,debit,shopping,2024-09-10
6516,895,4688,debit,transfer,2024-10-06
6517,396,28180,debit,shopping,2024-03-16
6518,790,24644,debit,salary,2024-08-17
6519,404,10911,debit,atm,2024-12-01
6520,82,18833,debit,salary,2024-06-27
6521,641,40796,debit,salary,2024-05-31
6522,286,48193,debit,atm,2024-12-26
6523,382,39988,debit,food,2024-09-29
6524,865,47142,debit,atm,2024-01-30
6525,792,30159,debit,food,2024-06-23
6526,270,37587,debit,transfer,2024-10-24
6527,292,40949,debit,shopping,2024-10-04
6528,453,14650,debit,transfer,2024-01-31
6529,715,49222,credit,transfer,2024-02-20
6530,24,10964,debit,transfer,2024-06-13
6531,956,25494,credit,shopping,2024-12-09
6532,863,19161,credit,food,2024-03-29
6533,311,49799,credit,atm,2024-05-03
6534,461,12724,credit,food,2024-06-07
6535,208,25034,debit,food,2024-04-09
6536,792,3461,debit,salary,2024-05-21
6537,717,13807,debit,shopping,2024-04-26
6538,664,2024,debit,food,2024-02-08
6539,438,29587,debit,food,2024-12-13
6540,538,12747,debit,transfer,2024-06-14
6541,706,31834,credit,salary,2024-04-16
6542,336,29118,debit,atm,2024-11-26
6543,422,21727,debit,salary,2024-09-30
6544,750,21131,debit,transfer,2024-02-08
6545,321,39549,credit,transfer,2024-03-23
6546,497,2801,debit,transfer,2024-11-18
6547,587,47043,debit,shopping,2024-10-23
6548,947,42990,credit,transfer,2024-10-28
6549,163,49673,debit,food,2024-06-03
6550,811,16819,credit,shopping,2024-05-01
6551,541,9818,credit,transfer,2024-01-23
6552,165,156,debit,shopping,2024-02-04
6553,849,46841,debit,food,2024-08-17
6554,698,15452,debit,transfer,2024-05-20
6555,566,47920,debit,transfer,2024-10-08
6556,295,3247,credit,food,2024-07-24
6557,42,3637,debit,transfer,2024-06-11
6558,924,22912,credit,food,2024-05-13
6559,285,821,debit,transfer,2024-03-12
6560,939,45137,credit,transfer,2024-02-21
6561,387,16869,debit,salary,2024-02-22
6562,138,40294,debit,shopping,2024-06-23
6563,187,46656,debit,atm,2024-03-20
6564,910,46875,debit,salary,2024-04-02
6565,716,43947,debit,salary,2024-03-04
6566,431,14446,debit,shopping,2024-02-03
6567,554,39983,debit,salary,2024-10-11
6568,862,11011,debit,food,2024-10-30
6569,416,359,debit,salary,2024-07-20
6570,800,20972,credit,atm,2024-04-25
6571,426,8891,debit,food,2024-07-11
6572,416,7636,credit,shopping,2024-12-24
6573,26,20532,credit,shopping,2024-06-22
6574,371,32850,credit,shopping,2024-01-27
6575,385,41815,debit,food,2024-09-13
6576,56,44637,debit,shopping,2024-12-03
6577,253,19641,debit,shopping,2024-05-10
6578,634,43818,debit,atm,2024-01-26
6579,106,16960,debit,transfer,2024-04-27
6580,130,5383,debit,transfer,2024-10-06
6581,849,30843,debit,transfer,2024-10-27
6582,670,42659,debit,shopping,2024-04-25
6583,376,35227,credit,food,2024-08-26
6584,743,7505,debit,shopping,2024-07-30
6585,967,31281,debit,transfer,2024-01-18
6586,308,32305,debit,atm,2024-05-10
6587,91,24508,debit,shopping,2024-04-20
6588,393,17745,debit,shopping,2024-05-07
6589,534,47225,debit,shopping,2024-04-23
6590,802,6423,debit,food,2024-08-12
6591,110,6037,debit,atm,2024-05-25
6592,561,43898,debit,atm,2024-07-09
6593,641,30531,debit,atm,2024-04-17
6594,585,17982,debit,atm,2024-01-19
6595,340,25424,credit,transfer,2024-05-30
6596,565,13103,debit,shopping,2024-12-05
6597,979,43446,debit,atm,2024-07-01
6598,356,25206,debit,salary,2024-10-06
6599,892,13079,debit,salary,2024-06-02
6600,168,35077,credit,transfer,2024-08-12
6601,557,44928,debit,salary,2024-02-23
6602,452,7328,debit,salary,2024-04-08
6603,905,9400,debit,salary,2024-03-29
6604,105,8781,credit,transfer,2024-06-09
6605,150,41064,credit,shopping,2024-02-26
6606,146,8367,credit,transfer,2024-05-01
6607,716,5472,debit,food,2024-04-10
6608,874,39018,credit,food,2024-11-15
6609,299,11020,debit,salary,2024-08-16
6610,167,48869,debit,salary,2024-07-21
6611,713,16956,credit,shopping,2024-03-25
6612,646,27885,credit,salary,2024-02-28
6613,723,48015,debit,food,2024-07-27
6614,48,17321,credit,salary,2024-01-16
6615,638,25278,debit,shopping,2024-02-13
6616,239,34054,debit,food,2024-02-15
6617,7,6561,credit,salary,2024-09-10
6618,464,17965,debit,shopping,2024-11-28
6619,453,44332,debit,shopping,2024-02-27
6620,784,14152,debit,food,2024-03-10
6621,897,30470,debit,food,2024-08-16
6622,371,7432,debit,food,2024-11-15
6623,549,49483,debit,shopping,2024-07-26
6624,487,427,credit,food,2024-11-21
6625,211,22865,debit,food,2024-08-08
6626,165,5339,debit,shopping,2024-02-29
6627,125,10178,credit,shopping,2024-10-07
6628,337,7138,debit,food,2024-12-08
6629,192,8148,debit,food,2024-09-23
6630,730,28771,debit,food,2024-12-14
6631,214,15054,debit,shopping,2024-12-06
6632,574,35165,credit,atm,2024-11-14
6633,328,45571,debit,transfer,2024-06-02
6634,957,2879,debit,salary,2024-02-10
6635,381,46574,debit,transfer,2024-11-04
6636,673,13325,debit,shopping,2024-07-21
6637,578,40186,credit,atm,2024-08-17
6638,798,32641,debit,shopping,2024-05-31
6639,239,19820,debit,food,2024-12-02
6640,532,13631,credit,salary,2024-04-03
6641,700,5435,debit,transfer,2024-05-07
6642,82,9630,credit,shopping,2024-08-16
6643,363,24891,debit,atm,2024-03-13
6644,505,40370,debit,food,2024-03-23
6645,202,1749,debit,atm,2024-08-23
6646,920,13572,credit,salary,2024-07-10
6647,504,2962,credit,atm,2024-02-15
6648,644,25285,credit,atm,2024-02-20
6649,37,27234,debit,food,2024-08-07
6650,644,1017,debit,atm,2024-04-08
6651,589,12544,debit,food,2024-10-12
6652,601,41221,credit,salary,2024-04-10
6653,973,20621,debit,shopping,2024-05-23
6654,402,38317,debit,food,2024-08-22
6655,765,22166,debit,shopping,2024-11-08
6656,856,2911,debit,transfer,2024-12-27
6657,706,36289,debit,atm,2024-11-12
6658,176,9390,debit,shopping,2024-09-29
6659,545,35589,debit,atm,2024-09-01
6660,570,27384,debit,food,2024-09-04
6661,467,24798,credit,atm,2024-09-19
6662,201,43760,debit,salary,2024-06-11
6663,540,19737,credit,shopping,2024-04-30
6664,547,48124,credit,atm,2024-07-15
6665,999,33656,debit,shopping,2024-12-12
6666,637,16740,debit,shopping,2024-01-30
6667,394,4125,debit,salary,2024-06-20
6668,833,31576,debit,food,2024-04-15
6669,42,6841,debit,atm,2024-07-26
6670,597,3754,debit,transfer,2024-02-25
6671,393,46448,debit,shopping,2024-05-15
6672,700,40528,debit,food,2024-08-10
6673,623,36119,debit,transfer,2024-01-20
6674,783,38136,credit,shopping,2024-10-12
6675,995,44649,debit,transfer,2024-11-28
6676,441,29943,debit,atm,2024-01-26
6677,837,23660,debit,atm,2024-03-06
6678,617,46357,debit,shopping,2024-03-01
6679,506,47999,debit,shopping,2024-02-14
6680,918,40430,debit,atm,2024-10-28
6681,320,16087,debit,food,2024-10-06
6682,553,20910,debit,transfer,2024-11-28
6683,215,20411,debit,shopping,2024-04-24
6684,71,47259,debit,shopping,2024-01-16
6685,568,35020,credit,salary,2024-12-03
6686,919,8838,debit,transfer,2024-05-23
6687,236,7988,debit,atm,2024-11-17
6688,281,42964,debit,shopping,2024-05-08
6689,987,5574,debit,shopping,2024-03-14
6690,617,588,debit,atm,2024-01-25
6691,902,24244,debit,transfer,2024-01-14
6692,887,5722,credit,food,2024-07-27
6693,162,31930,debit,atm,2024-05-14
6694,191,36642,debit,food,2024-01-21
6695,9,39314,debit,shopping,2024-12-14
6696,60,27748,debit,food,2024-03-31
6697,893,32797,debit,food,2024-02-18
6698,817,25323,debit,atm,2024-01-12
6699,225,21965,credit,shopping,2024-01-22
6700,819,8672,debit,transfer,2024-12-25
6701,700,40701,debit,salary,2024-06-10
6702,582,43126,credit,food,2024-06-04
6703,805,23601,credit,shopping,2024-06-07
6704,287,26966,debit,salary,2024-09-26
6705,994,12516,credit,transfer,2024-03-27
6706,169,25875,credit,salary,2024-12-02
6707,62,29180,credit,transfer,2024-07-27
6708,349,4987,credit,salary,2024-01-08
6709,442,19474,credit,transfer,2024-06-14
6710,14,16705,debit,food,2024-01-10
6711,164,15784,credit,salary,2024-01-30
6712,420,24102,debit,transfer,2024-09-19
6713,757,26115,debit,shopping,2024-09-14
6714,847,23072,debit,atm,2024-10-04
6715,520,717,credit,salary,2024-05-12
6716,666,46504,debit,salary,2024-07-15
6717,548,35438,credit,salary,2024-02-25
6718,560,6409,debit,salary,2024-10-02
6719,597,19239,debit,atm,2024-07-16
6720,28,2890,debit,salary,2024-11-19
6721,708,7926,debit,food,2024-07-03
6722,446,12234,credit,food,2024-01-21
6723,208,19793,debit,shopping,2024-01-17
6724,470,4154,debit,atm,2024-03-19
6725,716,16190,debit,shopping,2024-01-27
6726,976,23908,credit,food,2024-06-15
6727,819,40549,credit,salary,2024-12-04
6728,104,15669,debit,salary,2024-08-22
6729,742,32327,debit,transfer,2024-04-20
6730,426,6608,debit,atm,2024-08-01
6731,101,16708,debit,transfer,2024-07-16
6732,541,23623,debit,atm,2024-07-15
6733,639,10533,credit,atm,2024-01-13
6734,850,32039,credit,salary,2024-04-22
6735,522,45212,debit,salary,2024-04-07
6736,106,24620,credit,shopping,2024-11-01
6737,679,11988,debit,food,2024-05-17
6738,978,31032,debit,food,2024-02-25
6739,769,19834,debit,salary,2024-04-13
6740,807,3927,debit,food,2024-08-19
6741,277,16357,debit,atm,2024-06-20
6742,65,32294,debit,food,2024-01-28
6743,783,31418,credit,shopping,2024-10-19
6744,900,16893,credit,food,2024-10-18
6745,188,34784,debit,food,2024-04-01
6746,317,28114,debit,shopping,2024-07-23
6747,916,2959,debit,shopping,2024-11-08
6748,138,39940,debit,salary,2024-02-05
6749,343,31956,credit,shopping,2024-05-08
6750,105,48391,debit,salary,2024-06-19
6751,546,34919,debit,atm,2024-12-28
6752,380,20185,debit,transfer,2024-12-27
6753,110,8314,credit,food,2024-07-13
6754,944,35836,debit,shopping,2024-02-01
6755,545,41804,credit,food,2024-04-28
6756,354,701,debit,atm,2024-03-10
6757,743,24418,debit,transfer,2024-11-09
6758,317,15551,debit,shopping,2024-07-16
6759,266,46125,credit,salary,2024-12-10
6760,694,5374,debit,salary,2024-10-10
6761,852,18326,debit,shopping,2024-08-18
6762,65,43734,debit,shopping,2024-07-11
6763,333,31026,debit,atm,2024-06-16
6764,513,45236,credit,transfer,2024-03-28
6765,133,19146,credit,shopping,2024-04-24
6766,592,8774,credit,salary,2024-05-17
6767,783,19123,debit,transfer,2024-03-16
6768,753,22010,debit,shopping,2024-10-19
6769,540,48330,credit,transfer,2024-08-14
6770,735,11603,credit,atm,2024-11-11
6771,535,48492,debit,shopping,2024-03-31
6772,496,47238,debit,shopping,2024-03-17
6773,621,5468,credit,transfer,2024-12-15
6774,619,23627,debit,shopping,2024-11-18
6775,657,45435,debit,transfer,2024-06-28
6776,369,22587,debit,transfer,2024-07-08
6777,866,36693,credit,shopping,2024-08-29
6778,909,10491,debit,salary,2024-01-29
6779,910,9974,debit,atm,2024-10-12
6780,651,3708,credit,transfer,2024-05-29
6781,796,30551,debit,salary,2024-12-02
6782,810,39746,credit,transfer,2024-11-04
6783,992,33886,debit,salary,2024-08-06
6784,99,27646,credit,shopping,2024-10-04
6785,317,42478,debit,atm,2024-10-31
6786,123,35368,debit,salary,2024-02-15
6787,320,2767,debit,food,2024-01-11
6788,799,42446,debit,transfer,2024-01-16
6789,593,5330,debit,salary,2024-06-30
6790,495,25820,debit,atm,2024-07-03
6791,457,43123,debit,atm,2024-02-05
6792,522,37702,debit,atm,2024-02-20
6793,520,1646,debit,salary,2024-05-29
6794,917,15150,debit,salary,2024-09-15
6795,717,47917,debit,shopping,2024-10-17
6796,315,30234,debit,food,2024-04-22
6797,946,15740,debit,salary,2024-10-20
6798,709,20928,debit,shopping,2024-12-27
6799,710,14384,debit,transfer,2024-02-24
6800,542,3523,credit,food,2024-10-20
6801,479,28677,debit,atm,2024-08-03
6802,913,19170,debit,food,2024-06-10
6803,971,2432,debit,transfer,2024-01-11
6804,20,6166,debit,salary,2024-07-25
6805,560,18140,credit,salary,2024-09-26
6806,969,38906,credit,shopping,2024-12-02
6807,130,8683,credit,salary,2024-01-21
6808,293,38157,credit,salary,2024-04-16
6809,897,22704,debit,food,2024-04-11
6810,132,26664,debit,transfer,2024-12-07
6811,356,33164,debit,atm,2024-02-29
6812,54,22957,credit,atm,2024-02-03
6813,890,29041,debit,shopping,2024-03-05
6814,793,38062,debit,transfer,2024-08-02
6815,387,38673,debit,food,2024-09-16
6816,265,45665,debit,atm,2024-12-26
6817,982,25792,debit,shopping,2024-08-22
6818,215,16979,debit,salary,2024-11-07
6819,460,35863,debit,salary,2024-03-10
6820,458,16577,debit,food,2024-12-01
6821,802,45780,debit,atm,2024-01-10
6822,43,6493,debit,salary,2024-10-17
6823,586,33588,debit,shopping,2024-08-03
6824,862,21559,debit,shopping,2024-09-08
6825,278,39193,credit,atm,2024-11-27
6826,838,12654,debit,food,2024-07-09
6827,754,37967,debit,shopping,2024-04-06
6828,130,12668,debit,transfer,2024-08-06
6829,350,36894,debit,shopping,2024-07-20
6830,706,45115,credit,food,2024-08-04
6831,544,5157,debit,shopping,2024-10-14
6832,106,17590,credit,salary,2024-04-15
6833,912,5405,debit,food,2024-02-25
6834,716,32840,debit,salary,2024-06-02
6835,1,44782,credit,salary,2024-03-08
6836,757,24218,debit,atm,2024-07-19
6837,584,6774,debit,food,2024-03-30
6838,432,42431,credit,salary,2024-01-11
6839,306,25098,debit,atm,2024-04-11
6840,909,15416,debit,atm,2024-10-14
6841,527,16317,debit,salary,2024-07-05
6842,53,2105,credit,salary,2024-08-18
6843,940,45609,credit,transfer,2024-05-16
6844,520,14702,debit,food,2024-01-11
6845,330,21745,credit,atm,2024-12-08
6846,558,45471,debit,food,2024-12-17
6847,325,14087,debit,atm,2024-09-23
6848,114,13643,debit,shopping,2024-02-26
6849,147,28044,credit,shopping,2024-02-19
6850,166,9244,credit,atm,2024-03-13
6851,379,43982,debit,transfer,2024-12-02
6852,139,38559,debit,shopping,2024-02-22
6853,629,39927,credit,food,2024-03-29
6854,299,30841,credit,salary,2024-09-08
6855,276,4579,debit,food,2024-07-26
6856,916,4298,debit,food,2024-04-19
6857,789,9191,credit,food,2024-08-12
6858,850,47936,credit,atm,2024-06-19
6859,825,4305,credit,atm,2024-10-21
6860,178,3741,debit,food,2024-02-11
6861,842,3643,credit,salary,2024-07-22
6862,354,48292,credit,transfer,2024-06-01
6863,154,5691,debit,transfer,2024-03-18
6864,926,44701,credit,shopping,2024-08-09
6865,201,29441,credit,shopping,2024-09-22
6866,878,29155,debit,salary,2024-08-03
6867,115,6216,debit,food,2024-06-10
6868,671,861,debit,atm,2024-03-16
6869,554,2507,debit,shopping,2024-01-26
6870,759,31694,debit,food,2024-02-04
6871,68,985,debit,transfer,2024-03-17
6872,445,32295,credit,salary,2024-07-29
6873,445,35511,debit,atm,2024-11-07
6874,326,27919,credit,atm,2024-02-17
6875,846,11225,debit,shopping,2024-01-23
6876,708,21594,debit,food,2024-03-05
6877,602,34336,debit,atm,2024-01-08
6878,623,24685,debit,transfer,2024-08-18
6879,880,22145,debit,transfer,2024-08-13
6880,359,22547,debit,salary,2024-05-20
6881,145,46234,credit,salary,2024-08-23
6882,275,39883,credit,transfer,2024-06-25
6883,509,26338,credit,transfer,2024-09-11
6884,179,39191,credit,food,2024-04-14
6885,753,41803,debit,atm,2024-05-17
6886,838,35296,debit,food,2024-05-10
6887,831,11785,debit,salary,2024-01-28
6888,477,12838,credit,salary,2024-01-27
6889,843,42176,debit,salary,2024-12-06
6890,976,48747,debit,atm,2024-01-11
6891,414,15872,debit,shopping,2024-08-03
6892,153,10733,debit,salary,2024-01-12
6893,104,23592,debit,salary,2024-01-07
6894,75,44061,debit,food,2024-06-18
6895,128,48149,debit,food,2024-12-17
6896,711,36955,debit,shopping,2024-11-12
6897,666,6328,debit,shopping,2024-03-04
6898,568,2931,debit,shopping,2024-10-10
6899,790,20145,debit,shopping,2024-12-14
6900,345,18232,credit,food,2024-12-12
6901,531,11155,debit,salary,2024-06-28
6902,159,24418,credit,food,2024-04-15
6903,538,13895,debit,transfer,2024-05-29
6904,426,40420,debit,transfer,2024-09-22
6905,681,19748,debit,salary,2024-05-14
6906,996,22258,debit,shopping,2024-07-09
6907,23,21847,debit,salary,2024-08-29
6908,47,23334,debit,transfer,2024-03-27
6909,525,47473,debit,salary,2024-07-13
6910,729,31660,debit,shopping,2024-03-28
6911,834,11382,debit,food,2024-12-26
6912,706,33931,credit,shopping,2024-04-25
6913,144,23143,debit,food,2024-11-27
6914,585,46212,credit,transfer,2024-10-03
6915,668,21029,credit,atm,2024-09-29
6916,589,48766,credit,salary,2024-12-21
6917,419,35600,debit,atm,2024-01-09
6918,681,1972,debit,shopping,2024-08-29
6919,973,37588,credit,food,2024-08-01
6920,799,2069,debit,shopping,2024-08-11
6921,85,25560,debit,shopping,2024-07-05
6922,416,12255,debit,transfer,2024-11-20
6923,694,11970,debit,shopping,2024-05-01
6924,482,49570,credit,salary,2024-07-14
6925,456,28492,credit,transfer,2024-07-07
6926,827,3817,credit,atm,2024-09-17
6927,297,1474,debit,shopping,2024-01-07
6928,112,21926,debit,atm,2024-12-24
6929,962,8779,debit,salary,2024-06-05
6930,230,49702,debit,salary,2024-01-28
6931,96,13527,debit,salary,2024-11-08
6932,950,23664,debit,atm,2024-11-14
6933,680,34808,debit,atm,2024-07-29
6934,378,35235,debit,food,2024-02-18
6935,156,44296,credit,transfer,2024-09-24
6936,421,24371,credit,shopping,2024-06-21
6937,105,16731,debit,transfer,2024-12-23
6938,705,19987,debit,salary,2024-07-29
6939,330,25359,credit,shopping,2024-10-27
6940,439,32496,credit,food,2024-03-05
6941,132,49730,credit,transfer,2024-06-11
6942,867,19244,debit,salary,2024-04-20
6943,382,12755,debit,shopping,2024-06-07
6944,138,40836,debit,shopping,2024-09-02
6945,943,49160,debit,salary,2024-10-18
6946,843,20936,debit,atm,2024-04-08
6947,270,47611,credit,transfer,2024-07-07
6948,550,1468,debit,shopping,2024-01-12
6949,396,35094,credit,atm,2024-09-03
6950,557,44556,debit,food,2024-07-28
6951,913,36480,debit,shopping,2024-08-07
6952,464,12299,debit,shopping,2024-09-25
6953,675,42902,debit,food,2024-02-09
6954,450,11669,credit,food,2024-03-13
6955,331,33927,debit,shopping,2024-12-24
6956,253,31282,credit,salary,2024-02-25
6957,681,13215,credit,food,2024-11-13
6958,963,21749,credit,atm,2024-02-26
6959,285,18295,debit,food,2024-05-22
6960,274,30696,debit,shopping,2024-12-14
6961,20,35061,debit,shopping,2024-02-23
6962,239,27103,debit,transfer,2024-05-23
6963,270,16651,credit,atm,2024-07-30
6964,418,48996,debit,transfer,2024-08-19
6965,945,23926,credit,food,2024-03-20
6966,310,37050,credit,transfer,2024-07-26
6967,31,24829,credit,shopping,2024-05-06
6968,826,3968,debit,salary,2024-07-01
6969,104,41374,debit,food,2024-05-02
6970,682,38818,debit,shopping,2024-06-26
6971,186,32453,credit,food,2024-08-28
6972,128,41782,debit,transfer,2024-04-25
6973,210,30753,debit,transfer,2024-11-22
6974,414,14241,debit,food,2024-08-17
6975,281,11637,debit,food,2024-12-13
6976,959,30501,debit,transfer,2024-06-04
6977,253,27487,debit,food,2024-06-08
6978,19,16254,credit,transfer,2024-03-28
6979,712,35177,debit,food,2024-01-08
6980,732,6730,credit,salary,2024-10-26
6981,136,43561,debit,food,2024-04-05
6982,223,14878,debit,food,2024-01-28
6983,3,44393,credit,shopping,2024-05-03
6984,963,23170,debit,salary,2024-07-13
6985,236,13516,credit,transfer,2024-05-14
6986,854,49601,credit,transfer,2024-05-13
6987,465,25499,debit,atm,2024-02-14
6988,228,8729,debit,salary,2024-01-14
6989,913,8460,debit,salary,2024-06-21
6990,654,12111,credit,food,2024-07-05
6991,499,40821,debit,shopping,2024-03-23
6992,521,36169,credit,transfer,2024-06-22
6993,702,11327,debit,transfer,2024-11-10
6994,862,39687,debit,shopping,2024-12-10
6995,917,44650,debit,shopping,2024-10-19
6996,972,2869,debit,salary,2024-03-22
6997,677,10592,credit,shopping,2024-03-05
6998,992,3445,debit,shopping,2024-12-18
6999,139,2765,debit,food,2024-02-10
7000,276,24907,debit,salary,2024-12-04
7001,291,43652,debit,atm,2024-04-06
7002,53,12466,debit,atm,2024-09-27
7003,687,9425,debit,transfer,2024-08-24
7004,110,5540,debit,shopping,2024-12-08
7005,715,28322,debit,food,2024-06-15
7006,948,27051,credit,shopping,2024-07-12
7007,648,39978,debit,transfer,2024-11-28
7008,4,20364,debit,shopping,2024-10-10
7009,667,19221,debit,atm,2024-05-19
7010,684,18915,credit,salary,2024-09-25
7011,936,44363,debit,shopping,2024-01-03
7012,870,30411,credit,atm,2024-03-03
7013,47,42497,debit,atm,2024-01-29
7014,94,19849,debit,transfer,2024-03-04
7015,940,29318,debit,salary,2024-04-03
7016,560,15633,credit,transfer,2024-11-27
7017,752,44233,debit,food,2024-12-06
7018,859,44967,debit,salary,2024-05-05
7019,213,1416,debit,food,2024-11-17
7020,436,38072,debit,salary,2024-06-26
7021,852,21488,debit,atm,2024-07-26
7022,508,13612,debit,food,2024-12-17
7023,836,784,debit,salary,2024-08-07
7024,651,27264,credit,salary,2024-05-24
7025,205,39308,debit,food,2024-04-30
7026,381,11835,debit,salary,2024-02-25
7027,73,35955,debit,transfer,2024-04-23
7028,516,42735,credit,transfer,2024-07-29
7029,76,38646,credit,food,2024-01-07
7030,841,48897,credit,atm,2024-10-22
7031,77,8179,debit,shopping,2024-09-13
7032,816,22512,debit,food,2024-06-18
7033,768,35962,debit,food,2024-06-12
7034,410,19291,credit,food,2024-10-21
7035,614,14921,debit,food,2024-05-08
7036,106,7682,debit,transfer,2024-08-27
7037,845,9112,debit,food,2024-08-03
7038,551,33755,debit,atm,2024-07-09
7039,476,44788,credit,shopping,2024-03-14
7040,826,38883,credit,shopping,2024-11-26
7041,275,14630,debit,atm,2024-12-23
7042,88,20477,debit,food,2024-12-07
7043,723,45321,debit,shopping,2024-11-07
7044,881,21753,debit,transfer,2024-09-13
7045,77,40376,debit,shopping,2024-02-10
7046,77,20480,credit,atm,2024-05-18
7047,442,656,debit,shopping,2024-09-18
7048,540,26890,credit,atm,2024-07-10
7049,245,9000,credit,food,2024-08-24
7050,578,33585,credit,shopping,2024-07-27
7051,778,36533,debit,atm,2024-03-18
7052,382,13991,debit,transfer,2024-12-17
7053,982,43204,credit,transfer,2024-09-16
7054,717,15114,credit,salary,2024-09-07
7055,570,6647,credit,shopping,2024-02-16
7056,713,38064,credit,food,2024-12-14
7057,737,30032,debit,salary,2024-10-24
7058,142,44839,debit,shopping,2024-04-10
7059,893,20363,debit,transfer,2024-10-17
7060,368,19420,debit,food,2024-06-01
7061,84,48084,debit,transfer,2024-04-24
7062,143,43474,debit,shopping,2024-11-02
7063,352,39559,debit,food,2024-09-24
7064,545,7145,debit,food,2024-05-21
7065,913,43355,debit,salary,2024-10-14
7066,152,1337,credit,food,2024-11-01
7067,158,43177,credit,shopping,2024-03-08
7068,446,39340,credit,atm,2024-10-11
7069,653,36426,debit,atm,2024-01-31
7070,958,5393,debit,food,2024-01-24
7071,763,25374,credit,atm,2024-01-11
7072,303,19337,debit,shopping,2024-05-06
7073,624,28484,debit,salary,2024-10-12
7074,656,31093,debit,transfer,2024-10-01
7075,450,12911,debit,transfer,2024-06-12
7076,721,18329,debit,shopping,2024-09-18
7077,224,39230,debit,salary,2024-05-09
7078,43,13411,debit,shopping,2024-08-18
7079,264,23140,debit,food,2024-10-01
7080,756,3282,credit,salary,2024-08-27
7081,3,47166,debit,atm,2024-02-09
7082,637,49715,debit,food,2024-05-25
7083,268,5860,debit,atm,2024-12-26
7084,596,7360,credit,food,2024-10-18
7085,16,33318,debit,food,2024-11-07
7086,334,46575,debit,food,2024-11-03
7087,464,2015,debit,food,2024-11-05
7088,59,9215,credit,salary,2024-11-07
7089,177,7176,credit,salary,2024-04-27
7090,63,14914,debit,food,2024-04-23
7091,958,33183,credit,shopping,2024-01-20
7092,561,4893,debit,food,2024-08-16
7093,307,1362,debit,food,2024-01-01
7094,246,9419,credit,shopping,2024-10-05
7095,289,13294,debit,shopping,2024-10-20
7096,798,19409,debit,food,2024-01-20
7097,955,28860,credit,transfer,2024-09-16
7098,332,27098,debit,transfer,2024-08-30
7099,527,3568,debit,shopping,2024-04-11
7100,850,46742,debit,food,2024-07-15
7101,255,12751,debit,atm,2024-07-09
7102,604,20505,debit,atm,2024-12-11
7103,510,14582,debit,food,2024-05-08
7104,791,4509,debit,food,2024-05-07
7105,718,647,credit,food,2024-04-23
7106,606,37759,debit,atm,2024-07-25
7107,737,20007,debit,atm,2024-12-01
7108,813,23526,debit,shopping,2024-12-08
7109,830,42589,debit,salary,2024-04-14
7110,463,14536,debit,shopping,2024-08-01
7111,199,16590,debit,shopping,2024-07-15
7112,271,29062,credit,transfer,2024-06-19
7113,746,38336,debit,shopping,2024-09-17
7114,558,29388,debit,shopping,2024-11-17
7115,64,22336,debit,shopping,2024-09-22
7116,230,15023,debit,shopping,2024-06-12
7117,942,1350,debit,salary,2024-08-25
7118,952,13364,debit,transfer,2024-06-11
7119,249,1711,credit,atm,2024-01-23
7120,246,8028,credit,food,2024-07-08
7121,940,34658,credit,atm,2024-10-29
7122,587,967,credit,transfer,2024-06-13
7123,157,31789,debit,shopping,2024-08-27
7124,735,45313,debit,atm,2024-02-09
7125,702,33195,debit,shopping,2024-01-16
7126,985,3916,debit,salary,2024-07-15
7127,564,32726,credit,salary,2024-09-23
7128,950,36016,debit,transfer,2024-02-20
7129,88,47938,credit,atm,2024-08-08
7130,313,11673,credit,salary,2024-08-25
7131,851,43434,credit,transfer,2024-12-01
7132,66,19039,credit,transfer,2024-12-10
7133,662,13257,debit,transfer,2024-11-18
7134,20,9422,debit,atm,2024-07-13
7135,33,2582,debit,atm,2024-03-05
7136,840,35967,credit,transfer,2024-01-12
7137,793,44380,debit,food,2024-10-28
7138,558,13775,debit,atm,2024-12-17
7139,73,30520,debit,atm,2024-10-04
7140,866,42616,debit,food,2024-11-27
7141,825,11835,debit,atm,2024-02-07
7142,343,13950,credit,atm,2024-06-15
7143,133,6832,debit,salary,2024-08-17
7144,55,40853,debit,food,2024-04-14
7145,61,45568,debit,salary,2024-03-25
7146,857,38922,debit,food,2024-07-08
7147,520,49820,debit,food,2024-04-01
7148,272,34522,debit,food,2024-06-03
7149,246,32831,debit,atm,2024-10-31
7150,176,11528,debit,transfer,2024-01-15
7151,628,11411,credit,shopping,2024-10-15
7152,317,3833,credit,transfer,2024-04-05
7153,783,39679,debit,atm,2024-10-28
7154,705,8442,debit,atm,2024-08-13
7155,662,10564,debit,shopping,2024-04-27
7156,131,48614,debit,atm,2024-07-17
7157,102,45411,debit,food,2024-05-20
7158,310,10400,debit,salary,2024-06-29
7159,782,34663,credit,salary,2024-06-15
7160,292,49060,debit,food,2024-04-24
7161,722,13808,credit,transfer,2024-11-11
7162,495,28190,debit,salary,2024-04-15
7163,361,49251,debit,food,2024-01-04
7164,338,41408,debit,transfer,2024-09-01
7165,579,16428,credit,salary,2024-12-13
7166,10,26754,debit,food,2024-10-03
7167,49,6314,credit,salary,2024-05-19
7168,487,39013,debit,salary,2024-03-17
7169,623,27652,debit,salary,2024-02-19
7170,321,35477,debit,shopping,2024-05-20
7171,731,25834,debit,transfer,2024-06-28
7172,569,24821,debit,salary,2024-12-13
7173,795,18710,debit,food,2024-07-26
7174,971,13722,debit,shopping,2024-04-26
7175,625,28975,debit,atm,2024-05-28
7176,133,23326,credit,atm,2024-07-01
7177,583,27777,debit,transfer,2024-01-10
7178,83,10398,debit,food,2024-04-28
7179,57,35948,credit,shopping,2024-04-01
7180,376,33855,debit,food,2024-06-05
7181,349,17844,debit,shopping,2024-04-20
7182,271,23534,credit,shopping,2024-01-30
7183,483,40414,debit,atm,2024-06-16
7184,111,48101,credit,transfer,2024-06-25
7185,869,1826,debit,transfer,2024-05-10
7186,887,49017,debit,food,2024-01-01
7187,76,14368,debit,shopping,2024-10-14
7188,158,46845,debit,shopping,2024-10-21
7189,532,1007,debit,salary,2024-03-25
7190,933,25859,debit,transfer,2024-05-09
7191,643,13864,debit,shopping,2024-07-20
7192,329,24509,debit,food,2024-06-07
7193,122,8490,debit,atm,2024-05-25
7194,41,30272,debit,atm,2024-05-14
7195,167,35323,debit,transfer,2024-09-17
7196,922,38076,debit,transfer,2024-02-15
7197,642,40642,debit,salary,2024-07-02
7198,23,47424,debit,transfer,2024-01-03
7199,279,48296,debit,shopping,2024-05-20
7200,763,3465,debit,shopping,2024-03-07
7201,469,25936,debit,shopping,2024-03-12
7202,400,28654,debit,shopping,2024-06-26
7203,9,21763,debit,salary,2024-04-24
7204,13,6051,debit,transfer,2024-04-08
7205,924,15275,debit,transfer,2024-03-16
7206,923,11127,credit,transfer,2024-10-06
7207,819,42373,debit,salary,2024-12-23
7208,832,10194,debit,salary,2024-10-01
7209,52,23181,debit,shopping,2024-09-03
7210,209,12267,credit,salary,2024-04-09
7211,550,8869,credit,salary,2024-03-22
7212,612,23160,debit,food,2024-10-22
7213,705,1120,debit,shopping,2024-09-04
7214,402,11945,debit,shopping,2024-05-06
7215,191,36712,credit,food,2024-09-12
7216,51,36441,debit,transfer,2024-10-16
7217,393,10585,debit,food,2024-08-04
7218,653,38310,credit,food,2024-05-03
7219,680,8014,debit,food,2024-01-07
7220,823,40819,debit,salary,2024-03-15
7221,621,8902,credit,food,2024-02-07
7222,719,41388,credit,atm,2024-08-14
7223,939,33414,debit,food,2024-10-27
7224,300,48398,credit,transfer,2024-05-27
7225,622,19665,credit,transfer,2024-08-10
7226,196,27717,credit,transfer,2024-08-04
7227,417,41866,debit,food,2024-05-09
7228,664,25709,debit,shopping,2024-02-06
7229,420,44333,debit,transfer,2024-01-31
7230,755,20471,credit,food,2024-08-26
7231,640,48484,debit,transfer,2024-02-11
7232,617,19224,debit,salary,2024-09-18
7233,522,12817,debit,salary,2024-04-19
7234,356,48293,debit,food,2024-05-16
7235,148,37769,debit,transfer,2024-07-20
7236,365,26372,debit,transfer,2024-03-26
7237,364,11942,credit,atm,2024-06-29
7238,971,38576,debit,transfer,2024-03-23
7239,652,2182,debit,shopping,2024-12-26
7240,702,26361,credit,salary,2024-08-17
7241,402,21070,debit,transfer,2024-09-28
7242,606,9895,debit,shopping,2024-01-13
7243,492,45409,credit,food,2024-01-18
7244,229,33128,debit,salary,2024-06-17
7245,575,20280,debit,food,2024-02-19
7246,852,46435,credit,transfer,2024-04-15
7247,537,27451,debit,food,2024-04-17
7248,268,38850,debit,salary,2024-07-15
7249,405,33368,debit,food,2024-08-06
7250,793,1115,debit,food,2024-05-07
7251,11,43393,debit,food,2024-07-12
7252,320,24589,debit,shopping,2024-02-10
7253,713,36831,debit,shopping,2024-04-29
7254,126,11966,debit,transfer,2024-01-27
7255,306,45115,credit,food,2024-07-05
7256,702,35574,debit,shopping,2024-11-16
7257,511,15372,debit,salary,2024-05-21
7258,89,32261,debit,salary,2024-10-05
7259,355,2199,credit,food,2024-01-22
7260,628,6486,credit,transfer,2024-01-27
7261,352,5438,credit,shopping,2024-01-25
7262,689,8400,debit,shopping,2024-12-19
7263,14,21500,debit,shopping,2024-06-30
7264,257,24741,debit,transfer,2024-06-25
7265,209,4397,debit,atm,2024-12-12
7266,281,19432,credit,shopping,2024-12-06
7267,443,41273,debit,food,2024-04-12
7268,840,47962,debit,shopping,2024-06-01
7269,837,15301,credit,shopping,2024-11-19
7270,389,45482,debit,atm,2024-11-08
7271,617,46229,credit,food,2024-09-27
7272,483,33908,debit,food,2024-07-13
7273,147,12910,credit,food,2024-05-18
7274,279,8088,credit,shopping,2024-04-01
7275,521,40427,debit,shopping,2024-01-03
7276,630,19679,debit,salary,2024-05-04
7277,606,21583,debit,atm,2024-01-18
7278,434,603,debit,food,2024-06-29
7279,144,5444,credit,food,2024-09-21
7280,289,9047,debit,salary,2024-05-06
7281,386,9633,debit,shopping,2024-11-30
7282,14,47676,credit,salary,2024-04-13
7283,257,41016,debit,salary,2024-11-23
7284,346,47023,debit,shopping,2024-09-26
7285,698,15293,credit,transfer,2024-12-23
7286,345,1481,debit,atm,2024-07-07
7287,400,7112,debit,transfer,2024-09-25
7288,207,15313,debit,transfer,2024-09-07
7289,858,27663,credit,atm,2024-11-25
7290,943,15312,debit,transfer,2024-04-17
7291,172,30224,debit,shopping,2024-08-09
7292,464,46676,debit,transfer,2024-12-07
7293,270,10811,debit,transfer,2024-12-20
7294,221,30366,debit,transfer,2024-09-17
7295,152,48041,credit,shopping,2024-09-06
7296,623,9615,debit,salary,2024-03-25
7297,183,20293,debit,food,2024-08-28
7298,399,44807,debit,atm,2024-05-17
7299,851,2231,debit,atm,2024-09-11
7300,72,2524,debit,shopping,2024-05-31
7301,418,44444,debit,food,2024-04-25
7302,898,21923,debit,transfer,2024-08-10
7303,283,9300,credit,atm,2024-08-24
7304,74,23131,debit,transfer,2024-02-16
7305,355,3316,debit,shopping,2024-12-08
7306,727,45694,debit,shopping,2024-12-06
7307,497,116,debit,shopping,2024-09-14
7308,328,37538,debit,salary,2024-04-04
7309,988,26478,debit,shopping,2024-05-09
7310,535,35491,credit,transfer,2024-06-06
7311,580,31834,debit,salary,2024-06-01
7312,910,13450,debit,transfer,2024-03-23
7313,447,49381,debit,shopping,2024-07-08
7314,373,14550,credit,salary,2024-09-10
7315,362,1573,debit,food,2024-09-13
7316,93,25625,debit,shopping,2024-12-22
7317,321,28672,debit,salary,2024-07-09
7318,324,42128,credit,salary,2024-07-05
7319,384,37179,debit,salary,2024-04-21
7320,575,30210,debit,atm,2024-11-05
7321,736,35604,debit,salary,2024-04-03
7322,737,26988,credit,food,2024-10-24
7323,881,2046,debit,shopping,2024-11-04
7324,346,22043,credit,shopping,2024-08-21
7325,849,15840,credit,shopping,2024-03-05
7326,103,26545,debit,salary,2024-05-16
7327,215,49552,debit,shopping,2024-04-23
7328,192,9276,debit,food,2024-07-17
7329,672,29966,debit,atm,2024-02-20
7330,884,44751,debit,food,2024-08-05
7331,719,37369,debit,atm,2024-01-16
7332,781,11718,debit,shopping,2024-11-21
7333,194,24836,debit,transfer,2024-07-08
7334,380,38782,credit,atm,2024-08-21
7335,403,24701,debit,food,2024-02-06
7336,664,32950,debit,food,2024-07-03
7337,749,41232,debit,transfer,2024-06-21
7338,600,5904,debit,atm,2024-11-27
7339,11,19625,debit,atm,2024-03-28
7340,187,45161,debit,food,2024-05-05
7341,726,27519,credit,atm,2024-09-29
7342,15,23846,debit,transfer,2024-09-10
7343,778,12912,debit,atm,2024-10-19
7344,297,26786,credit,atm,2024-10-11
7345,411,35952,debit,transfer,2024-11-16
7346,956,2145,debit,shopping,2024-08-23
7347,585,25436,debit,atm,2024-07-24
7348,52,49456,debit,food,2024-04-22
7349,640,46052,credit,salary,2024-09-23
7350,28,30560,debit,food,2024-08-11
7351,577,47243,debit,food,2024-10-02
7352,17,21768,debit,shopping,2024-07-12
7353,351,34420,debit,shopping,2024-12-17
7354,428,40684,credit,food,2024-02-19
7355,650,32675,debit,atm,2024-02-10
7356,831,33692,debit,food,2024-01-10
7357,229,36616,credit,atm,2024-06-29
7358,766,5678,debit,transfer,2024-12-21
7359,989,38065,debit,transfer,2024-06-25
7360,210,41898,credit,shopping,2024-04-17
7361,431,21179,debit,salary,2024-03-07
7362,294,1037,debit,salary,2024-02-05
7363,743,7695,debit,shopping,2024-12-15
7364,753,524,debit,transfer,2024-06-15
7365,582,44370,debit,shopping,2024-11-10
7366,104,3151,credit,transfer,2024-10-05
7367,204,35773,debit,atm,2024-10-05
7368,53,31442,debit,transfer,2024-04-09
7369,974,12338,debit,transfer,2024-10-07
7370,940,27886,credit,transfer,2024-12-05
7371,375,29768,debit,salary,2024-02-29
7372,842,2794,credit,transfer,2024-04-11
7373,54,3695,debit,food,2024-06-09
7374,276,1367,debit,atm,2024-06-09
7375,335,521,credit,salary,2024-07-11
7376,31,19750,debit,food,2024-10-29
7377,135,7117,debit,salary,2024-02-02
7378,58,9949,debit,salary,2024-10-20
7379,105,23613,debit,food,2024-05-31
7380,266,49217,credit,shopping,2024-12-16
7381,522,44999,debit,shopping,2024-12-23
7382,496,41744,credit,transfer,2024-10-31
7383,253,2326,credit,food,2024-08-02
7384,295,4488,debit,transfer,2024-10-12
7385,668,2522,debit,shopping,2024-02-27
7386,158,40094,debit,food,2024-08-05
7387,549,9369,credit,food,2024-12-18
7388,631,12277,credit,food,2024-04-30
7389,67,12132,debit,transfer,2024-05-23
7390,754,44376,debit,salary,2024-05-23
7391,299,7416,debit,salary,2024-10-21
7392,463,2943,debit,salary,2024-02-15
7393,725,28115,credit,food,2024-05-30
7394,820,4211,debit,shopping,2024-01-26
7395,101,45331,credit,transfer,2024-10-31
7396,56,22143,debit,transfer,2024-03-21
7397,332,30201,credit,shopping,2024-04-11
7398,836,46646,debit,salary,2024-04-18
7399,751,37092,credit,atm,2024-10-06
7400,393,27970,credit,shopping,2024-05-06
7401,743,37847,debit,salary,2024-04-16
7402,874,49677,credit,food,2024-12-04
7403,381,35269,debit,shopping,2024-06-18
7404,92,41809,credit,salary,2024-05-05
7405,791,29515,credit,transfer,2024-01-27
7406,447,15785,debit,atm,2024-05-09
7407,109,16063,debit,atm,2024-04-25
7408,317,29798,credit,atm,2024-05-15
7409,168,29250,debit,salary,2024-11-30
7410,812,49295,debit,salary,2024-06-17
7411,982,21526,credit,food,2024-05-20
7412,920,6135,debit,atm,2024-03-31
7413,435,7171,credit,transfer,2024-05-29
7414,442,20678,debit,atm,2024-02-16
7415,218,28144,debit,shopping,2024-10-29
7416,222,28942,debit,shopping,2024-03-05
7417,673,16631,debit,transfer,2024-07-15
7418,528,2270,credit,salary,2024-11-30
7419,278,24787,debit,atm,2024-10-12
7420,569,37986,debit,shopping,2024-09-06
7421,574,7397,debit,transfer,2024-10-28
7422,875,4263,credit,food,2024-09-18
7423,466,40894,credit,shopping,2024-03-27
7424,839,41887,credit,shopping,2024-02-21
7425,754,42812,debit,atm,2024-01-05
7426,602,35807,debit,salary,2024-08-01
7427,584,38595,credit,shopping,2024-02-10
7428,838,44788,credit,shopping,2024-06-15
7429,30,24548,debit,atm,2024-01-30
7430,359,3716,debit,salary,2024-02-17
7431,919,38273,debit,food,2024-07-27
7432,288,31848,debit,food,2024-07-06
7433,86,28399,debit,food,2024-05-02
7434,234,43337,debit,food,2024-05-30
7435,747,41219,credit,salary,2024-12-25
7436,313,11657,debit,food,2024-06-26
7437,365,38748,debit,atm,2024-01-13
7438,777,14196,debit,atm,2024-04-19
7439,799,33881,debit,atm,2024-08-21
7440,839,8843,debit,food,2024-02-07
7441,905,7491,credit,atm,2024-10-21
7442,269,9455,debit,atm,2024-12-24
7443,698,5347,credit,transfer,2024-06-28
7444,131,40386,debit,food,2024-05-01
7445,803,6390,credit,atm,2024-04-01
7446,993,34176,debit,salary,2024-01-27
7447,789,42552,debit,atm,2024-01-19
7448,832,25917,debit,transfer,2024-12-01
7449,351,45591,credit,salary,2024-03-28
7450,180,37695,debit,salary,2024-04-02
7451,802,32927,debit,shopping,2024-09-18
7452,480,26309,debit,transfer,2024-02-10
7453,889,39854,debit,transfer,2024-10-23
7454,163,32218,debit,atm,2024-06-30
7455,783,43511,debit,transfer,2024-08-27
7456,888,15316,credit,salary,2024-02-17
7457,96,7960,credit,salary,2024-04-02
7458,774,13525,debit,atm,2024-07-02
7459,510,13906,debit,salary,2024-09-12
7460,365,47818,debit,atm,2024-02-02
7461,981,25011,debit,shopping,2024-08-06
7462,353,25506,debit,transfer,2024-04-11
7463,800,34460,credit,transfer,2024-10-28
7464,436,14564,credit,transfer,2024-03-14
7465,83,30687,credit,shopping,2024-02-05
7466,225,38965,debit,transfer,2024-05-14
7467,412,6558,debit,shopping,2024-10-11
7468,735,9251,credit,shopping,2024-07-26
7469,981,37034,debit,atm,2024-03-05
7470,118,6588,debit,food,2024-11-11
7471,482,24641,debit,food,2024-10-17
7472,192,21903,credit,atm,2024-08-26
7473,591,43283,credit,atm,2024-07-03
7474,590,44876,debit,atm,2024-01-29
7475,659,24818,credit,transfer,2024-10-20
7476,107,11270,credit,salary,2024-07-23
7477,382,17530,debit,atm,2024-08-19
7478,783,47384,debit,shopping,2024-12-08
7479,390,9360,debit,food,2024-04-19
7480,244,7736,debit,transfer,2024-03-20
7481,585,37055,credit,salary,2024-07-04
7482,869,36208,credit,food,2024-11-29
7483,468,39045,debit,food,2024-12-01
7484,866,16041,credit,food,2024-02-05
7485,934,3535,debit,shopping,2024-02-21
7486,538,28455,debit,shopping,2024-12-09
7487,210,7400,credit,shopping,2024-10-09
7488,604,45537,debit,salary,2024-01-25
7489,637,22283,debit,food,2024-06-16
7490,947,33833,debit,atm,2024-10-11
7491,73,7544,debit,salary,2024-12-16
7492,992,25855,debit,shopping,2024-01-03
7493,635,43494,debit,shopping,2024-05-20
7494,309,23162,debit,shopping,2024-11-19
7495,696,14710,debit,transfer,2024-05-18
7496,699,600,debit,food,2024-11-11
7497,710,4654,debit,atm,2024-01-02
7498,590,49301,debit,food,2024-11-30
7499,860,25645,credit,salary,2024-09-25
7500,186,46159,debit,transfer,2024-02-04
7501,856,6871,credit,salary,2024-11-02
7502,253,17599,debit,shopping,2024-08-23
7503,13,4032,debit,shopping,2024-04-17
7504,299,26155,credit,atm,2024-04-22
7505,76,37302,debit,food,2024-02-25
7506,51,27800,debit,salary,2024-02-09
7507,787,3667,debit,shopping,2024-07-05
7508,149,1758,debit,atm,2024-01-12
7509,731,42936,debit,atm,2024-09-28
7510,122,47029,debit,salary,2024-08-22
7511,211,40812,debit,food,2024-04-25
7512,280,26727,debit,transfer,2024-10-23
7513,538,38668,debit,atm,2024-03-01
7514,685,20860,debit,salary,2024-02-03
7515,156,30085,credit,shopping,2024-10-01
7516,238,14508,credit,transfer,2024-06-21
7517,376,29932,debit,transfer,2024-03-31
7518,82,40885,credit,food,2024-01-29
7519,492,35683,debit,salary,2024-01-19
7520,356,33838,debit,food,2024-08-22
7521,925,24304,debit,atm,2024-07-02
7522,273,13385,credit,atm,2024-01-27
7523,580,33075,debit,salary,2024-05-09
7524,44,16743,credit,shopping,2024-04-12
7525,573,5125,credit,atm,2024-03-18
7526,123,37226,debit,atm,2024-01-08
7527,349,16988,debit,shopping,2024-01-27
7528,708,45358,credit,transfer,2024-08-12
7529,330,34627,debit,salary,2024-06-01
7530,409,23998,credit,transfer,2024-02-18
7531,991,47169,credit,food,2024-09-01
7532,323,14487,debit,shopping,2024-02-25
7533,111,46535,debit,salary,2024-12-21
7534,770,3894,debit,shopping,2024-04-11
7535,89,3690,credit,shopping,2024-11-16
7536,433,14798,debit,transfer,2024-10-13
7537,710,12432,debit,transfer,2024-08-14
7538,794,39838,debit,food,2024-11-11
7539,712,9693,credit,salary,2024-07-31
7540,99,30207,debit,shopping,2024-06-10
7541,539,31590,credit,food,2024-05-24
7542,601,36197,debit,shopping,2024-03-13
7543,146,11136,debit,food,2024-01-29
7544,694,28661,credit,shopping,2024-07-18
7545,257,14472,debit,transfer,2024-07-29
7546,189,34960,debit,atm,2024-05-13
7547,240,19451,credit,food,2024-12-09
7548,871,30427,debit,food,2024-05-05
7549,899,18159,debit,atm,2024-01-06
7550,503,27288,debit,transfer,2024-04-13
7551,708,33155,debit,food,2024-05-10
7552,809,2416,credit,transfer,2024-04-04
7553,677,16359,debit,shopping,2024-06-07
7554,819,35706,debit,shopping,2024-03-16
7555,271,11929,debit,atm,2024-06-28
7556,520,8237,debit,salary,2024-05-15
7557,550,24602,debit,transfer,2024-08-22
7558,114,27304,debit,salary,2024-03-30
7559,339,1365,credit,salary,2024-09-07
7560,568,35851,credit,transfer,2024-10-08
7561,943,22385,credit,salary,2024-07-02
7562,986,24415,debit,food,2024-03-26
7563,359,47557,debit,shopping,2024-05-01
7564,650,46975,credit,atm,2024-11-13
7565,614,41011,debit,transfer,2024-05-20
7566,334,40898,credit,atm,2024-02-15
7567,689,45990,credit,shopping,2024-06-30
7568,169,43520,debit,atm,2024-09-21
7569,339,33479,debit,transfer,2024-12-09
7570,798,36391,debit,atm,2024-09-15
7571,261,27252,debit,salary,2024-01-12
7572,887,5524,credit,salary,2024-02-10
7573,735,10039,credit,shopping,2024-07-04
7574,199,30353,credit,salary,2024-01-11
7575,211,34496,debit,atm,2024-05-26
7576,287,13276,credit,food,2024-03-13
7577,692,8007,credit,atm,2024-06-13
7578,762,3472,credit,food,2024-05-17
7579,743,27672,credit,atm,2024-11-24
7580,472,24692,debit,food,2024-02-02
7581,482,13202,debit,food,2024-07-23
7582,23,42657,debit,transfer,2024-05-27
7583,560,25742,debit,transfer,2024-11-26
7584,109,3239,debit,atm,2024-08-20
7585,296,11743,debit,salary,2024-12-14
7586,6,18743,debit,transfer,2024-04-20
7587,550,35118,debit,food,2024-05-04
7588,681,38989,credit,atm,2024-05-03
7589,868,28880,debit,salary,2024-09-25
7590,795,41049,debit,atm,2024-05-03
7591,203,48171,debit,food,2024-08-23
7592,325,16767,debit,transfer,2024-11-14
7593,825,30732,debit,transfer,2024-05-21
7594,785,38593,debit,shopping,2024-07-19
7595,244,48452,debit,shopping,2024-02-23
7596,327,29508,credit,atm,2024-03-23
7597,987,24402,debit,atm,2024-04-15
7598,47,21721,credit,salary,2024-04-20
7599,761,13319,credit,transfer,2024-11-23
7600,591,41662,credit,transfer,2024-12-03
7601,622,26039,debit,shopping,2024-08-13
7602,13,46980,debit,food,2024-10-18
7603,907,44412,debit,food,2024-01-09
7604,380,36943,debit,shopping,2024-07-26
7605,365,12878,debit,atm,2024-09-17
7606,602,39030,debit,transfer,2024-08-30
7607,342,29970,debit,transfer,2024-05-22
7608,860,40504,debit,transfer,2024-03-04
7609,792,22221,credit,food,2024-02-17
7610,221,40870,debit,atm,2024-06-15
7611,73,46321,debit,food,2024-06-01
7612,746,30258,credit,atm,2024-07-26
7613,772,23556,credit,shopping,2024-12-07
7614,625,47501,debit,atm,2024-07-26
7615,46,13092,debit,food,2024-08-12
7616,504,44994,debit,transfer,2024-09-19
7617,274,25490,credit,food,2024-05-25
7618,555,45958,debit,shopping,2024-05-07
7619,208,16856,credit,transfer,2024-09-18
7620,929,22071,credit,food,2024-04-22
7621,861,7171,debit,transfer,2024-09-24
7622,615,27674,debit,shopping,2024-12-29
7623,124,46617,debit,atm,2024-06-09
7624,10,19375,debit,atm,2024-10-03
7625,329,44851,debit,salary,2024-07-04
7626,187,6686,debit,transfer,2024-07-28
7627,543,19803,credit,shopping,2024-02-11
7628,668,26865,credit,food,2024-08-09
7629,60,10741,debit,food,2024-10-28
7630,761,36835,debit,salary,2024-09-15
7631,899,922,credit,food,2024-02-22
7632,886,33089,credit,shopping,2024-03-02
7633,951,39748,debit,shopping,2024-11-02
7634,782,12229,credit,atm,2024-11-13
7635,442,15643,debit,transfer,2024-07-23
7636,217,26063,debit,transfer,2024-03-30
7637,911,36756,debit,food,2024-03-10
7638,2,29765,credit,transfer,2024-03-31
7639,536,13599,debit,salary,2024-09-24
7640,718,10452,credit,transfer,2024-12-10
7641,832,19754,debit,food,2024-02-16
7642,711,10217,debit,transfer,2024-01-16
7643,356,21177,debit,shopping,2024-07-13
7644,626,45640,debit,shopping,2024-10-16
7645,792,4093,debit,atm,2024-08-21
7646,667,19082,debit,atm,2024-10-28
7647,165,34534,debit,atm,2024-03-27
7648,998,16412,debit,atm,2024-03-04
7649,734,44141,debit,transfer,2024-07-08
7650,91,14438,credit,food,2024-06-30
7651,167,30273,debit,transfer,2024-03-22
7652,959,37625,debit,food,2024-05-10
7653,207,26790,credit,food,2024-08-26
7654,282,27428,debit,food,2024-05-19
7655,65,11460,debit,food,2024-02-07
7656,888,38983,debit,shopping,2024-11-29
7657,516,38305,debit,food,2024-03-31
7658,157,22725,debit,transfer,2024-05-25
7659,761,42140,debit,food,2024-03-24
7660,769,44994,debit,shopping,2024-06-11
7661,747,31950,debit,transfer,2024-12-05
7662,306,16571,debit,salary,2024-07-16
7663,878,39983,debit,transfer,2024-12-23
7664,982,27376,debit,shopping,2024-11-27
7665,395,2803,credit,shopping,2024-09-29
7666,74,11251,debit,atm,2024-03-10
7667,187,27098,debit,salary,2024-10-29
7668,574,4247,credit,food,2024-11-05
7669,337,34615,credit,shopping,2024-09-27
7670,676,8332,debit,atm,2024-01-09
7671,568,15251,debit,atm,2024-07-14
7672,623,10430,debit,food,2024-01-03
7673,730,49290,credit,transfer,2024-09-25
7674,240,11376,debit,salary,2024-12-17
7675,533,18635,debit,food,2024-01-06
7676,141,36805,credit,food,2024-08-21
7677,265,39754,debit,transfer,2024-03-06
7678,139,43150,debit,transfer,2024-04-05
7679,459,33076,debit,shopping,2024-04-21
7680,70,699,credit,transfer,2024-05-04
7681,385,3809,credit,transfer,2024-02-10
7682,630,24210,debit,salary,2024-01-07
7683,198,49465,debit,salary,2024-10-03
7684,205,5823,debit,salary,2024-07-27
7685,726,46872,debit,food,2024-07-11
7686,568,42636,debit,salary,2024-06-08
7687,799,27494,debit,salary,2024-04-05
7688,982,10416,debit,atm,2024-09-03
7689,805,22722,debit,salary,2024-01-06
7690,687,24944,debit,food,2024-02-10
7691,859,40840,debit,atm,2024-02-02
7692,882,21262,credit,food,2024-06-01
7693,974,28933,debit,food,2024-10-06
7694,640,17306,debit,atm,2024-04-04
7695,431,24601,debit,atm,2024-08-30
7696,890,48414,debit,atm,2024-04-15
7697,325,10391,credit,atm,2024-01-09
7698,442,44662,debit,food,2024-04-02
7699,804,11759,credit,atm,2024-05-05
7700,288,25326,credit,transfer,2024-03-07
7701,226,40851,debit,salary,2024-01-04
7702,64,6600,debit,salary,2024-02-23
7703,967,1734,debit,transfer,2024-12-06
7704,938,14159,credit,food,2024-05-13
7705,560,4914,debit,food,2024-02-14
7706,714,4176,credit,salary,2024-08-12
7707,498,41258,debit,shopping,2024-05-21
7708,849,38310,debit,transfer,2024-12-05
7709,926,26031,debit,transfer,2024-06-19
7710,917,32107,debit,salary,2024-11-06
7711,60,22844,debit,atm,2024-06-13
7712,397,30496,debit,shopping,2024-07-22
7713,257,23183,debit,food,2024-09-28
7714,577,36373,debit,food,2024-09-29
7715,239,25376,debit,food,2024-09-07
7716,801,602,debit,food,2024-03-11
7717,38,12856,debit,transfer,2024-12-11
7718,25,14362,credit,transfer,2024-09-11
7719,410,49009,debit,atm,2024-05-08
7720,461,10705,debit,transfer,2024-01-02
7721,571,40807,debit,atm,2024-12-16
7722,988,22516,debit,atm,2024-03-24
7723,417,37587,debit,food,2024-12-22
7724,357,40616,credit,food,2024-05-02
7725,383,27643,debit,transfer,2024-06-09
7726,809,31380,credit,transfer,2024-11-16
7727,158,2970,debit,atm,2024-11-02
7728,569,4858,credit,salary,2024-06-09
7729,433,45906,debit,food,2024-01-03
7730,48,38836,debit,shopping,2024-08-16
7731,328,11759,debit,salary,2024-02-29
7732,433,49634,debit,food,2024-06-20
7733,431,40658,credit,food,2024-04-13
7734,56,9685,credit,transfer,2024-05-12
7735,577,28003,debit,shopping,2024-02-12
7736,268,37139,debit,shopping,2024-10-29
7737,69,4423,debit,food,2024-08-16
7738,728,27070,credit,atm,2024-01-06
7739,902,34906,debit,shopping,2024-07-06
7740,601,48845,credit,salary,2024-01-06
7741,449,5561,debit,atm,2024-10-12
7742,793,40931,credit,transfer,2024-04-10
7743,257,34130,debit,food,2024-08-07
7744,672,5831,debit,food,2024-05-17
7745,490,21600,debit,salary,2024-06-04
7746,746,10003,debit,salary,2024-09-18
7747,643,33217,debit,transfer,2024-03-13
7748,49,28702,credit,transfer,2024-10-06
7749,659,31274,debit,shopping,2024-02-21
7750,316,33308,credit,atm,2024-03-22
7751,413,19292,debit,food,2024-11-19
7752,434,13999,debit,shopping,2024-10-09
7753,2,19046,credit,transfer,2024-09-25
7754,841,3252,debit,salary,2024-03-15
7755,952,26060,debit,shopping,2024-05-26
7756,145,10347,debit,salary,2024-06-09
7757,956,30906,credit,atm,2024-07-24
7758,366,25673,credit,salary,2024-09-25
7759,420,42482,credit,food,2024-09-19
7760,573,49325,credit,atm,2024-10-15
7761,785,26138,debit,salary,2024-06-08
7762,561,27870,debit,shopping,2024-02-14
7763,844,7049,debit,food,2024-11-07
7764,444,2305,credit,food,2024-08-16
7765,916,17955,credit,transfer,2024-10-28
7766,434,19664,debit,transfer,2024-08-13
7767,643,13233,debit,shopping,2024-10-01
7768,555,18214,credit,transfer,2024-04-09
7769,57,32903,debit,salary,2024-08-15
7770,562,29885,debit,transfer,2024-07-09
7771,964,38402,debit,food,2024-03-10
7772,977,23645,credit,shopping,2024-09-07
7773,178,40877,debit,salary,2024-09-03
7774,293,11052,debit,food,2024-11-05
7775,46,2635,debit,food,2024-11-01
7776,170,24821,debit,atm,2024-11-16
7777,271,5063,debit,transfer,2024-10-27
7778,417,12807,credit,salary,2024-01-30
7779,848,12960,debit,shopping,2024-03-19
7780,139,14347,credit,shopping,2024-11-24
7781,247,17510,debit,shopping,2024-09-03
7782,148,17770,credit,atm,2024-11-12
7783,230,19330,debit,salary,2024-08-08
7784,792,41380,debit,food,2024-05-09
7785,637,24258,debit,atm,2024-06-06
7786,704,13987,debit,transfer,2024-06-22
7787,374,35161,debit,food,2024-09-03
7788,80,49728,debit,shopping,2024-03-08
7789,606,23910,debit,transfer,2024-05-26
7790,738,44224,credit,salary,2024-01-05
7791,65,42886,debit,salary,2024-03-13
7792,88,25458,debit,atm,2024-07-30
7793,88,45688,debit,salary,2024-02-26
7794,713,16033,debit,shopping,2024-02-21
7795,726,30134,debit,atm,2024-02-28
7796,204,2047,debit,atm,2024-11-11
7797,913,19815,debit,shopping,2024-05-02
7798,382,31056,debit,salary,2024-03-20
7799,601,21744,credit,transfer,2024-08-28
7800,476,15410,debit,atm,2024-03-24
7801,573,22550,debit,transfer,2024-04-12
7802,783,16403,credit,transfer,2024-06-09
7803,606,47882,debit,transfer,2024-05-19
7804,819,24131,debit,transfer,2024-11-07
7805,539,29350,credit,shopping,2024-05-30
7806,214,21953,debit,food,2024-02-18
7807,74,18077,debit,salary,2024-06-23
7808,61,42807,debit,food,2024-03-10
7809,698,14565,debit,food,2024-09-11
7810,543,10325,credit,atm,2024-10-27
7811,219,40572,credit,food,2024-07-22
7812,12,16740,debit,food,2024-06-11
7813,814,31635,credit,shopping,2024-11-23
7814,415,39380,debit,transfer,2024-06-03
7815,32,3091,debit,food,2024-10-29
7816,160,17901,credit,food,2024-09-01
7817,237,24244,debit,atm,2024-10-14
7818,739,8065,debit,salary,2024-01-29
7819,181,13830,debit,atm,2024-07-17
7820,829,29653,credit,salary,2024-02-22
7821,558,8401,debit,salary,2024-04-02
7822,341,19036,debit,salary,2024-08-04
7823,458,42117,debit,shopping,2024-10-25
7824,80,14255,debit,shopping,2024-04-09
7825,647,21217,debit,transfer,2024-04-21
7826,772,48948,credit,salary,2024-05-11
7827,987,2142,credit,shopping,2024-03-31
7828,820,18665,credit,shopping,2024-05-30
7829,759,47702,debit,food,2024-11-11
7830,473,37360,debit,salary,2024-10-12
7831,671,36426,debit,atm,2024-02-12
7832,715,42681,credit,food,2024-08-03
7833,112,3758,credit,shopping,2024-10-30
7834,980,16419,credit,shopping,2024-09-19
7835,292,19178,debit,shopping,2024-03-27
7836,950,36752,debit,shopping,2024-08-17
7837,822,37648,debit,atm,2024-10-13
7838,631,19768,debit,transfer,2024-04-27
7839,383,38820,debit,transfer,2024-08-21
7840,17,40385,debit,salary,2024-01-19
7841,493,22646,debit,shopping,2024-02-21
7842,331,37974,debit,salary,2024-08-26
7843,926,37265,debit,atm,2024-11-19
7844,739,28998,debit,salary,2024-05-13
7845,873,30007,debit,transfer,2024-09-08
7846,486,45511,debit,transfer,2024-07-29
7847,406,29472,debit,transfer,2024-11-11
7848,117,14922,debit,salary,2024-12-14
7849,555,19876,credit,shopping,2024-04-27
7850,880,32506,debit,food,2024-05-19
7851,115,10562,debit,transfer,2024-06-14
7852,795,36579,debit,salary,2024-05-20
7853,549,34454,debit,food,2024-01-28
7854,814,42274,debit,transfer,2024-01-05
7855,625,40006,credit,transfer,2024-06-22
7856,547,7762,debit,atm,2024-10-28
7857,644,7504,debit,transfer,2024-12-02
7858,336,46201,debit,food,2024-06-03
7859,336,42705,debit,food,2024-09-02
7860,981,9642,debit,shopping,2024-03-02
7861,922,16004,credit,food,2024-07-14
7862,889,27874,debit,salary,2024-03-12
7863,740,8656,debit,salary,2024-03-30
7864,147,46223,debit,transfer,2024-04-06
7865,122,12906,debit,shopping,2024-05-07
7866,81,42686,debit,transfer,2024-06-28
7867,685,14964,credit,shopping,2024-06-01
7868,666,30116,credit,atm,2024-02-08
7869,662,33849,credit,shopping,2024-07-13
7870,375,43096,debit,atm,2024-05-26
7871,570,36420,credit,atm,2024-03-11
7872,63,17405,credit,transfer,2024-03-17
7873,504,12038,credit,salary,2024-10-06
7874,668,16418,credit,shopping,2024-10-27
7875,449,20479,debit,transfer,2024-09-20
7876,428,37920,debit,atm,2024-05-09
7877,868,5506,debit,atm,2024-11-18
7878,427,20761,debit,food,2024-06-02
7879,421,17958,credit,food,2024-01-17
7880,322,30916,credit,shopping,2024-02-07
7881,913,12950,credit,salary,2024-11-18
7882,680,12701,debit,food,2024-02-26
7883,166,39966,debit,atm,2024-06-09
7884,597,26744,debit,transfer,2024-12-15
7885,957,27528,debit,salary,2024-03-12
7886,649,39587,credit,shopping,2024-12-15
7887,461,48724,credit,transfer,2024-11-15
7888,459,41462,debit,shopping,2024-10-05
7889,189,33480,credit,transfer,2024-01-12
7890,464,7386,debit,transfer,2024-12-24
7891,912,10168,debit,salary,2024-09-07
7892,379,9905,debit,shopping,2024-01-08
7893,2,3117,debit,food,2024-10-20
7894,618,21272,credit,transfer,2024-02-02
7895,364,10026,credit,transfer,2024-12-18
7896,72,44608,debit,food,2024-10-27
7897,427,23586,debit,salary,2024-03-15
7898,638,30497,debit,salary,2024-12-28
7899,170,29611,debit,salary,2024-08-30
7900,205,43440,debit,atm,2024-10-25
7901,825,49105,debit,atm,2024-10-07
7902,337,10102,debit,salary,2024-01-15
7903,999,48686,debit,salary,2024-01-10
7904,472,3301,debit,food,2024-09-28
7905,195,33620,debit,atm,2024-12-20
7906,670,27148,credit,shopping,2024-04-07
7907,653,30230,credit,salary,2024-07-31
7908,275,40424,debit,salary,2024-11-08
7909,7,1441,debit,salary,2024-02-15
7910,905,14081,debit,transfer,2024-05-03
7911,979,8796,debit,atm,2024-08-19
7912,566,14625,debit,shopping,2024-05-08
7913,616,26645,credit,transfer,2024-10-07
7914,854,28725,credit,transfer,2024-11-07
7915,850,5665,debit,shopping,2024-02-15
7916,573,15047,debit,shopping,2024-09-20
7917,599,30177,debit,shopping,2024-02-10
7918,770,40798,debit,shopping,2024-05-22
7919,178,6617,debit,shopping,2024-02-13
7920,242,14387,debit,salary,2024-12-03
7921,203,11929,debit,shopping,2024-09-11
7922,543,2522,credit,shopping,2024-05-08
7923,801,29160,debit,atm,2024-04-20
7924,462,46828,debit,salary,2024-08-12
7925,80,41733,debit,transfer,2024-07-11
7926,523,6085,debit,salary,2024-04-26
7927,417,39815,debit,food,2024-12-02
7928,766,13890,debit,shopping,2024-09-11
7929,384,47607,credit,transfer,2024-09-05
7930,391,25268,credit,food,2024-05-17
7931,896,24119,credit,transfer,2024-10-24
7932,799,43839,debit,salary,2024-02-14
7933,688,3768,debit,food,2024-04-10
7934,126,10844,credit,shopping,2024-10-09
7935,494,28854,debit,shopping,2024-06-15
7936,47,19622,debit,food,2024-10-11
7937,718,4609,debit,salary,2024-01-22
7938,476,2600,debit,food,2024-12-11
7939,949,10004,credit,salary,2024-12-11
7940,619,27021,debit,transfer,2024-06-28
7941,464,16783,credit,salary,2024-03-25
7942,787,12516,debit,food,2024-04-15
7943,849,14933,credit,food,2024-05-15
7944,123,18390,debit,transfer,2024-11-17
7945,474,35353,credit,food,2024-08-13
7946,134,14103,debit,atm,2024-07-22
7947,619,40327,credit,food,2024-04-22
7948,817,6220,debit,atm,2024-01-18
7949,841,41353,debit,food,2024-12-02
7950,562,14351,debit,food,2024-05-22
7951,849,22586,credit,transfer,2024-09-15
7952,607,28434,credit,atm,2024-12-06
7953,780,6272,credit,transfer,2024-03-23
7954,23,22806,debit,atm,2024-11-10
7955,566,18572,debit,atm,2024-07-01
7956,886,21795,debit,shopping,2024-05-01
7957,766,39355,debit,atm,2024-01-11
7958,965,42832,debit,transfer,2024-06-29
7959,235,11155,credit,transfer,2024-11-18
7960,996,32816,credit,salary,2024-08-07
7961,59,6980,credit,food,2024-05-16
7962,164,29049,debit,shopping,2024-11-08
7963,771,19910,debit,food,2024-06-14
7964,826,628,debit,transfer,2024-09-19
7965,216,43193,debit,shopping,2024-02-03
7966,183,18408,debit,atm,2024-11-14
7967,569,22944,credit,transfer,2024-09-21
7968,657,22460,debit,transfer,2024-12-11
7969,935,22505,debit,transfer,2024-07-18
7970,90,17346,credit,transfer,2024-10-01
7971,964,27892,credit,shopping,2024-06-22
7972,311,43422,credit,food,2024-11-07
7973,557,20804,debit,food,2024-09-22
7974,972,48281,debit,atm,2024-04-29
7975,257,30689,debit,transfer,2024-06-19
7976,533,22536,credit,transfer,2024-02-09
7977,979,46995,debit,food,2024-07-01
7978,533,24743,credit,atm,2024-10-13
7979,52,18126,credit,salary,2024-02-16
7980,338,15793,credit,shopping,2024-10-19
7981,171,9312,debit,food,2024-07-03
7982,948,38064,debit,shopping,2024-03-19
7983,67,13950,credit,food,2024-07-03
7984,625,39867,credit,atm,2024-04-08
7985,300,7422,credit,transfer,2024-06-05
7986,672,36011,debit,salary,2024-02-14
7987,778,46680,credit,shopping,2024-03-27
7988,832,30487,debit,salary,2024-11-24
7989,232,5778,debit,transfer,2024-01-02
7990,975,1482,debit,food,2024-05-25
7991,837,21880,debit,atm,2024-09-03
7992,68,27606,debit,transfer,2024-06-05
7993,506,42396,debit,salary,2024-10-22
7994,28,31948,debit,salary,2024-01-03
7995,949,39982,debit,salary,2024-08-12
7996,628,42302,debit,food,2024-11-09
7997,51,1805,debit,salary,2024-11-22
7998,693,6097,credit,food,2024-12-15
7999,260,22547,credit,salary,2024-08-06
8000,591,40830,credit,shopping,2024-06-14
8001,785,44259,debit,shopping,2024-06-05
8002,620,14635,debit,transfer,2024-06-07
8003,963,24580,credit,transfer,2024-05-05
8004,586,31151,debit,atm,2024-07-11
8005,687,12229,debit,salary,2024-12-26
8006,184,30885,debit,salary,2024-10-25
8007,23,29502,debit,food,2024-06-03
8008,786,41627,credit,transfer,2024-06-03
8009,129,2804,credit,shopping,2024-04-27
8010,291,27127,credit,food,2024-11-20
8011,832,5825,credit,shopping,2024-01-03
8012,501,25323,debit,food,2024-06-05
8013,186,26869,debit,transfer,2024-12-24
8014,479,27484,debit,salary,2024-05-20
8015,571,32245,debit,salary,2024-12-18
8016,492,32992,debit,transfer,2024-02-29
8017,513,42597,credit,shopping,2024-03-24
8018,643,30127,debit,atm,2024-11-18
8019,67,12867,credit,atm,2024-07-16
8020,805,21581,debit,transfer,2024-12-28
8021,467,37675,debit,food,2024-12-02
8022,285,18454,credit,salary,2024-10-29
8023,601,48877,credit,shopping,2024-04-06
8024,417,19246,credit,atm,2024-06-09
8025,100,22001,credit,salary,2024-01-06
8026,189,3201,debit,transfer,2024-11-29
8027,989,28827,credit,salary,2024-11-21
8028,890,34522,debit,atm,2024-11-18
8029,858,16615,credit,shopping,2024-12-22
8030,388,24906,credit,food,2024-10-06
8031,241,33262,debit,food,2024-07-23
8032,782,40187,credit,salary,2024-11-16
8033,731,3673,credit,food,2024-08-30
8034,417,42041,debit,atm,2024-06-29
8035,918,39974,credit,shopping,2024-05-07
8036,176,25608,credit,food,2024-04-09
8037,387,26085,debit,food,2024-10-14
8038,471,44015,credit,transfer,2024-03-09
8039,853,5160,debit,food,2024-11-22
8040,233,49194,credit,food,2024-08-29
8041,663,45710,debit,atm,2024-02-14
8042,452,11033,debit,food,2024-02-01
8043,277,6732,credit,transfer,2024-01-28
8044,229,39623,debit,transfer,2024-12-18
8045,171,43998,debit,transfer,2024-08-25
8046,735,23073,debit,food,2024-09-26
8047,213,5689,debit,salary,2024-05-20
8048,282,11712,debit,salary,2024-06-16
8049,41,47711,debit,atm,2024-04-22
8050,122,18988,debit,salary,2024-04-22
8051,227,19517,debit,atm,2024-10-12
8052,294,12115,debit,atm,2024-02-03
8053,600,45540,debit,transfer,2024-02-15
8054,267,35844,debit,shopping,2024-01-01
8055,541,17955,debit,atm,2024-07-05
8056,759,11991,debit,food,2024-06-18
8057,828,27862,credit,transfer,2024-08-29
8058,451,6695,debit,food,2024-10-01
8059,449,46272,debit,food,2024-01-23
8060,756,28657,debit,salary,2024-03-06
8061,61,45693,debit,food,2024-03-26
8062,502,22036,credit,atm,2024-07-18
8063,147,18381,debit,food,2024-03-27
8064,686,2292,debit,food,2024-11-23
8065,945,45132,debit,salary,2024-12-10
8066,790,33959,credit,food,2024-08-14
8067,334,49951,debit,atm,2024-04-20
8068,881,42961,debit,atm,2024-05-18
8069,953,35046,credit,food,2024-10-23
8070,891,49984,debit,atm,2024-08-22
8071,142,46460,credit,atm,2024-09-18
8072,44,32409,debit,salary,2024-12-27
8073,144,41572,debit,transfer,2024-10-27
8074,865,35555,debit,transfer,2024-07-27
8075,333,28772,debit,shopping,2024-08-15
8076,998,3856,debit,transfer,2024-07-03
8077,497,38929,credit,food,2024-03-22
8078,396,41491,debit,atm,2024-06-09
8079,55,23018,credit,transfer,2024-07-07
8080,307,4594,debit,salary,2024-01-18
8081,870,34147,credit,shopping,2024-01-07
8082,423,6638,credit,food,2024-10-11
8083,417,2321,debit,transfer,2024-07-15
8084,673,5264,debit,atm,2024-08-10
8085,797,33722,credit,salary,2024-03-14
8086,325,36080,debit,transfer,2024-01-16
8087,710,19252,credit,atm,2024-09-16
8088,671,14485,credit,transfer,2024-03-05
8089,80,23712,debit,food,2024-03-12
8090,31,12630,credit,shopping,2024-05-08
8091,985,3440,debit,atm,2024-08-07
8092,112,23224,debit,shopping,2024-05-10
8093,558,42679,debit,shopping,2024-03-04
8094,865,33143,debit,salary,2024-08-29
8095,717,12395,debit,atm,2024-03-06
8096,564,20347,debit,salary,2024-03-29
8097,650,814,credit,shopping,2024-11-08
8098,472,38922,debit,food,2024-12-22
8099,74,909,debit,food,2024-09-30
8100,553,30244,debit,transfer,2024-04-15
8101,479,46083,debit,transfer,2024-02-08
8102,589,20462,debit,atm,2024-05-03
8103,387,41921,debit,food,2024-04-30
8104,699,136,credit,shopping,2024-03-24
8105,882,32502,debit,food,2024-07-27
8106,564,24598,credit,atm,2024-09-19
8107,930,28487,debit,transfer,2024-04-21
8108,433,10373,credit,transfer,2024-03-08
8109,412,25130,debit,salary,2024-10-18
8110,467,45367,debit,transfer,2024-08-09
8111,599,11503,credit,shopping,2024-01-01
8112,621,15137,credit,atm,2024-09-03
8113,992,19139,debit,transfer,2024-10-17
8114,909,14117,credit,transfer,2024-03-16
8115,737,17465,credit,shopping,2024-03-20
8116,994,47564,debit,transfer,2024-06-04
8117,993,39315,debit,shopping,2024-10-14
8118,248,12683,debit,transfer,2024-08-25
8119,581,33019,debit,shopping,2024-10-17
8120,120,47125,debit,transfer,2024-01-19
8121,67,44354,debit,atm,2024-04-02
8122,573,46375,debit,salary,2024-04-02
8123,956,9614,debit,salary,2024-03-20
8124,327,38516,debit,food,2024-09-16
8125,920,1611,debit,salary,2024-04-22
8126,703,18742,debit,shopping,2024-04-24
8127,470,16715,debit,shopping,2024-06-20
8128,493,31689,debit,salary,2024-03-02
8129,701,24325,credit,shopping,2024-05-08
8130,663,20946,credit,atm,2024-12-04
8131,286,29252,debit,shopping,2024-11-02
8132,956,40617,debit,atm,2024-04-25
8133,914,671,debit,atm,2024-04-17
8134,608,26288,debit,atm,2024-08-05
8135,312,45100,debit,transfer,2024-07-22
8136,309,42630,debit,food,2024-05-24
8137,775,13317,debit,shopping,2024-02-06
8138,97,42099,debit,transfer,2024-02-05
8139,965,6709,credit,food,2024-11-20
8140,113,47497,debit,transfer,2024-04-11
8141,988,45141,debit,shopping,2024-05-10
8142,637,49422,debit,atm,2024-11-28
8143,456,5251,debit,transfer,2024-07-15
8144,463,6506,debit,food,2024-12-26
8145,948,47162,credit,food,2024-10-05
8146,132,14993,debit,food,2024-02-16
8147,930,33056,debit,transfer,2024-08-01
8148,965,45941,debit,food,2024-02-03
8149,929,7245,debit,salary,2024-10-23
8150,121,38795,debit,food,2024-08-05
8151,197,33467,debit,food,2024-10-29
8152,806,13233,debit,transfer,2024-06-07
8153,482,12309,debit,shopping,2024-02-04
8154,634,44392,credit,transfer,2024-10-27
8155,794,47185,credit,transfer,2024-11-08
8156,897,27065,debit,salary,2024-08-11
8157,772,9245,debit,shopping,2024-04-26
8158,39,47225,debit,transfer,2024-04-20
8159,566,42685,credit,salary,2024-11-21
8160,512,34738,debit,transfer,2024-05-28
8161,474,20745,debit,salary,2024-08-24
8162,161,18508,debit,atm,2024-12-24
8163,289,12621,debit,food,2024-02-18
8164,200,21978,debit,food,2024-02-16
8165,788,38321,debit,transfer,2024-04-10
8166,528,34695,debit,salary,2024-09-22
8167,917,21186,credit,atm,2024-03-26
8168,685,17023,debit,food,2024-08-24
8169,503,16325,debit,transfer,2024-12-20
8170,248,7302,debit,transfer,2024-10-20
8171,383,30239,credit,salary,2024-02-05
8172,218,32074,debit,shopping,2024-11-11
8173,87,27041,credit,transfer,2024-07-14
8174,82,37306,debit,atm,2024-08-24
8175,62,19985,debit,atm,2024-03-14
8176,799,45007,credit,shopping,2024-12-17
8177,500,11318,credit,atm,2024-11-25
8178,42,45792,credit,salary,2024-08-22
8179,12,28850,debit,transfer,2024-11-25
8180,833,31712,debit,salary,2024-04-23
8181,746,6816,debit,shopping,2024-08-18
8182,841,16188,credit,shopping,2024-05-16
8183,643,31101,credit,salary,2024-01-13
8184,115,39686,debit,food,2024-07-03
8185,218,22684,debit,shopping,2024-03-22
8186,649,4386,credit,transfer,2024-11-08
8187,106,4839,debit,shopping,2024-06-13
8188,691,30258,debit,salary,2024-01-11
8189,528,34957,credit,salary,2024-01-06
8190,472,5705,debit,atm,2024-06-23
8191,754,39690,debit,food,2024-10-11
8192,846,3421,credit,salary,2024-04-12
8193,893,44641,debit,atm,2024-05-22
8194,387,34084,debit,atm,2024-07-02
8195,226,37753,debit,transfer,2024-11-20
8196,481,12270,debit,atm,2024-12-07
8197,754,9033,debit,food,2024-06-07
8198,408,22792,credit,transfer,2024-10-01
8199,457,31574,credit,salary,2024-08-30
8200,653,10006,debit,salary,2024-05-25
8201,898,45104,credit,atm,2024-07-04
8202,711,23914,debit,shopping,2024-07-16
8203,624,35665,debit,food,2024-07-19
8204,639,918,debit,food,2024-01-30
8205,21,8534,credit,atm,2024-08-10
8206,659,30671,credit,food,2024-06-11
8207,601,40794,debit,transfer,2024-01-17
8208,815,28990,debit,atm,2024-08-21
8209,918,45585,credit,shopping,2024-08-12
8210,203,12169,debit,salary,2024-11-19
8211,417,32880,credit,food,2024-09-10
8212,416,38762,debit,salary,2024-10-15
8213,448,23534,debit,shopping,2024-08-29
8214,512,7492,debit,shopping,2024-08-31
8215,85,16202,debit,transfer,2024-10-18
8216,167,33557,credit,shopping,2024-09-23
8217,384,22362,debit,shopping,2024-07-06
8218,468,12032,debit,food,2024-04-29
8219,72,11866,debit,salary,2024-09-16
8220,810,22811,debit,food,2024-07-09
8221,997,13392,debit,food,2024-08-30
8222,521,20787,debit,atm,2024-12-21
8223,793,47731,debit,atm,2024-01-05
8224,473,25999,credit,transfer,2024-07-10
8225,993,7508,debit,transfer,2024-12-06
8226,258,10794,debit,shopping,2024-07-23
8227,275,41010,credit,transfer,2024-05-11
8228,750,34633,debit,transfer,2024-04-23
8229,20,15337,debit,shopping,2024-10-17
8230,490,5878,debit,salary,2024-01-26
8231,745,35159,debit,shopping,2024-06-02
8232,490,26661,debit,shopping,2024-01-19
8233,733,4966,credit,salary,2024-02-06
8234,326,8529,credit,shopping,2024-05-18
8235,529,43452,debit,atm,2024-03-06
8236,892,44615,debit,transfer,2024-01-31
8237,89,22937,debit,shopping,2024-07-21
8238,486,34175,debit,food,2024-02-13
8239,708,34953,debit,transfer,2024-09-28
8240,350,26495,debit,atm,2024-01-02
8241,84,16515,credit,atm,2024-02-28
8242,387,32086,debit,shopping,2024-09-02
8243,87,24204,debit,salary,2024-06-24
8244,307,391,debit,food,2024-06-12
8245,850,3786,debit,shopping,2024-09-20
8246,154,45447,credit,salary,2024-02-05
8247,440,1742,credit,atm,2024-04-16
8248,740,31577,debit,transfer,2024-01-25
8249,960,24250,credit,atm,2024-08-23
8250,264,8869,credit,shopping,2024-09-16
8251,977,29933,credit,salary,2024-04-18
8252,735,4009,debit,shopping,2024-06-19
8253,421,32178,debit,atm,2024-06-03
8254,493,12368,debit,food,2024-04-18
8255,633,10944,debit,atm,2024-04-29
8256,993,8738,credit,shopping,2024-08-04
8257,411,37241,debit,salary,2024-05-24
8258,173,11333,credit,shopping,2024-12-06
8259,4,30596,debit,transfer,2024-11-30
8260,854,17906,debit,transfer,2024-04-21
8261,640,40426,debit,salary,2024-04-26
8262,986,13371,debit,atm,2024-01-24
8263,992,39613,debit,shopping,2024-09-19
8264,472,19565,credit,transfer,2024-04-26
8265,110,39602,debit,food,2024-03-03
8266,867,13960,debit,transfer,2024-09-08
8267,37,8350,credit,atm,2024-08-17
8268,992,41518,debit,salary,2024-05-29
8269,583,49355,debit,food,2024-04-15
8270,801,21410,debit,shopping,2024-06-29
8271,31,49993,debit,shopping,2024-11-25
8272,951,28082,debit,salary,2024-09-24
8273,381,32306,credit,food,2024-04-13
8274,268,9864,credit,food,2024-10-04
8275,11,43761,credit,food,2024-06-15
8276,344,12942,debit,salary,2024-02-16
8277,840,37591,credit,salary,2024-02-13
8278,544,44472,debit,shopping,2024-01-16
8279,569,24143,debit,transfer,2024-11-10
8280,166,38071,debit,atm,2024-02-03
8281,700,3076,credit,shopping,2024-07-26
8282,342,7526,debit,food,2024-02-24
8283,482,22987,debit,transfer,2024-09-09
8284,19,26810,debit,atm,2024-03-14
8285,628,41487,debit,food,2024-01-24
8286,980,47570,debit,salary,2024-04-20
8287,184,6586,debit,transfer,2024-08-29
8288,782,39358,debit,salary,2024-08-27
8289,545,46982,debit,atm,2024-05-09
8290,10,22723,debit,atm,2024-06-07
8291,592,23906,debit,food,2024-03-03
8292,192,6073,credit,salary,2024-02-16
8293,320,46315,debit,shopping,2024-09-11
8294,702,48726,debit,shopping,2024-01-19
8295,580,46039,debit,salary,2024-02-25
8296,475,49185,debit,atm,2024-01-11
8297,860,29257,debit,transfer,2024-12-07
8298,637,5621,debit,salary,2024-08-10
8299,427,12991,debit,food,2024-03-14
8300,848,16895,debit,shopping,2024-05-13
8301,59,22574,credit,food,2024-06-07
8302,436,26607,debit,transfer,2024-08-30
8303,97,10787,debit,shopping,2024-04-08
8304,496,33114,debit,shopping,2024-11-01
8305,787,11109,credit,shopping,2024-12-25
8306,661,23326,debit,food,2024-09-06
8307,278,23048,debit,atm,2024-01-29
8308,265,35039,debit,food,2024-10-03
8309,9,44391,credit,atm,2024-06-17
8310,457,48396,debit,salary,2024-11-20
8311,795,48144,debit,shopping,2024-07-15
8312,273,40325,debit,food,2024-03-28
8313,940,22202,debit,transfer,2024-11-30
8314,813,34928,debit,transfer,2024-10-10
8315,8,36202,credit,atm,2024-06-10
8316,208,45955,credit,atm,2024-02-25
8317,914,33812,debit,shopping,2024-07-01
8318,637,26923,debit,atm,2024-08-01
8319,123,5461,debit,transfer,2024-01-29
8320,33,25938,credit,food,2024-01-03
8321,513,14738,debit,food,2024-11-20
8322,204,38152,credit,atm,2024-09-23
8323,518,23365,debit,atm,2024-09-10
8324,809,24851,debit,transfer,2024-06-24
8325,951,42112,debit,salary,2024-04-14
8326,517,11016,debit,food,2024-11-04
8327,443,9609,debit,atm,2024-11-07
8328,592,45632,credit,shopping,2024-06-02
8329,786,31202,debit,atm,2024-12-29
8330,689,47759,debit,atm,2024-07-11
8331,850,24424,debit,food,2024-12-23
8332,833,14103,debit,atm,2024-02-25
8333,339,28043,debit,shopping,2024-10-10
8334,438,42734,debit,shopping,2024-05-30
8335,445,33201,credit,shopping,2024-07-07
8336,136,30043,debit,transfer,2024-03-22
8337,387,9556,credit,shopping,2024-01-16
8338,25,11469,debit,food,2024-07-05
8339,506,19429,debit,salary,2024-08-21
8340,325,13318,debit,atm,2024-06-24
8341,695,21264,debit,atm,2024-09-29
8342,680,37524,debit,atm,2024-02-04
8343,979,12510,debit,shopping,2024-04-04
8344,338,29830,debit,shopping,2024-08-03
8345,690,2765,credit,shopping,2024-06-17
8346,885,39999,debit,salary,2024-10-19
8347,95,37803,credit,salary,2024-04-22
8348,545,515,debit,salary,2024-01-30
8349,623,33575,credit,salary,2024-12-03
8350,146,24272,credit,salary,2024-08-06
8351,893,2784,debit,atm,2024-12-26
8352,953,7594,debit,atm,2024-02-16
8353,231,19850,debit,salary,2024-10-10
8354,784,19987,debit,atm,2024-02-10
8355,848,20926,credit,salary,2024-09-09
8356,495,6280,debit,salary,2024-10-27
8357,38,46879,debit,salary,2024-12-18
8358,425,2659,credit,atm,2024-04-21
8359,647,41005,debit,transfer,2024-07-19
8360,846,4071,debit,transfer,2024-08-03
8361,747,35825,debit,transfer,2024-05-20
8362,437,18213,debit,food,2024-08-09
8363,831,42961,debit,transfer,2024-06-19
8364,368,13051,credit,transfer,2024-08-12
8365,345,25717,debit,transfer,2024-04-28
8366,160,32894,debit,shopping,2024-04-19
8367,550,2683,debit,salary,2024-02-27
8368,662,25728,debit,atm,2024-10-02
8369,912,26350,debit,shopping,2024-04-23
8370,820,3155,debit,salary,2024-07-09
8371,541,6901,credit,transfer,2024-01-01
8372,144,34526,debit,transfer,2024-01-23
8373,588,36819,debit,shopping,2024-02-02
8374,657,40167,debit,atm,2024-07-03
8375,741,23940,debit,shopping,2024-07-27
8376,576,10033,credit,shopping,2024-06-30
8377,859,32079,debit,salary,2024-04-04
8378,345,45147,credit,food,2024-05-02
8379,269,4237,debit,atm,2024-06-07
8380,840,11523,debit,atm,2024-09-02
8381,696,24415,debit,shopping,2024-06-13
8382,773,34582,debit,shopping,2024-12-22
8383,268,44256,debit,transfer,2024-09-04
8384,169,36215,debit,shopping,2024-09-01
8385,771,34854,credit,salary,2024-09-13
8386,739,36412,credit,transfer,2024-05-25
8387,33,23463,credit,food,2024-10-21
8388,377,17185,debit,salary,2024-10-08
8389,214,42514,debit,atm,2024-11-26
8390,562,36654,debit,atm,2024-07-11
8391,440,14515,debit,salary,2024-05-04
8392,492,47152,debit,shopping,2024-05-04
8393,393,21498,debit,shopping,2024-02-26
8394,489,32791,credit,shopping,2024-07-15
8395,722,6759,credit,atm,2024-08-01
8396,946,20744,credit,salary,2024-01-17
8397,29,3144,credit,shopping,2024-12-23
8398,39,3983,debit,transfer,2024-07-17
8399,859,31812,debit,atm,2024-09-24
8400,612,19424,credit,salary,2024-10-20
8401,173,48219,debit,salary,2024-08-02
8402,17,21645,debit,salary,2024-06-24
8403,56,18304,debit,salary,2024-11-05
8404,226,23368,debit,food,2024-03-12
8405,558,15862,credit,transfer,2024-01-15
8406,67,28471,credit,food,2024-01-30
8407,197,18947,debit,shopping,2024-02-24
8408,654,36239,debit,food,2024-03-13
8409,835,41395,debit,food,2024-04-18
8410,23,10216,debit,atm,2024-05-28
8411,999,30225,debit,salary,2024-08-23
8412,606,31504,credit,food,2024-11-11
8413,754,28536,debit,salary,2024-05-15
8414,237,2888,credit,transfer,2024-06-23
8415,957,32249,debit,food,2024-09-04
8416,919,4225,debit,atm,2024-11-24
8417,923,3706,debit,atm,2024-01-26
8418,566,41634,debit,shopping,2024-03-24
8419,138,33088,debit,food,2024-08-17
8420,473,21406,credit,transfer,2024-05-02
8421,845,43073,debit,salary,2024-11-21
8422,784,10933,debit,food,2024-06-10
8423,553,22097,debit,shopping,2024-02-29
8424,610,33621,debit,atm,2024-05-30
8425,695,30048,debit,food,2024-09-09
8426,640,46743,credit,shopping,2024-08-12
8427,229,7588,debit,transfer,2024-05-04
8428,317,40074,debit,salary,2024-03-25
8429,598,42548,debit,transfer,2024-06-17
8430,768,8038,debit,transfer,2024-12-11
8431,721,38826,debit,salary,2024-03-09
8432,727,15870,credit,food,2024-09-06
8433,886,6735,debit,salary,2024-07-01
8434,612,8729,debit,shopping,2024-03-13
8435,561,31768,debit,transfer,2024-02-14
8436,201,21587,debit,salary,2024-03-01
8437,948,12969,debit,atm,2024-06-28
8438,258,49471,debit,salary,2024-12-02
8439,480,9319,debit,salary,2024-09-12
8440,888,40897,credit,shopping,2024-12-25
8441,178,49140,debit,transfer,2024-04-20
8442,757,16773,debit,shopping,2024-01-19
8443,123,16863,debit,shopping,2024-09-20
8444,342,45033,debit,atm,2024-07-16
8445,171,11143,debit,shopping,2024-05-13
8446,845,9670,debit,shopping,2024-07-18
8447,648,6986,debit,atm,2024-03-28
8448,59,2058,debit,food,2024-02-29
8449,705,43187,debit,shopping,2024-05-04
8450,465,24741,debit,salary,2024-06-28
8451,780,2283,credit,shopping,2024-12-12
8452,260,29170,debit,transfer,2024-12-09
8453,373,3874,debit,salary,2024-06-14
8454,973,29118,debit,salary,2024-11-20
8455,95,20403,credit,food,2024-05-23
8456,125,14372,credit,transfer,2024-02-08
8457,41,22686,debit,transfer,2024-12-18
8458,891,33645,debit,transfer,2024-07-20
8459,254,2666,credit,shopping,2024-02-20
8460,7,42963,debit,shopping,2024-04-25
8461,471,11053,debit,salary,2024-03-23
8462,728,31796,debit,food,2024-04-24
8463,511,7504,debit,shopping,2024-10-23
8464,581,32946,credit,shopping,2024-03-25
8465,69,1681,debit,food,2024-07-13
8466,81,14166,debit,transfer,2024-02-28
8467,542,40835,debit,salary,2024-09-01
8468,585,7939,debit,shopping,2024-12-13
8469,262,35030,debit,food,2024-08-20
8470,89,22229,debit,food,2024-05-26
8471,915,30945,debit,transfer,2024-12-01
8472,208,14013,debit,atm,2024-03-02
8473,213,1064,debit,atm,2024-06-29
8474,834,10839,credit,atm,2024-09-20
8475,266,2773,debit,atm,2024-10-28
8476,912,38161,debit,shopping,2024-12-23
8477,293,31271,credit,food,2024-05-19
8478,207,23743,debit,salary,2024-03-28
8479,333,34586,debit,shopping,2024-03-05
8480,77,10724,credit,atm,2024-01-23
8481,288,1328,debit,salary,2024-10-21
8482,47,43470,credit,salary,2024-02-29
8483,622,34708,debit,atm,2024-02-13
8484,200,49749,credit,salary,2024-08-23
8485,427,17020,debit,shopping,2024-03-10
8486,210,19789,credit,transfer,2024-02-03
8487,888,7224,credit,shopping,2024-01-25
8488,420,42224,debit,shopping,2024-02-17
8489,154,31439,debit,transfer,2024-11-16
8490,522,7687,credit,atm,2024-12-23
8491,415,3627,debit,atm,2024-05-17
8492,353,33167,debit,transfer,2024-07-19
8493,157,45458,credit,shopping,2024-09-30
8494,261,4063,debit,food,2024-07-06
8495,77,37555,credit,salary,2024-11-24
8496,769,37039,credit,salary,2024-02-14
8497,983,20343,credit,salary,2024-06-02
8498,488,32793,debit,food,2024-12-27
8499,131,45935,debit,shopping,2024-02-05
8500,579,3795,credit,atm,2024-05-22
8501,455,9212,debit,transfer,2024-09-07
8502,740,32159,debit,salary,2024-05-09
8503,163,7342,credit,food,2024-08-17
8504,15,10041,debit,transfer,2024-12-16
8505,232,20101,debit,shopping,2024-01-20
8506,195,2800,debit,food,2024-06-15
8507,861,18185,debit,food,2024-10-27
8508,542,13439,debit,transfer,2024-06-02
8509,359,15934,debit,transfer,2024-07-15
8510,850,11184,credit,salary,2024-03-08
8511,331,29643,debit,shopping,2024-12-07
8512,427,36030,debit,transfer,2024-03-10
8513,497,41174,debit,salary,2024-08-16
8514,828,32002,debit,salary,2024-04-27
8515,486,29144,debit,transfer,2024-10-13
8516,808,13237,credit,food,2024-07-15
8517,449,35005,credit,food,2024-11-20
8518,413,49282,debit,food,2024-09-16
8519,330,6048,credit,salary,2024-08-06
8520,732,47561,debit,food,2024-07-19
8521,889,32667,credit,shopping,2024-02-06
8522,991,31289,debit,food,2024-04-27
8523,147,48967,credit,food,2024-01-02
8524,259,49078,credit,salary,2024-06-25
8525,292,31971,credit,atm,2024-08-18
8526,811,18289,debit,shopping,2024-09-29
8527,143,22897,debit,salary,2024-01-17
8528,993,3669,debit,shopping,2024-11-02
8529,937,26112,debit,shopping,2024-01-28
8530,747,13077,debit,food,2024-02-15
8531,627,32149,debit,shopping,2024-12-30
8532,365,21794,debit,food,2024-05-06
8533,90,44488,debit,shopping,2024-04-15
8534,720,33324,debit,atm,2024-08-02
8535,164,16932,debit,shopping,2024-03-27
8536,481,32935,debit,transfer,2024-12-23
8537,84,1962,debit,food,2024-02-18
8538,77,18286,credit,atm,2024-01-27
8539,673,29645,debit,food,2024-07-08
8540,517,45622,credit,atm,2024-09-23
8541,485,44491,debit,food,2024-05-03
8542,590,40422,credit,transfer,2024-06-20
8543,603,8419,credit,transfer,2024-12-29
8544,599,38763,debit,atm,2024-08-06
8545,782,45888,debit,salary,2024-10-18
8546,104,28501,debit,food,2024-05-23
8547,452,32328,debit,salary,2024-11-11
8548,487,12302,debit,shopping,2024-04-06
8549,339,38383,credit,transfer,2024-01-22
8550,687,20222,debit,food,2024-07-24
8551,566,33235,credit,transfer,2024-03-17
8552,900,22685,debit,shopping,2024-08-01
8553,478,48508,debit,atm,2024-02-07
8554,723,48329,debit,food,2024-03-05
8555,607,14997,debit,food,2024-06-27
8556,223,21391,credit,food,2024-12-07
8557,9,32926,debit,atm,2024-05-30
8558,53,8394,credit,transfer,2024-09-27
8559,77,4607,credit,atm,2024-12-29
8560,718,28954,debit,transfer,2024-11-30
8561,503,47620,debit,food,2024-10-13
8562,316,15575,credit,atm,2024-11-18
8563,814,45005,debit,shopping,2024-06-01
8564,822,14434,debit,atm,2024-10-15
8565,842,18930,debit,transfer,2024-04-06
8566,624,47982,credit,food,2024-12-13
8567,863,48903,debit,transfer,2024-11-04
8568,165,27378,credit,salary,2024-05-23
8569,279,18849,credit,food,2024-08-22
8570,27,30611,debit,shopping,2024-05-18
8571,70,37569,debit,shopping,2024-09-24
8572,218,40285,debit,salary,2024-10-03
8573,962,25172,debit,transfer,2024-05-21
8574,365,42426,debit,shopping,2024-10-15
8575,701,31246,debit,transfer,2024-05-28
8576,845,11157,credit,food,2024-02-04
8577,947,26527,debit,atm,2024-03-03
8578,306,42082,credit,food,2024-04-23
8579,124,44190,debit,transfer,2024-05-04
8580,19,48754,credit,salary,2024-05-27
8581,257,11136,debit,food,2024-11-14
8582,296,14160,credit,shopping,2024-07-12
8583,928,13707,debit,food,2024-04-14
8584,22,35202,debit,food,2024-04-27
8585,880,24174,debit,food,2024-09-11
8586,989,48964,debit,salary,2024-08-30
8587,450,19873,debit,transfer,2024-02-01
8588,552,33070,credit,salary,2024-04-16
8589,550,33098,debit,shopping,2024-04-06
8590,48,28310,debit,transfer,2024-10-30
8591,695,44188,debit,shopping,2024-09-10
8592,587,11783,credit,transfer,2024-07-05
8593,721,3062,debit,transfer,2024-10-02
8594,183,35195,debit,food,2024-04-14
8595,435,30100,debit,food,2024-12-22
8596,107,29237,credit,salary,2024-10-19
8597,188,35652,debit,transfer,2024-02-09
8598,776,46353,debit,shopping,2024-04-28
8599,86,33671,debit,food,2024-02-25
8600,836,45421,debit,shopping,2024-09-26
8601,843,47450,debit,food,2024-06-12
8602,456,43961,debit,transfer,2024-07-22
8603,137,39264,credit,shopping,2024-12-11
8604,858,47678,debit,salary,2024-02-03
8605,898,16659,debit,salary,2024-01-06
8606,336,42504,debit,salary,2024-02-15
8607,607,48174,debit,food,2024-07-23
8608,838,45063,debit,food,2024-04-28
8609,757,5791,debit,salary,2024-12-20
8610,469,3632,debit,shopping,2024-03-23
8611,602,49091,credit,food,2024-05-30
8612,571,20833,debit,salary,2024-04-23
8613,403,18027,debit,food,2024-03-04
8614,540,43214,debit,atm,2024-04-05
8615,72,13582,debit,shopping,2024-06-20
8616,782,26781,credit,transfer,2024-01-11
8617,24,5556,credit,shopping,2024-03-08
8618,624,3513,debit,transfer,2024-11-12
8619,812,7185,debit,salary,2024-03-16
8620,485,28037,debit,food,2024-02-25
8621,56,20663,debit,salary,2024-06-27
8622,986,9432,credit,transfer,2024-03-03
8623,223,37675,debit,atm,2024-08-18
8624,632,7486,debit,transfer,2024-10-12
8625,179,26437,debit,food,2024-01-10
8626,800,34808,credit,atm,2024-01-01
8627,434,29672,debit,food,2024-02-17
8628,937,33524,debit,atm,2024-06-04
8629,450,35371,debit,food,2024-06-20
8630,793,49910,debit,transfer,2024-08-24
8631,884,11130,debit,transfer,2024-04-26
8632,492,13238,debit,transfer,2024-11-18
8633,189,47469,debit,transfer,2024-08-27
8634,578,15746,debit,atm,2024-04-14
8635,810,28912,debit,shopping,2024-02-27
8636,961,23522,debit,shopping,2024-09-18
8637,420,10745,credit,salary,2024-06-18
8638,249,14728,debit,shopping,2024-09-29
8639,588,24586,debit,salary,2024-01-23
8640,649,22509,debit,transfer,2024-10-22
8641,164,39366,debit,food,2024-07-31
8642,745,22832,debit,shopping,2024-06-20
8643,255,46657,debit,shopping,2024-06-07
8644,476,19525,credit,transfer,2024-03-16
8645,806,12295,credit,transfer,2024-08-08
8646,417,18822,debit,shopping,2024-08-21
8647,170,16594,debit,transfer,2024-04-07
8648,317,21671,debit,shopping,2024-10-02
8649,174,34586,debit,food,2024-06-23
8650,470,23000,debit,food,2024-09-22
8651,345,225,debit,salary,2024-07-11
8652,445,48914,debit,shopping,2024-11-03
8653,18,19418,debit,food,2024-11-14
8654,70,38785,debit,food,2024-06-05
8655,338,43262,credit,atm,2024-05-05
8656,628,7690,debit,food,2024-03-26
8657,592,34950,credit,salary,2024-02-19
8658,527,12234,debit,food,2024-03-05
8659,688,25330,debit,transfer,2024-02-13
8660,456,15158,debit,atm,2024-09-20
8661,269,14401,credit,shopping,2024-09-05
8662,631,37961,debit,salary,2024-09-21
8663,811,27139,debit,food,2024-01-23
8664,188,384,credit,shopping,2024-09-08
8665,569,38434,debit,food,2024-07-30
8666,711,43625,credit,atm,2024-01-16
8667,529,41086,credit,shopping,2024-09-03
8668,434,18758,debit,transfer,2024-08-25
8669,288,28543,credit,transfer,2024-07-08
8670,918,4072,debit,shopping,2024-08-02
8671,567,26267,credit,transfer,2024-03-05
8672,499,13779,debit,salary,2024-06-28
8673,441,44441,debit,atm,2024-04-22
8674,781,29619,credit,salary,2024-05-30
8675,303,25804,debit,shopping,2024-02-07
8676,87,36981,credit,salary,2024-09-20
8677,830,32048,debit,atm,2024-10-14
8678,438,14478,debit,atm,2024-02-09
8679,541,10428,credit,shopping,2024-07-12
8680,22,24832,debit,salary,2024-09-25
8681,833,17773,credit,atm,2024-05-02
8682,797,10473,debit,shopping,2024-01-27
8683,560,5820,credit,atm,2024-06-22
8684,517,5253,credit,food,2024-03-11
8685,762,6326,debit,food,2024-01-03
8686,675,3076,credit,atm,2024-12-06
8687,503,38119,debit,shopping,2024-11-12
8688,714,36367,credit,food,2024-03-12
8689,467,19397,debit,atm,2024-05-24
8690,101,16687,debit,transfer,2024-10-11
8691,583,18306,debit,salary,2024-03-12
8692,942,26035,debit,atm,2024-06-27
8693,675,29733,credit,food,2024-02-12
8694,685,10836,debit,atm,2024-07-18
8695,141,41501,debit,shopping,2024-09-20
8696,138,7071,debit,food,2024-08-21
8697,578,9607,debit,shopping,2024-12-27
8698,710,25824,debit,shopping,2024-05-03
8699,840,22266,debit,shopping,2024-11-06
8700,228,13258,debit,atm,2024-06-21
8701,281,25874,credit,food,2024-08-01
8702,684,11208,credit,shopping,2024-11-18
8703,828,12177,debit,transfer,2024-11-08
8704,431,4275,debit,salary,2024-02-18
8705,40,35727,credit,atm,2024-09-01
8706,519,3062,credit,transfer,2024-02-23
8707,686,13716,credit,food,2024-07-10
8708,663,32353,debit,salary,2024-04-11
8709,211,17851,debit,shopping,2024-01-24
8710,302,45725,debit,transfer,2024-03-02
8711,86,5310,credit,transfer,2024-10-15
8712,397,32490,debit,shopping,2024-04-08
8713,253,35777,debit,shopping,2024-10-22
8714,533,43276,debit,transfer,2024-06-05
8715,769,36273,debit,food,2024-01-08
8716,891,16093,debit,atm,2024-09-28
8717,915,26959,debit,food,2024-11-15
8718,381,20978,debit,food,2024-09-11
8719,444,15023,debit,atm,2024-05-18
8720,33,33688,credit,food,2024-06-05
8721,260,27200,debit,salary,2024-10-31
8722,234,24186,credit,shopping,2024-04-18
8723,515,40123,debit,transfer,2024-03-28
8724,859,47809,debit,atm,2024-07-12
8725,308,32671,debit,food,2024-01-05
8726,739,11117,debit,transfer,2024-08-03
8727,796,37321,debit,salary,2024-02-13
8728,70,19613,debit,food,2024-08-26
8729,454,45074,debit,food,2024-05-14
8730,439,46578,credit,food,2024-03-10
8731,825,14960,credit,salary,2024-11-20
8732,364,8186,debit,shopping,2024-03-19
8733,983,48644,credit,transfer,2024-04-08
8734,766,18150,debit,food,2024-02-23
8735,481,40257,credit,food,2024-07-19
8736,144,19884,debit,salary,2024-10-05
8737,24,11874,debit,salary,2024-07-04
8738,965,35068,debit,transfer,2024-05-24
8739,425,12242,debit,transfer,2024-04-26
8740,746,23107,credit,food,2024-03-27
8741,845,25258,debit,food,2024-10-28
8742,175,6151,debit,food,2024-04-12
8743,844,31676,debit,food,2024-10-29
8744,325,4215,debit,food,2024-11-10
8745,869,19124,credit,salary,2024-04-12
8746,671,6471,credit,shopping,2024-03-02
8747,860,28790,credit,transfer,2024-11-05
8748,348,39455,debit,salary,2024-05-04
8749,798,32520,debit,atm,2024-05-20
8750,18,43475,debit,atm,2024-09-24
8751,44,48102,debit,atm,2024-01-02
8752,155,46798,debit,transfer,2024-02-11
8753,867,9180,debit,food,2024-06-30
8754,922,1983,credit,atm,2024-01-11
8755,377,4921,debit,atm,2024-08-27
8756,743,36690,debit,shopping,2024-03-18
8757,883,8438,debit,salary,2024-07-31
8758,828,22107,debit,transfer,2024-04-18
8759,402,2577,debit,transfer,2024-06-25
8760,225,13235,debit,shopping,2024-02-06
8761,217,42523,credit,atm,2024-10-18
8762,568,10537,credit,shopping,2024-06-25
8763,31,48200,credit,food,2024-02-27
8764,869,9602,debit,atm,2024-09-15
8765,59,29336,debit,transfer,2024-06-09
8766,892,468,debit,salary,2024-03-15
8767,898,25939,debit,shopping,2024-07-17
8768,353,46466,debit,shopping,2024-02-06
8769,935,35615,credit,transfer,2024-06-26
8770,445,7662,debit,atm,2024-02-05
8771,235,7239,debit,atm,2024-10-09
8772,107,27241,credit,atm,2024-10-13
8773,191,42878,debit,salary,2024-11-15
8774,992,6804,debit,salary,2024-07-16
8775,530,1987,credit,atm,2024-09-02
8776,913,12075,debit,salary,2024-11-04
8777,738,49311,credit,shopping,2024-11-05
8778,679,644,debit,atm,2024-08-12
8779,583,19548,credit,salary,2024-11-15
8780,874,22930,debit,shopping,2024-06-30
8781,566,46423,debit,shopping,2024-03-05
8782,245,24026,debit,salary,2024-04-12
8783,995,31102,debit,atm,2024-06-18
8784,862,47681,credit,atm,2024-04-21
8785,76,13433,debit,salary,2024-08-23
8786,547,17042,credit,salary,2024-04-02
8787,267,14784,debit,food,2024-03-15
8788,317,26188,credit,shopping,2024-11-07
8789,812,22547,debit,atm,2024-01-15
8790,121,8961,debit,transfer,2024-10-12
8791,836,24933,credit,shopping,2024-01-23
8792,25,17554,credit,atm,2024-09-24
8793,432,1150,credit,food,2024-04-01
8794,160,20522,debit,shopping,2024-12-16
8795,596,21630,debit,shopping,2024-06-06
8796,114,47160,debit,atm,2024-05-02
8797,735,15856,credit,transfer,2024-04-12
8798,900,4122,debit,salary,2024-09-28
8799,502,41204,debit,transfer,2024-06-06
8800,166,2734,credit,food,2024-03-08
8801,703,27245,credit,shopping,2024-10-15
8802,175,7388,credit,atm,2024-12-18
8803,1,9092,credit,shopping,2024-09-08
8804,899,34353,debit,salary,2024-06-04
8805,741,27105,debit,transfer,2024-07-25
8806,86,49924,credit,transfer,2024-01-26
8807,574,12266,debit,food,2024-05-04
8808,320,28165,debit,atm,2024-01-14
8809,401,17898,credit,salary,2024-07-03
8810,382,29401,credit,salary,2024-05-22
8811,718,3994,credit,atm,2024-07-12
8812,617,3946,debit,food,2024-01-16
8813,318,14581,debit,salary,2024-10-19
8814,803,42254,credit,food,2024-09-07
8815,250,30321,debit,atm,2024-09-23
8816,525,47864,credit,atm,2024-09-23
8817,675,8148,credit,atm,2024-06-09
8818,555,27486,debit,salary,2024-09-14
8819,898,33436,credit,atm,2024-02-02
8820,952,39358,debit,salary,2024-03-03
8821,623,23953,debit,food,2024-12-05
8822,717,34813,debit,shopping,2024-10-15
8823,896,16891,credit,food,2024-10-08
8824,256,4328,debit,salary,2024-10-16
8825,307,12045,debit,transfer,2024-03-18
8826,950,41673,debit,transfer,2024-12-14
8827,144,39999,credit,shopping,2024-08-29
8828,658,24781,debit,atm,2024-11-22
8829,391,35086,debit,food,2024-07-21
8830,813,15075,debit,food,2024-08-18
8831,676,48477,credit,salary,2024-04-03
8832,169,7811,debit,shopping,2024-06-25
8833,990,44859,credit,atm,2024-10-29
8834,298,12205,debit,shopping,2024-05-28
8835,233,49745,debit,transfer,2024-07-17
8836,903,30246,debit,shopping,2024-07-30
8837,271,15338,debit,atm,2024-11-12
8838,60,3968,debit,atm,2024-08-30
8839,296,44394,credit,food,2024-01-05
8840,467,10160,debit,food,2024-06-07
8841,235,5533,debit,atm,2024-07-08
8842,677,22712,debit,food,2024-02-25
8843,706,17922,credit,food,2024-07-12
8844,234,34220,credit,food,2024-01-26
8845,368,41104,debit,atm,2024-03-08
8846,695,21394,debit,food,2024-01-30
8847,845,18864,debit,transfer,2024-10-02
8848,232,4660,credit,atm,2024-07-12
8849,873,16683,debit,shopping,2024-04-18
8850,491,15660,debit,salary,2024-11-30
8851,619,4524,debit,salary,2024-11-02
8852,503,40715,credit,transfer,2024-08-27
8853,890,26963,debit,atm,2024-09-26
8854,735,47063,debit,shopping,2024-11-06
8855,592,29569,debit,atm,2024-11-04
8856,746,37665,debit,shopping,2024-06-30
8857,381,23284,credit,shopping,2024-08-09
8858,696,24010,debit,atm,2024-06-03
8859,428,47177,debit,food,2024-01-02
8860,697,22504,debit,salary,2024-03-18
8861,646,35275,debit,food,2024-03-31
8862,732,3891,debit,salary,2024-10-05
8863,800,32308,debit,food,2024-06-11
8864,364,39376,debit,atm,2024-11-13
8865,202,47275,debit,atm,2024-04-21
8866,882,9729,debit,shopping,2024-11-23
8867,146,32994,debit,transfer,2024-02-28
8868,836,22090,debit,atm,2024-07-10
8869,639,42680,debit,salary,2024-12-13
8870,457,7794,debit,shopping,2024-08-12
8871,135,36187,debit,salary,2024-05-16
8872,626,8773,debit,food,2024-11-30
8873,264,38299,debit,transfer,2024-11-25
8874,64,32287,debit,atm,2024-10-31
8875,491,4478,credit,food,2024-09-14
8876,647,23653,debit,shopping,2024-05-10
8877,41,43880,debit,salary,2024-05-30
8878,296,39358,credit,transfer,2024-07-20
8879,3,22624,credit,atm,2024-10-01
8880,913,43431,debit,salary,2024-08-20
8881,706,16722,debit,atm,2024-09-30
8882,975,1520,credit,atm,2024-06-11
8883,110,47540,credit,salary,2024-08-20
8884,221,440,credit,atm,2024-05-16
8885,370,44410,debit,shopping,2024-08-10
8886,368,40388,debit,transfer,2024-12-15
8887,436,44053,debit,food,2024-08-16
8888,918,5087,debit,transfer,2024-01-12
8889,4,26162,debit,food,2024-01-17
8890,244,45617,credit,shopping,2024-08-06
8891,902,32556,credit,transfer,2024-12-06
8892,166,38280,debit,shopping,2024-10-31
8893,26,25408,debit,salary,2024-06-24
8894,395,19962,debit,food,2024-09-02
8895,474,7770,debit,salary,2024-01-27
8896,17,24346,credit,salary,2024-09-02
8897,728,13866,debit,transfer,2024-07-01
8898,92,29781,debit,atm,2024-04-27
8899,483,8423,debit,atm,2024-01-03
8900,543,1957,credit,shopping,2024-08-03
8901,205,47323,debit,transfer,2024-08-11
8902,502,30687,debit,salary,2024-04-10
8903,931,25918,debit,shopping,2024-03-12
8904,400,25347,credit,salary,2024-12-20
8905,207,33372,debit,shopping,2024-05-30
8906,619,40335,credit,food,2024-07-26
8907,146,18640,debit,shopping,2024-12-21
8908,879,25937,debit,shopping,2024-07-19
8909,101,8584,debit,salary,2024-10-21
8910,880,30782,debit,atm,2024-11-09
8911,830,31807,credit,salary,2024-01-18
8912,880,44710,credit,transfer,2024-04-22
8913,241,5023,debit,salary,2024-06-30
8914,923,42119,debit,atm,2024-10-13
8915,759,16020,credit,transfer,2024-11-15
8916,163,43363,debit,atm,2024-10-24
8917,884,22038,debit,transfer,2024-02-06
8918,173,13419,debit,salary,2024-04-20
8919,502,42261,credit,atm,2024-08-26
8920,547,7000,debit,atm,2024-04-14
8921,284,2260,debit,food,2024-11-21
8922,359,16336,debit,food,2024-12-21
8923,381,6321,debit,shopping,2024-09-03
8924,870,25394,debit,food,2024-07-24
8925,905,10138,credit,atm,2024-12-26
8926,972,19751,credit,shopping,2024-12-09
8927,911,23460,debit,salary,2024-12-18
8928,533,8355,debit,shopping,2024-10-24
8929,820,2799,debit,transfer,2024-01-29
8930,163,43993,debit,shopping,2024-05-10
8931,609,22028,debit,food,2024-05-25
8932,307,48269,credit,salary,2024-12-06
8933,339,472,debit,transfer,2024-02-21
8934,55,47412,debit,shopping,2024-02-11
8935,983,18998,debit,salary,2024-11-03
8936,333,23955,debit,food,2024-08-10
8937,127,34858,debit,salary,2024-07-26
8938,940,9707,debit,salary,2024-08-01
8939,705,39658,debit,transfer,2024-05-06
8940,243,8653,debit,atm,2024-01-02
8941,861,5483,credit,food,2024-02-20
8942,600,48443,debit,transfer,2024-12-25
8943,848,815,debit,transfer,2024-01-17
8944,409,9937,credit,transfer,2024-05-20
8945,503,14050,debit,atm,2024-06-30
8946,727,8092,debit,atm,2024-08-14
8947,604,26917,debit,shopping,2024-06-01
8948,303,49903,debit,shopping,2024-07-20
8949,464,33918,debit,food,2024-04-18
8950,235,13457,credit,food,2024-03-15
8951,696,4842,debit,atm,2024-03-18
8952,38,13469,debit,atm,2024-04-07
8953,139,5144,debit,atm,2024-05-29
8954,195,10388,debit,transfer,2024-05-11
8955,527,25478,debit,atm,2024-12-29
8956,769,7361,debit,transfer,2024-06-02
8957,647,43714,debit,transfer,2024-05-08
8958,1,18164,debit,food,2024-01-10
8959,561,9899,debit,salary,2024-04-09
8960,96,3622,debit,shopping,2024-01-02
8961,713,13790,debit,shopping,2024-01-29
8962,413,2157,debit,food,2024-11-11
8963,538,35589,debit,food,2024-03-29
8964,855,37689,debit,atm,2024-09-25
8965,429,35431,credit,atm,2024-06-16
8966,235,14659,debit,atm,2024-06-10
8967,349,13792,credit,transfer,2024-10-17
8968,756,48529,credit,transfer,2024-03-19
8969,870,302,debit,atm,2024-02-08
8970,481,33809,debit,transfer,2024-02-11
8971,839,17072,credit,food,2024-08-22
8972,396,41630,debit,atm,2024-08-01
8973,351,9637,debit,shopping,2024-10-07
8974,416,1742,credit,shopping,2024-05-21
8975,886,1465,debit,transfer,2024-12-04
8976,916,40424,debit,shopping,2024-04-19
8977,887,108,credit,atm,2024-03-26
8978,51,49783,debit,shopping,2024-08-02
8979,81,28920,credit,food,2024-09-13
8980,36,33903,debit,transfer,2024-10-12
8981,67,45631,debit,shopping,2024-05-12
8982,641,18101,credit,transfer,2024-08-09
8983,882,6822,debit,food,2024-09-09
8984,667,20200,debit,shopping,2024-07-23
8985,757,17560,debit,atm,2024-06-07
8986,623,24087,debit,salary,2024-05-14
8987,680,4115,credit,shopping,2024-05-06
8988,481,39997,debit,food,2024-09-02
8989,468,3062,debit,salary,2024-10-11
8990,142,4940,debit,shopping,2024-02-20
8991,356,20633,debit,transfer,2024-07-23
8992,709,20554,debit,food,2024-08-27
8993,471,48205,debit,shopping,2024-03-19
8994,621,5799,debit,food,2024-06-27
8995,888,6022,debit,atm,2024-12-15
8996,591,25019,debit,salary,2024-11-20
8997,902,26608,credit,salary,2024-01-14
8998,673,21764,debit,atm,2024-04-03
8999,439,32370,credit,salary,2024-01-23
9000,531,25378,credit,salary,2024-03-20
9001,127,14962,debit,atm,2024-12-09
9002,205,13698,credit,transfer,2024-02-12
9003,29,1998,debit,salary,2024-02-25
9004,445,23039,credit,transfer,2024-04-16
9005,966,31388,debit,food,2024-09-01
9006,719,24874,debit,food,2024-12-30
9007,464,2922,credit,salary,2024-04-03
9008,280,37352,credit,food,2024-04-11
9009,151,25149,debit,atm,2024-01-22
9010,240,21984,debit,salary,2024-04-15
9011,266,13152,credit,atm,2024-08-02
9012,694,18138,debit,transfer,2024-07-08
9013,105,17075,debit,shopping,2024-01-30
9014,937,34716,debit,shopping,2024-06-03
9015,433,13369,credit,salary,2024-08-08
9016,913,3141,credit,atm,2024-02-06
9017,497,16651,credit,shopping,2024-11-21
9018,440,4479,debit,salary,2024-01-16
9019,748,7761,debit,shopping,2024-05-03
9020,685,7067,debit,shopping,2024-01-20
9021,158,29970,credit,food,2024-11-25
9022,172,45067,debit,salary,2024-12-23
9023,494,15774,debit,shopping,2024-08-16
9024,970,20494,debit,salary,2024-11-25
9025,311,13631,debit,food,2024-08-23
9026,403,21470,debit,salary,2024-11-10
9027,669,18665,debit,food,2024-08-01
9028,770,932,credit,shopping,2024-06-08
9029,676,47078,debit,shopping,2024-05-24
9030,659,17505,debit,shopping,2024-08-05
9031,903,10285,debit,food,2024-05-24
9032,666,3592,debit,transfer,2024-03-06
9033,463,44730,debit,food,2024-01-29
9034,367,388,credit,food,2024-08-25
9035,550,40684,credit,atm,2024-05-11
9036,643,1176,debit,shopping,2024-10-12
9037,870,48432,credit,shopping,2024-07-07
9038,255,34239,debit,atm,2024-07-22
9039,208,1174,debit,transfer,2024-06-10
9040,450,37802,debit,salary,2024-11-29
9041,95,27635,debit,shopping,2024-05-31
9042,860,32907,credit,shopping,2024-12-09
9043,839,4374,credit,food,2024-09-07
9044,478,28298,credit,transfer,2024-03-22
9045,683,49434,credit,transfer,2024-01-25
9046,762,29959,debit,transfer,2024-12-10
9047,190,38364,debit,transfer,2024-04-14
9048,711,45860,debit,atm,2024-10-07
9049,484,35376,debit,food,2024-08-07
9050,733,12118,debit,atm,2024-06-06
9051,536,8172,credit,atm,2024-03-29
9052,756,13448,credit,salary,2024-08-19
9053,423,46778,debit,food,2024-07-23
9054,836,14052,debit,transfer,2024-09-14
9055,640,48933,debit,food,2024-06-10
9056,605,418,debit,transfer,2024-01-16
9057,812,11918,credit,salary,2024-06-24
9058,133,26111,debit,shopping,2024-05-31
9059,55,18887,debit,atm,2024-05-09
9060,989,46850,credit,salary,2024-02-08
9061,510,43724,debit,atm,2024-12-24
9062,670,12616,debit,transfer,2024-07-27
9063,541,33596,debit,transfer,2024-05-30
9064,410,34155,debit,salary,2024-01-12
9065,211,36869,credit,shopping,2024-03-17
9066,666,8852,debit,shopping,2024-03-09
9067,293,1475,debit,atm,2024-05-22
9068,987,15070,debit,transfer,2024-02-29
9069,734,44946,debit,transfer,2024-11-15
9070,115,32892,debit,shopping,2024-11-15
9071,949,17638,credit,transfer,2024-06-12
9072,670,12757,debit,transfer,2024-08-02
9073,259,17943,credit,salary,2024-09-25
9074,763,15683,debit,shopping,2024-09-14
9075,122,21591,debit,shopping,2024-09-17
9076,299,37574,credit,food,2024-02-09
9077,775,46531,debit,shopping,2024-02-08
9078,381,48712,debit,shopping,2024-06-11
9079,561,42280,debit,food,2024-02-10
9080,889,18640,debit,transfer,2024-06-21
9081,841,6079,debit,transfer,2024-06-10
9082,501,8043,debit,atm,2024-08-22
9083,297,9011,debit,transfer,2024-08-05
9084,362,40354,debit,shopping,2024-10-24
9085,589,33973,debit,atm,2024-12-28
9086,463,3869,credit,atm,2024-01-17
9087,438,2579,credit,transfer,2024-04-22
9088,127,10212,debit,atm,2024-02-04
9089,197,44139,debit,food,2024-07-22
9090,221,4831,debit,atm,2024-06-11
9091,995,11461,debit,salary,2024-12-22
9092,91,48955,credit,food,2024-09-18
9093,411,36040,debit,shopping,2024-03-14
9094,8,46909,debit,transfer,2024-10-25
9095,544,32305,debit,transfer,2024-07-29
9096,468,24669,debit,salary,2024-04-25
9097,320,7168,debit,transfer,2024-06-19
9098,394,6657,debit,shopping,2024-03-12
9099,269,36198,debit,atm,2024-03-13
9100,191,38890,debit,transfer,2024-12-18
9101,861,45511,debit,shopping,2024-07-12
9102,675,34926,credit,food,2024-06-03
9103,61,22174,debit,shopping,2024-08-23
9104,438,22255,debit,salary,2024-06-03
9105,264,36489,debit,shopping,2024-10-21
9106,797,42205,debit,transfer,2024-07-06
9107,95,36859,debit,atm,2024-07-27
9108,553,30884,debit,shopping,2024-03-13
9109,926,32501,debit,salary,2024-04-05
9110,470,11665,debit,food,2024-11-29
9111,661,24800,debit,salary,2024-01-11
9112,716,41371,credit,food,2024-01-04
9113,779,15437,debit,shopping,2024-02-20
9114,514,11212,debit,atm,2024-10-20
9115,690,13861,debit,salary,2024-02-20
9116,937,42891,debit,atm,2024-02-17
9117,194,8985,credit,shopping,2024-10-18
9118,482,1476,credit,atm,2024-10-07
9119,899,6039,debit,atm,2024-05-12
9120,336,42049,credit,salary,2024-11-25
9121,435,2946,debit,shopping,2024-03-09
9122,196,6917,debit,atm,2024-12-26
9123,855,7530,debit,food,2024-12-03
9124,249,26428,debit,transfer,2024-01-23
9125,498,11251,debit,food,2024-01-14
9126,212,27719,debit,atm,2024-06-28
9127,665,34584,debit,shopping,2024-03-27
9128,670,27764,credit,food,2024-02-17
9129,466,6880,debit,shopping,2024-12-20
9130,874,3431,debit,food,2024-11-08
9131,651,28704,credit,shopping,2024-06-09
9132,221,41949,debit,atm,2024-10-20
9133,273,17862,debit,salary,2024-01-06
9134,154,23865,credit,food,2024-05-28
9135,249,37143,debit,shopping,2024-01-27
9136,279,22022,debit,food,2024-11-20
9137,440,23794,credit,shopping,2024-05-13
9138,948,10656,debit,shopping,2024-10-22
9139,816,13655,credit,salary,2024-06-01
9140,276,49483,debit,shopping,2024-11-20
9141,514,10104,debit,food,2024-07-08
9142,88,38290,debit,atm,2024-03-19
9143,799,20910,credit,transfer,2024-02-15
9144,923,11288,debit,shopping,2024-03-01
9145,642,347,credit,transfer,2024-03-21
9146,505,20862,debit,atm,2024-09-29
9147,590,46466,debit,transfer,2024-02-17
9148,772,46095,debit,shopping,2024-02-02
9149,241,13911,debit,food,2024-01-18
9150,653,3841,credit,salary,2024-02-05
9151,740,29152,debit,shopping,2024-11-05
9152,675,49314,debit,shopping,2024-03-29
9153,236,34419,credit,salary,2024-12-20
9154,128,6406,credit,salary,2024-12-30
9155,503,3105,debit,salary,2024-05-27
9156,200,3422,debit,salary,2024-04-09
9157,962,16108,debit,salary,2024-12-28
9158,902,40865,credit,shopping,2024-01-31
9159,543,24970,credit,transfer,2024-01-21
9160,502,12566,debit,food,2024-05-07
9161,650,45384,debit,shopping,2024-12-22
9162,492,33261,debit,atm,2024-10-16
9163,21,2839,debit,shopping,2024-08-17
9164,234,37035,credit,shopping,2024-07-03
9165,714,13294,credit,transfer,2024-06-13
9166,791,4331,debit,salary,2024-09-13
9167,643,28368,credit,atm,2024-02-26
9168,416,1501,debit,transfer,2024-11-06
9169,148,8186,debit,food,2024-06-07
9170,970,33773,debit,atm,2024-01-23
9171,29,629,debit,atm,2024-04-16
9172,361,40879,debit,transfer,2024-04-11
9173,308,23562,debit,atm,2024-11-26
9174,883,47869,debit,shopping,2024-10-30
9175,942,37486,debit,shopping,2024-12-22
9176,162,17056,credit,salary,2024-04-08
9177,869,17127,credit,transfer,2024-05-09
9178,852,47776,debit,shopping,2024-09-07
9179,61,20555,debit,atm,2024-08-12
9180,125,39881,debit,atm,2024-10-22
9181,456,42352,debit,shopping,2024-12-24
9182,71,44655,debit,transfer,2024-04-19
9183,838,45702,debit,transfer,2024-01-09
9184,907,5705,debit,food,2024-05-01
9185,876,10777,debit,transfer,2024-10-25
9186,466,17038,debit,shopping,2024-12-18
9187,243,46919,debit,food,2024-02-20
9188,490,43634,debit,atm,2024-07-31
9189,761,43284,debit,shopping,2024-02-19
9190,221,15109,debit,salary,2024-12-08
9191,473,30346,debit,salary,2024-07-22
9192,959,28285,debit,transfer,2024-05-29
9193,533,29395,debit,food,2024-04-01
9194,494,25619,debit,food,2024-03-31
9195,899,21052,debit,atm,2024-01-10
9196,82,46742,debit,transfer,2024-07-28
9197,856,9285,credit,food,2024-07-13
9198,879,19943,debit,shopping,2024-01-30
9199,998,17605,debit,atm,2024-05-29
9200,522,28122,debit,food,2024-04-01
9201,923,16539,credit,salary,2024-07-19
9202,12,14760,debit,salary,2024-12-29
9203,263,8949,debit,food,2024-10-23
9204,657,29728,debit,salary,2024-05-23
9205,449,24935,debit,shopping,2024-03-09
9206,192,4836,debit,atm,2024-05-21
9207,762,35477,debit,shopping,2024-01-14
9208,114,47543,debit,salary,2024-06-23
9209,26,4009,credit,food,2024-09-28
9210,783,49655,credit,food,2024-12-24
9211,499,14967,debit,atm,2024-02-12
9212,508,894,credit,salary,2024-03-08
9213,545,18045,debit,salary,2024-09-11
9214,62,15469,credit,salary,2024-05-21
9215,229,43701,debit,transfer,2024-02-10
9216,815,23907,debit,food,2024-03-27
9217,607,10956,credit,salary,2024-11-24
9218,35,6895,debit,atm,2024-03-15
9219,705,29485,debit,transfer,2024-01-19
9220,456,31163,debit,salary,2024-09-24
9221,588,38360,debit,food,2024-10-29
9222,891,48662,credit,transfer,2024-04-07
9223,502,10249,credit,shopping,2024-05-19
9224,761,26769,debit,atm,2024-05-10
9225,595,26428,debit,food,2024-07-04
9226,25,37867,debit,shopping,2024-06-22
9227,569,38065,debit,food,2024-06-27
9228,32,3662,credit,atm,2024-12-20
9229,831,33723,debit,salary,2024-01-15
9230,12,42355,debit,shopping,2024-10-25
9231,319,36489,debit,shopping,2024-09-21
9232,845,4306,debit,transfer,2024-12-13
9233,604,33906,debit,salary,2024-12-14
9234,1,37464,debit,atm,2024-02-08
9235,435,20997,debit,transfer,2024-08-18
9236,838,14251,debit,shopping,2024-11-19
9237,136,4470,debit,food,2024-02-26
9238,196,24145,debit,atm,2024-09-19
9239,133,21800,debit,transfer,2024-01-02
9240,985,36315,debit,salary,2024-02-23
9241,86,22334,debit,food,2024-02-28
9242,476,48771,debit,transfer,2024-12-20
9243,807,15426,debit,atm,2024-04-03
9244,791,46924,debit,food,2024-07-31
9245,324,38097,debit,transfer,2024-02-27
9246,180,2341,debit,transfer,2024-08-04
9247,516,30739,debit,atm,2024-05-20
9248,638,40686,credit,salary,2024-11-22
9249,175,39866,credit,food,2024-07-30
9250,763,21378,credit,transfer,2024-10-27
9251,21,43023,credit,atm,2024-05-12
9252,997,6544,debit,transfer,2024-06-14
9253,952,3115,credit,atm,2024-08-19
9254,105,15003,debit,atm,2024-01-25
9255,578,39683,debit,transfer,2024-12-03
9256,443,28243,debit,atm,2024-07-18
9257,775,4964,debit,food,2024-11-28
9258,49,9776,credit,atm,2024-02-17
9259,528,4334,debit,salary,2024-02-21
9260,145,21440,debit,salary,2024-02-29
9261,340,47015,credit,atm,2024-10-05
9262,762,18823,debit,food,2024-11-03
9263,855,8626,credit,shopping,2024-12-07
9264,354,6942,credit,shopping,2024-08-26
9265,75,34726,debit,food,2024-10-04
9266,802,1307,debit,salary,2024-01-25
9267,929,17408,debit,atm,2024-07-01
9268,794,5529,credit,transfer,2024-08-26
9269,578,7691,debit,atm,2024-03-04
9270,637,45812,debit,atm,2024-11-16
9271,319,38760,debit,shopping,2024-01-04
9272,87,11877,debit,atm,2024-11-03
9273,553,38813,debit,shopping,2024-04-26
9274,982,40559,credit,transfer,2024-02-22
9275,698,12648,debit,atm,2024-01-26
9276,866,46541,credit,food,2024-04-09
9277,892,36895,debit,atm,2024-07-25
9278,847,45324,debit,food,2024-08-06
9279,778,37163,debit,shopping,2024-01-14
9280,783,32155,debit,atm,2024-02-29
9281,42,12969,debit,shopping,2024-06-01
9282,93,23963,credit,food,2024-02-23
9283,697,4761,debit,shopping,2024-09-11
9284,727,47598,debit,salary,2024-01-21
9285,507,44902,debit,food,2024-02-04
9286,529,18882,debit,shopping,2024-06-28
9287,956,49279,debit,atm,2024-06-02
9288,265,45010,debit,shopping,2024-05-22
9289,626,1998,debit,transfer,2024-01-05
9290,292,13019,debit,food,2024-06-09
9291,969,40168,debit,shopping,2024-04-30
9292,464,2527,credit,salary,2024-07-27
9293,804,34493,debit,transfer,2024-06-20
9294,560,10867,debit,food,2024-10-02
9295,819,18520,debit,transfer,2024-08-21
9296,97,36223,debit,atm,2024-11-07
9297,887,46921,debit,salary,2024-11-17
9298,95,5002,debit,atm,2024-04-28
9299,326,26950,credit,shopping,2024-01-08
9300,74,48654,credit,transfer,2024-12-04
9301,336,43134,credit,atm,2024-03-04
9302,68,21720,debit,shopping,2024-06-05
9303,758,8380,credit,salary,2024-05-26
9304,918,15054,credit,atm,2024-05-16
9305,77,44864,debit,transfer,2024-03-12
9306,208,46914,debit,atm,2024-01-15
9307,884,47073,credit,salary,2024-11-19
9308,766,37829,credit,shopping,2024-11-14
9309,221,32900,debit,atm,2024-03-31
9310,262,37566,debit,atm,2024-10-29
9311,410,8987,credit,food,2024-09-25
9312,331,31707,debit,shopping,2024-04-08
9313,344,32241,debit,food,2024-10-28
9314,989,41584,debit,food,2024-10-18
9315,771,13435,debit,salary,2024-01-10
9316,820,6277,credit,salary,2024-01-23
9317,74,41306,debit,transfer,2024-10-05
9318,637,4026,debit,shopping,2024-03-08
9319,700,48246,credit,shopping,2024-05-12
9320,254,43156,debit,salary,2024-01-04
9321,959,10254,debit,salary,2024-04-14
9322,833,3059,credit,food,2024-08-12
9323,820,18711,credit,salary,2024-08-27
9324,747,34261,debit,atm,2024-08-19
9325,986,18507,credit,shopping,2024-04-27
9326,762,13125,debit,transfer,2024-01-18
9327,332,6164,debit,food,2024-11-09
9328,398,6739,credit,atm,2024-05-05
9329,345,2578,debit,salary,2024-11-13
9330,584,8029,credit,transfer,2024-07-17
9331,747,32426,debit,salary,2024-04-13
9332,836,22937,credit,atm,2024-04-21
9333,668,42041,debit,transfer,2024-01-14
9334,455,30074,debit,salary,2024-09-22
9335,906,44283,debit,atm,2024-04-14
9336,115,8518,debit,atm,2024-10-21
9337,313,17750,credit,transfer,2024-08-16
9338,228,34925,debit,atm,2024-06-22
9339,834,46571,debit,salary,2024-04-16
9340,858,14483,credit,transfer,2024-10-19
9341,245,46803,debit,food,2024-08-26
9342,818,43311,debit,atm,2024-01-03
9343,526,31808,credit,salary,2024-09-04
9344,528,35809,debit,transfer,2024-05-14
9345,950,33024,debit,food,2024-11-22
9346,427,23482,debit,food,2024-09-01
9347,42,26749,debit,shopping,2024-02-21
9348,465,31240,debit,shopping,2024-02-07
9349,622,45123,debit,transfer,2024-03-03
9350,278,32663,debit,atm,2024-11-15
9351,836,30473,debit,salary,2024-01-06
9352,19,17244,debit,atm,2024-07-20
9353,66,9065,debit,salary,2024-05-07
9354,167,22891,credit,salary,2024-11-03
9355,585,23215,debit,shopping,2024-05-01
9356,403,17441,debit,shopping,2024-05-01
9357,912,47673,credit,atm,2024-06-20
9358,822,16737,debit,transfer,2024-11-15
9359,409,24369,debit,salary,2024-09-03
9360,112,18053,credit,shopping,2024-10-09
9361,274,27894,debit,transfer,2024-04-18
9362,407,23977,credit,shopping,2024-07-11
9363,373,40373,credit,salary,2024-12-06
9364,597,12505,debit,food,2024-06-13
9365,651,27912,debit,shopping,2024-09-07
9366,39,45705,credit,transfer,2024-12-13
9367,105,41867,debit,atm,2024-02-18
9368,324,10073,debit,atm,2024-11-06
9369,793,24025,credit,salary,2024-02-08
9370,959,44723,debit,food,2024-06-12
9371,992,23191,debit,shopping,2024-07-12
9372,414,19684,credit,shopping,2024-03-08
9373,429,39425,debit,food,2024-09-14
9374,635,9171,credit,salary,2024-11-16
9375,730,5188,debit,salary,2024-04-13
9376,889,49252,credit,transfer,2024-09-30
9377,61,16650,debit,transfer,2024-06-17
9378,612,2163,debit,transfer,2024-12-19
9379,307,27380,debit,salary,2024-08-06
9380,354,8403,debit,shopping,2024-05-02
9381,393,11731,credit,atm,2024-08-15
9382,204,1225,debit,salary,2024-06-15
9383,258,35509,credit,food,2024-06-02
9384,486,22585,debit,atm,2024-04-13
9385,517,43103,credit,salary,2024-01-03
9386,446,12894,debit,salary,2024-06-25
9387,709,18118,debit,transfer,2024-01-28
9388,180,8962,debit,shopping,2024-05-23
9389,342,35979,credit,shopping,2024-05-02
9390,133,1790,debit,atm,2024-04-25
9391,443,15840,debit,salary,2024-01-22
9392,836,47962,debit,transfer,2024-12-01
9393,253,48743,debit,food,2024-04-06
9394,265,23124,credit,salary,2024-11-28
9395,93,20441,debit,transfer,2024-02-18
9396,662,9256,debit,food,2024-10-10
9397,411,49532,credit,food,2024-08-23
9398,138,37314,credit,atm,2024-03-04
9399,208,31153,debit,shopping,2024-07-06
9400,637,10258,credit,shopping,2024-07-12
9401,746,2908,debit,atm,2024-01-26
9402,573,5502,debit,salary,2024-06-18
9403,307,2064,debit,transfer,2024-04-17
9404,266,17306,debit,shopping,2024-10-03
9405,646,9729,credit,atm,2024-10-14
9406,318,32437,debit,shopping,2024-07-16
9407,113,34929,debit,shopping,2024-07-15
9408,901,21659,credit,shopping,2024-01-24
9409,378,3965,debit,salary,2024-09-11
9410,454,4394,debit,atm,2024-03-05
9411,191,47039,debit,shopping,2024-10-05
9412,891,13065,credit,shopping,2024-03-20
9413,440,12328,credit,atm,2024-01-08
9414,187,48519,debit,food,2024-02-14
9415,831,31477,debit,salary,2024-05-18
9416,367,49329,debit,salary,2024-02-26
9417,89,35027,debit,transfer,2024-01-12
9418,187,12922,debit,transfer,2024-03-12
9419,819,30170,debit,food,2024-03-03
9420,946,3287,debit,transfer,2024-06-11
9421,132,7235,debit,shopping,2024-02-07
9422,872,13608,debit,shopping,2024-10-03
9423,635,33657,debit,transfer,2024-02-20
9424,560,34190,debit,salary,2024-06-02
9425,800,46255,debit,food,2024-01-20
9426,376,39541,debit,shopping,2024-10-07
9427,691,39984,debit,food,2024-07-28
9428,692,26167,debit,transfer,2024-09-01
9429,99,18143,credit,atm,2024-09-04
9430,842,30672,debit,food,2024-09-30
9431,34,9607,debit,food,2024-02-17
9432,932,3162,credit,transfer,2024-01-14
9433,582,24800,debit,transfer,2024-09-08
9434,171,18554,debit,shopping,2024-06-14
9435,366,10968,credit,atm,2024-04-22
9436,784,2653,debit,atm,2024-03-04
9437,59,29653,debit,food,2024-10-11
9438,181,28611,debit,atm,2024-03-27
9439,19,17528,debit,transfer,2024-08-21
9440,226,42847,debit,transfer,2024-09-05
9441,473,6057,debit,transfer,2024-04-22
9442,95,44595,debit,food,2024-08-13
9443,881,4678,debit,salary,2024-07-01
9444,297,38489,debit,transfer,2024-03-21
9445,593,34834,debit,atm,2024-10-01
9446,175,10648,credit,atm,2024-04-02
9447,222,21453,credit,transfer,2024-07-12
9448,615,46732,credit,salary,2024-04-15
9449,54,18734,debit,food,2024-04-09
9450,695,11779,debit,transfer,2024-02-05
9451,863,47843,debit,food,2024-07-02
9452,403,24817,debit,salary,2024-05-28
9453,318,47035,debit,transfer,2024-08-12
9454,867,25679,credit,transfer,2024-03-03
9455,349,26830,credit,transfer,2024-07-20
9456,443,34882,debit,shopping,2024-05-22
9457,833,4724,credit,transfer,2024-09-24
9458,580,23203,debit,transfer,2024-09-15
9459,540,25644,debit,salary,2024-09-10
9460,786,28634,debit,salary,2024-09-21
9461,282,38736,debit,shopping,2024-02-11
9462,360,47494,credit,transfer,2024-07-20
9463,915,33672,debit,atm,2024-01-31
9464,823,28660,debit,food,2024-06-13
9465,631,33535,debit,transfer,2024-09-23
9466,892,33252,debit,shopping,2024-07-07
9467,953,44184,credit,atm,2024-10-09
9468,646,19738,credit,salary,2024-03-10
9469,641,36308,credit,food,2024-08-22
9470,8,16496,debit,shopping,2024-04-03
9471,993,40594,debit,salary,2024-10-25
9472,563,44067,credit,transfer,2024-10-27
9473,491,26883,credit,shopping,2024-11-01
9474,341,5503,debit,transfer,2024-09-18
9475,472,23938,credit,shopping,2024-05-20
9476,793,39019,debit,shopping,2024-08-17
9477,687,12459,credit,transfer,2024-09-24
9478,695,48095,debit,shopping,2024-09-19
9479,704,22714,credit,salary,2024-05-21
9480,249,10157,debit,salary,2024-07-19
9481,235,200,debit,food,2024-04-08
9482,83,28755,debit,food,2024-10-29
9483,93,5078,debit,shopping,2024-09-19
9484,885,42372,debit,salary,2024-02-08
9485,394,11088,debit,transfer,2024-07-02
9486,824,14631,debit,shopping,2024-07-31
9487,268,39402,debit,transfer,2024-05-02
9488,417,49701,debit,atm,2024-10-09
9489,632,11731,debit,food,2024-03-01
9490,583,11793,debit,shopping,2024-03-06
9491,529,36035,debit,shopping,2024-11-03
9492,253,38248,credit,transfer,2024-12-22
9493,957,13923,credit,food,2024-10-15
9494,122,24796,credit,transfer,2024-04-17
9495,892,11729,debit,transfer,2024-05-19
9496,10,3956,debit,food,2024-08-30
9497,799,31151,credit,atm,2024-12-06
9498,316,1175,debit,salary,2024-04-03
9499,838,48623,credit,salary,2024-12-07
9500,273,20897,debit,atm,2024-11-17
9501,306,43782,debit,food,2024-05-31
9502,805,33569,debit,shopping,2024-08-11
9503,210,36216,credit,food,2024-06-21
9504,958,8285,debit,transfer,2024-07-22
9505,730,27941,debit,food,2024-09-03
9506,753,6936,credit,salary,2024-07-01
9507,886,46172,debit,shopping,2024-02-22
9508,464,24696,debit,atm,2024-12-25
9509,712,43506,debit,food,2024-10-01
9510,728,22318,debit,shopping,2024-06-27
9511,717,35117,credit,shopping,2024-12-03
9512,925,10805,credit,salary,2024-04-07
9513,416,19706,debit,transfer,2024-05-05
9514,216,21475,debit,shopping,2024-07-12
9515,80,42242,debit,shopping,2024-02-14
9516,779,27033,debit,food,2024-12-23
9517,480,8218,debit,atm,2024-07-29
9518,902,35419,debit,food,2024-06-17
9519,891,26749,debit,salary,2024-05-24
9520,547,45418,debit,shopping,2024-02-09
9521,801,2314,credit,transfer,2024-11-24
9522,18,8634,credit,shopping,2024-12-23
9523,165,49969,debit,transfer,2024-03-25
9524,525,35328,debit,transfer,2024-07-04
9525,202,44796,debit,transfer,2024-02-08
9526,741,3355,credit,atm,2024-08-09
9527,346,27941,credit,food,2024-07-09
9528,366,5434,credit,salary,2024-01-28
9529,977,12381,debit,atm,2024-12-05
9530,448,39698,debit,atm,2024-06-23
9531,513,40622,credit,transfer,2024-08-24
9532,319,39808,credit,atm,2024-02-16
9533,217,30797,credit,salary,2024-04-19
9534,34,10822,debit,salary,2024-07-07
9535,871,36500,debit,shopping,2024-09-30
9536,266,16129,debit,atm,2024-06-26
9537,640,114,credit,shopping,2024-04-02
9538,724,44449,credit,salary,2024-03-31
9539,775,47025,debit,atm,2024-09-01
9540,824,11606,debit,transfer,2024-01-01
9541,80,8308,debit,transfer,2024-02-04
9542,677,27257,debit,atm,2024-09-17
9543,413,10071,debit,shopping,2024-04-25
9544,252,41140,debit,shopping,2024-09-18
9545,12,23283,debit,transfer,2024-02-29
9546,401,23063,debit,shopping,2024-04-09
9547,816,35947,credit,transfer,2024-05-12
9548,724,8227,debit,food,2024-08-23
9549,282,42078,credit,transfer,2024-06-08
9550,112,47882,debit,food,2024-09-11
9551,723,15746,credit,atm,2024-08-24
9552,378,25455,credit,food,2024-04-04
9553,751,18308,debit,salary,2024-02-09
9554,268,22813,debit,shopping,2024-08-24
9555,917,32367,debit,food,2024-08-23
9556,298,3964,debit,salary,2024-10-24
9557,317,10761,debit,salary,2024-03-14
9558,570,32659,debit,shopping,2024-08-10
9559,509,10422,credit,transfer,2024-12-12
9560,950,6810,debit,salary,2024-01-29
9561,546,31462,debit,food,2024-11-29
9562,775,32480,debit,shopping,2024-01-23
9563,365,41384,debit,food,2024-01-04
9564,547,14486,debit,transfer,2024-08-31
9565,271,13438,debit,shopping,2024-02-03
9566,961,15416,credit,salary,2024-04-14
9567,474,24563,debit,food,2024-06-14
9568,739,10303,debit,food,2024-11-12
9569,537,4988,debit,salary,2024-01-27
9570,234,28292,debit,salary,2024-03-23
9571,59,11425,credit,transfer,2024-06-07
9572,251,19188,credit,transfer,2024-11-28
9573,847,9486,debit,salary,2024-06-03
9574,86,48513,credit,shopping,2024-06-19
9575,763,39128,debit,salary,2024-04-05
9576,390,11367,debit,salary,2024-10-28
9577,180,31909,debit,atm,2024-08-28
9578,719,15519,credit,shopping,2024-10-19
9579,856,25580,debit,shopping,2024-04-30
9580,149,45954,debit,transfer,2024-07-13
9581,583,3004,debit,transfer,2024-08-18
9582,121,44360,credit,transfer,2024-05-13
9583,765,33991,debit,food,2024-02-28
9584,605,13530,debit,shopping,2024-05-10
9585,256,15099,credit,atm,2024-01-27
9586,766,23419,credit,transfer,2024-09-01
9587,864,20800,credit,transfer,2024-05-09
9588,800,27733,credit,transfer,2024-11-15
9589,309,19208,credit,transfer,2024-08-19
9590,59,40989,debit,transfer,2024-06-20
9591,69,24155,debit,food,2024-03-16
9592,446,18742,debit,atm,2024-02-24
9593,388,3746,credit,shopping,2024-08-26
9594,86,13273,credit,atm,2024-04-30
9595,786,7125,debit,salary,2024-11-27
9596,227,12649,debit,shopping,2024-07-10
9597,593,14953,credit,transfer,2024-01-10
9598,626,41857,debit,salary,2024-10-17
9599,184,30052,debit,salary,2024-05-13
9600,792,11426,debit,salary,2024-03-29
9601,322,3563,debit,salary,2024-09-11
9602,909,27263,credit,transfer,2024-06-30
9603,318,32700,credit,salary,2024-08-09
9604,566,47256,credit,atm,2024-07-25
9605,399,14175,debit,transfer,2024-11-18
9606,709,28809,credit,salary,2024-03-22
9607,899,43415,debit,salary,2024-04-29
9608,293,37809,debit,atm,2024-11-07
9609,293,16110,debit,food,2024-12-02
9610,485,997,credit,food,2024-02-29
9611,899,41112,debit,atm,2024-09-26
9612,447,705,debit,food,2024-06-22
9613,803,36545,credit,shopping,2024-09-28
9614,692,37415,debit,shopping,2024-10-09
9615,983,8752,credit,shopping,2024-08-22
9616,892,32329,credit,food,2024-03-01
9617,412,30630,credit,shopping,2024-10-07
9618,508,38124,debit,shopping,2024-06-26
9619,734,49201,debit,food,2024-02-27
9620,786,20514,credit,atm,2024-03-18
9621,890,28003,debit,transfer,2024-05-12
9622,244,14830,debit,shopping,2024-11-05
9623,420,38024,debit,food,2024-10-19
9624,929,38641,debit,transfer,2024-11-25
9625,960,27998,debit,transfer,2024-01-10
9626,154,43754,credit,salary,2024-09-21
9627,816,16030,debit,transfer,2024-11-29
9628,424,3618,debit,shopping,2024-10-15
9629,273,31082,debit,atm,2024-03-10
9630,936,6875,credit,shopping,2024-02-26
9631,647,24090,debit,salary,2024-01-26
9632,825,5478,debit,transfer,2024-06-15
9633,520,46502,debit,salary,2024-06-20
9634,128,39541,debit,shopping,2024-11-15
9635,373,6544,debit,shopping,2024-07-13
9636,568,14276,credit,shopping,2024-02-17
9637,638,25160,debit,atm,2024-02-09
9638,159,9479,debit,shopping,2024-06-22
9639,571,36595,debit,shopping,2024-12-17
9640,570,47093,debit,transfer,2024-09-15
9641,652,27668,debit,atm,2024-09-09
9642,176,22865,debit,transfer,2024-07-29
9643,927,30902,debit,salary,2024-09-16
9644,620,23296,credit,food,2024-09-11
9645,211,15568,debit,transfer,2024-05-19
9646,447,28949,debit,atm,2024-09-07
9647,586,37213,debit,transfer,2024-08-27
9648,167,8274,credit,food,2024-05-10
9649,460,45920,credit,transfer,2024-01-03
9650,916,19198,debit,food,2024-05-04
9651,357,7146,debit,atm,2024-08-18
9652,304,4286,debit,transfer,2024-10-24
9653,233,16822,debit,atm,2024-09-05
9654,327,42721,debit,atm,2024-05-26
9655,884,6068,credit,salary,2024-06-04
9656,182,45324,credit,salary,2024-10-20
9657,634,48366,credit,transfer,2024-04-26
9658,334,40552,debit,transfer,2024-05-16
9659,715,28370,debit,atm,2024-07-02
9660,967,48411,debit,salary,2024-04-19
9661,29,41229,debit,transfer,2024-05-14
9662,714,39373,credit,transfer,2024-04-10
9663,93,6487,debit,transfer,2024-04-25
9664,841,24494,debit,salary,2024-04-28
9665,868,11391,credit,transfer,2024-07-22
9666,688,45674,credit,atm,2024-02-23
9667,330,30193,credit,transfer,2024-01-28
9668,723,2710,credit,shopping,2024-08-27
9669,184,35341,debit,food,2024-09-12
9670,95,28437,debit,atm,2024-06-04
9671,785,35556,debit,transfer,2024-01-25
9672,649,4904,debit,shopping,2024-09-10
9673,749,34158,debit,salary,2024-12-12
9674,353,10327,debit,atm,2024-04-08
9675,930,31434,credit,atm,2024-07-25
9676,941,6611,debit,transfer,2024-06-25
9677,984,41065,debit,salary,2024-08-14
9678,265,41582,debit,transfer,2024-03-02
9679,647,39540,debit,shopping,2024-06-18
9680,656,19827,debit,food,2024-03-27
9681,19,49317,credit,salary,2024-01-27
9682,743,31239,debit,food,2024-08-17
9683,646,19894,credit,shopping,2024-01-08
9684,626,3081,debit,atm,2024-07-08
9685,499,12885,debit,shopping,2024-01-04
9686,139,14766,debit,food,2024-02-23
9687,637,35683,debit,salary,2024-06-24
9688,716,5196,debit,transfer,2024-11-12
9689,573,14050,debit,food,2024-05-25
9690,762,6773,debit,salary,2024-09-05
9691,810,1842,credit,food,2024-04-18
9692,525,38588,debit,atm,2024-09-30
9693,908,36377,debit,atm,2024-01-29
9694,255,45141,debit,transfer,2024-05-28
9695,85,3634,debit,atm,2024-11-05
9696,458,14785,debit,shopping,2024-03-31
9697,532,5236,debit,transfer,2024-02-16
9698,562,5685,debit,food,2024-07-12
9699,676,27458,debit,shopping,2024-11-19
9700,92,8654,debit,salary,2024-07-22
9701,600,44341,debit,food,2024-03-20
9702,69,1734,credit,atm,2024-03-29
9703,37,17008,debit,food,2024-05-30
9704,765,21410,debit,atm,2024-09-29
9705,764,15217,debit,shopping,2024-11-12
9706,140,1822,credit,shopping,2024-06-28
9707,867,8711,credit,shopping,2024-02-11
9708,893,3964,credit,transfer,2024-02-20
9709,680,1167,debit,atm,2024-08-25
9710,566,26076,debit,food,2024-07-03
9711,898,39306,credit,food,2024-10-18
9712,178,7371,debit,food,2024-09-14
9713,809,44193,debit,transfer,2024-10-05
9714,813,11928,debit,transfer,2024-07-06
9715,871,47000,debit,atm,2024-07-05
9716,618,31231,debit,transfer,2024-07-12
9717,137,20486,debit,shopping,2024-02-12
9718,190,49881,credit,food,2024-07-20
9719,640,46310,debit,shopping,2024-04-16
9720,342,1934,debit,transfer,2024-03-13
9721,559,47994,debit,food,2024-08-08
9722,5,2453,debit,salary,2024-03-30
9723,972,13978,credit,shopping,2024-04-29
9724,257,11232,credit,salary,2024-06-12
9725,812,8303,debit,atm,2024-11-11
9726,662,10422,debit,shopping,2024-08-08
9727,806,11395,credit,food,2024-01-21
9728,243,36025,debit,food,2024-04-06
9729,787,22347,debit,salary,2024-12-21
9730,720,42494,debit,food,2024-12-18
9731,415,17440,credit,shopping,2024-01-04
9732,627,20342,credit,transfer,2024-06-09
9733,707,22622,debit,transfer,2024-05-21
9734,343,44694,debit,food,2024-03-28
9735,682,12195,debit,atm,2024-11-15
9736,379,46435,debit,shopping,2024-07-08
9737,594,40752,debit,atm,2024-03-29
9738,666,23525,debit,salary,2024-05-14
9739,653,34823,credit,food,2024-09-17
9740,826,10304,debit,salary,2024-01-13
9741,146,5091,credit,atm,2024-09-03
9742,323,31726,debit,shopping,2024-09-06
9743,122,36933,debit,atm,2024-03-24
9744,252,16167,credit,transfer,2024-04-26
9745,855,13863,debit,atm,2024-03-31
9746,899,44963,debit,atm,2024-09-19
9747,311,17508,debit,atm,2024-06-10
9748,601,25276,credit,atm,2024-05-28
9749,475,35197,debit,shopping,2024-07-06
9750,570,48741,debit,food,2024-12-03
9751,492,35894,credit,shopping,2024-07-04
9752,575,24331,debit,salary,2024-02-25
9753,347,1111,debit,transfer,2024-07-31
9754,820,23527,debit,food,2024-05-27
9755,487,38492,debit,transfer,2024-11-01
9756,473,15329,debit,transfer,2024-11-05
9757,382,13344,debit,food,2024-02-09
9758,280,16702,debit,food,2024-05-31
9759,72,44648,debit,salary,2024-03-25
9760,521,24562,debit,shopping,2024-04-17
9761,366,25402,debit,food,2024-11-09
9762,933,23636,credit,salary,2024-10-13
9763,94,22310,debit,atm,2024-04-27
9764,373,5685,debit,food,2024-06-26
9765,339,49230,credit,shopping,2024-05-17
9766,437,46973,credit,atm,2024-03-24
9767,336,17295,debit,atm,2024-09-26
9768,664,14937,credit,atm,2024-01-19
9769,492,47261,debit,atm,2024-01-30
9770,917,5556,credit,transfer,2024-11-08
9771,868,37389,credit,shopping,2024-09-28
9772,40,9875,debit,salary,2024-01-22
9773,359,14199,credit,food,2024-11-05
9774,574,36905,credit,salary,2024-03-24
9775,254,41942,debit,transfer,2024-11-21
9776,966,46854,credit,atm,2024-04-18
9777,581,16915,debit,food,2024-08-12
9778,398,12326,credit,shopping,2024-01-05
9779,757,30172,credit,food,2024-03-11
9780,877,9239,debit,food,2024-10-02
9781,170,30160,debit,salary,2024-02-07
9782,690,44967,credit,atm,2024-05-08
9783,701,9959,debit,shopping,2024-04-27
9784,511,44042,debit,food,2024-01-05
9785,260,2639,debit,transfer,2024-03-25
9786,584,43173,debit,transfer,2024-11-12
9787,984,13299,credit,atm,2024-03-18
9788,459,33258,debit,food,2024-05-04
9789,529,182,credit,atm,2024-03-16
9790,882,41836,credit,food,2024-10-09
9791,341,12381,debit,shopping,2024-12-24
9792,57,15220,debit,transfer,2024-10-07
9793,218,10046,debit,salary,2024-12-12
9794,619,10991,debit,atm,2024-05-09
9795,816,19740,debit,shopping,2024-05-29
9796,940,26211,credit,transfer,2024-12-17
9797,685,38875,debit,shopping,2024-11-05
9798,731,33390,credit,salary,2024-05-24
9799,464,30704,debit,food,2024-07-07
9800,247,34562,debit,food,2024-03-06
9801,730,18736,debit,shopping,2024-09-01
9802,373,4937,debit,shopping,2024-08-31
9803,417,11901,credit,atm,2024-04-28
9804,31,23810,credit,shopping,2024-06-02
9805,368,41337,credit,food,2024-06-09
9806,559,31721,credit,shopping,2024-01-01
9807,646,49399,debit,transfer,2024-02-09
9808,108,41016,debit,transfer,2024-06-19
9809,584,13165,debit,food,2024-10-26
9810,839,45574,debit,shopping,2024-07-08
9811,418,28330,debit,shopping,2024-10-18
9812,620,36488,debit,shopping,2024-10-21
9813,821,10731,credit,transfer,2024-05-05
9814,398,29928,debit,food,2024-09-24
9815,272,9231,debit,atm,2024-01-21
9816,683,14407,debit,transfer,2024-03-27
9817,116,3809,debit,food,2024-09-25
9818,841,48854,debit,food,2024-10-01
9819,586,46783,debit,atm,2024-02-15
9820,256,20821,credit,salary,2024-04-21
9821,81,32294,debit,atm,2024-07-03
9822,780,5194,credit,atm,2024-07-08
9823,128,9515,debit,food,2024-02-25
9824,838,48946,debit,salary,2024-05-08
9825,915,48344,credit,salary,2024-04-19
9826,235,13630,debit,shopping,2024-12-07
9827,553,7572,debit,atm,2024-06-04
9828,181,36231,debit,atm,2024-05-11
9829,157,19507,credit,salary,2024-07-17
9830,454,18301,debit,salary,2024-03-15
9831,571,28048,debit,salary,2024-07-22
9832,857,47008,debit,food,2024-02-22
9833,761,49935,credit,food,2024-02-08
9834,704,23215,debit,food,2024-10-17
9835,24,28061,debit,atm,2024-12-03
9836,473,47183,debit,salary,2024-02-20
9837,400,47282,debit,food,2024-07-10
9838,948,2117,credit,shopping,2024-07-25
9839,592,4323,debit,salary,2024-11-10
9840,134,35052,credit,salary,2024-10-08
9841,421,23175,debit,salary,2024-04-22
9842,213,6631,debit,food,2024-04-24
9843,900,4766,debit,transfer,2024-09-15
9844,482,23881,credit,shopping,2024-11-28
9845,348,44123,debit,shopping,2024-12-19
9846,166,35336,debit,transfer,2024-08-26
9847,937,40159,debit,shopping,2024-01-17
9848,348,40123,debit,food,2024-11-16
9849,849,36788,credit,salary,2024-07-24
9850,398,4336,debit,transfer,2024-09-13
9851,583,2039,debit,salary,2024-03-28
9852,726,36724,debit,shopping,2024-11-08
9853,435,32918,credit,atm,2024-01-11
9854,577,16026,debit,shopping,2024-03-07
9855,221,27652,debit,shopping,2024-07-23
9856,308,30200,credit,transfer,2024-11-06
9857,991,1460,debit,salary,2024-03-26
9858,798,39673,credit,transfer,2024-02-10
9859,697,44796,debit,food,2024-04-14
9860,719,12094,debit,salary,2024-01-30
9861,466,25041,debit,food,2024-10-07
9862,99,27631,credit,food,2024-09-12
9863,242,35913,credit,transfer,2024-11-15
9864,158,11193,debit,shopping,2024-08-04
9865,610,33125,debit,atm,2024-04-12
9866,554,11751,debit,shopping,2024-06-10
9867,651,32912,debit,shopping,2024-07-04
9868,795,24944,debit,salary,2024-09-12
9869,920,17818,credit,transfer,2024-03-26
9870,227,49923,credit,salary,2024-06-30
9871,423,48222,credit,atm,2024-04-26
9872,72,13689,debit,transfer,2024-09-03
9873,243,39868,credit,shopping,2024-05-25
9874,530,20122,credit,food,2024-09-28
9875,589,47348,debit,shopping,2024-07-02
9876,45,38953,credit,shopping,2024-07-20
9877,472,334,debit,transfer,2024-06-07
9878,371,6934,debit,shopping,2024-02-17
9879,855,15155,debit,atm,2024-05-03
9880,652,3307,debit,shopping,2024-11-28
9881,689,2500,debit,food,2024-06-10
9882,734,9709,credit,transfer,2024-06-10
9883,927,21573,debit,atm,2024-08-21
9884,92,45430,debit,transfer,2024-02-29
9885,22,24035,debit,food,2024-03-16
9886,172,23974,debit,salary,2024-02-09
9887,604,40608,debit,atm,2024-05-24
9888,192,25115,debit,food,2024-06-17
9889,77,14284,credit,salary,2024-11-07
9890,281,46906,debit,food,2024-06-22
9891,364,29643,debit,salary,2024-03-12
9892,179,750,credit,salary,2024-05-18
9893,238,32489,debit,transfer,2024-02-09
9894,135,49285,debit,shopping,2024-06-22
9895,877,27428,credit,shopping,2024-03-05
9896,902,19516,credit,food,2024-02-01
9897,280,13219,debit,salary,2024-04-17
9898,19,7744,debit,shopping,2024-06-28
9899,595,8753,debit,food,2024-09-22
9900,740,14516,debit,food,2024-12-29
9901,371,24997,debit,atm,2024-04-24
9902,777,1974,debit,transfer,2024-05-10
9903,112,10529,credit,transfer,2024-09-06
9904,763,12313,debit,salary,2024-05-16
9905,676,49087,credit,shopping,2024-05-15
9906,870,17740,debit,salary,2024-03-14
9907,680,36108,debit,shopping,2024-01-08
9908,221,15902,debit,shopping,2024-09-28
9909,920,16222,credit,shopping,2024-09-23
9910,304,21753,credit,shopping,2024-10-05
9911,703,43771,debit,shopping,2024-11-07
9912,325,24201,debit,atm,2024-05-29
9913,437,1509,debit,atm,2024-12-25
9914,438,43488,debit,shopping,2024-10-21
9915,170,34700,debit,food,2024-05-15
9916,375,18508,debit,food,2024-05-12
9917,557,5836,debit,transfer,2024-12-12
9918,381,5093,debit,shopping,2024-09-17
9919,986,43971,debit,food,2024-01-19
9920,14,47265,debit,transfer,2024-03-01
9921,743,31347,debit,food,2024-10-28
9922,669,28921,credit,transfer,2024-05-25
9923,500,3313,debit,salary,2024-07-06
9924,646,43223,credit,food,2024-06-26
9925,391,29595,debit,shopping,2024-11-22
9926,549,6308,debit,shopping,2024-06-25
9927,565,9744,credit,atm,2024-04-23
9928,530,6553,debit,salary,2024-07-26
9929,983,11193,debit,salary,2024-01-18
9930,492,46609,debit,food,2024-12-29
9931,550,11363,credit,transfer,2024-03-30
9932,699,405,credit,atm,2024-08-08
9933,385,34252,credit,salary,2024-05-23
9934,196,32121,credit,salary,2024-02-15
9935,755,18058,debit,shopping,2024-04-12
9936,300,972,debit,shopping,2024-04-03
9937,815,41228,credit,transfer,2024-03-04
9938,547,22062,credit,food,2024-05-21
9939,727,42663,debit,transfer,2024-10-04
9940,731,17514,credit,food,2024-03-18
9941,828,10026,debit,atm,2024-03-31
9942,602,48359,debit,salary,2024-02-04
9943,308,39773,debit,transfer,2024-04-13
9944,252,37310,debit,food,2024-03-16
9945,8,15390,credit,atm,2024-11-26
9946,768,3767,credit,transfer,2024-05-10
9947,875,17760,debit,salary,2024-04-16
9948,208,6653,credit,atm,2024-10-01
9949,937,17026,debit,shopping,2024-10-05
9950,131,4908,debit,salary,2024-07-26
9951,736,28712,debit,shopping,2024-09-16
9952,709,40599,credit,atm,2024-04-05
9953,980,28115,debit,atm,2024-01-04
9954,654,33451,debit,shopping,2024-07-05
9955,764,49762,debit,food,2024-08-05
9956,608,9238,debit,atm,2024-12-12
9957,26,40563,debit,transfer,2024-05-02
9958,623,36341,debit,transfer,2024-12-25
9959,454,1298,debit,atm,2024-12-01
9960,635,27547,debit,shopping,2024-10-12
9961,186,36863,debit,shopping,2024-12-23
9962,484,12213,credit,salary,2024-06-09
9963,680,28849,debit,shopping,2024-07-26
9964,51,37403,debit,food,2024-01-20
9965,891,38739,credit,food,2024-02-17
9966,5,19787,debit,transfer,2024-01-27
9967,589,2547,credit,atm,2024-06-08
9968,160,9508,debit,transfer,2024-06-03
9969,208,39712,debit,atm,2024-10-07
9970,257,17774,credit,transfer,2024-03-06
9971,205,12513,debit,atm,2024-08-17
9972,767,48037,debit,atm,2024-08-02
9973,950,7649,debit,transfer,2024-08-31
9974,11,23171,debit,salary,2024-01-12
9975,949,8793,credit,food,2024-04-10
9976,8,43931,debit,shopping,2024-06-22
9977,409,16870,credit,food,2024-08-16
9978,936,41471,debit,shopping,2024-08-29
9979,32,2106,debit,atm,2024-10-30
9980,984,5313,debit,transfer,2024-07-31
9981,540,36736,credit,transfer,2024-04-21
9982,718,9630,debit,shopping,2024-12-27
9983,387,47228,credit,transfer,2024-07-21
9984,228,6737,debit,transfer,2024-12-06
9985,640,49604,credit,transfer,2024-02-06
9986,767,5064,debit,food,2024-05-11
9987,475,34170,debit,transfer,2024-03-30
9988,724,7849,debit,salary,2024-07-30
9989,751,946,credit,shopping,2024-11-22
9990,207,13490,debit,food,2024-04-11
9991,318,13835,debit,food,2024-02-16
9992,795,24005,credit,atm,2024-04-29
9993,757,14976,debit,atm,2024-01-17
9994,557,14067,debit,transfer,2024-10-14
9995,617,18362,debit,food,2024-06-26
9996,348,36973,debit,food,2024-09-30
9997,793,20114,debit,transfer,2024-07-12
9998,234,24154,debit,shopping,2024-01-06
9999,701,30055,debit,food,2024-01-03
10000,44,23151,debit,atm,2024-07-17
10001,737,28485,debit,transfer,2024-02-04
10002,942,35687,debit,food,2024-08-26
10003,142,27583,debit,atm,2024-03-17
10004,648,27753,debit,salary,2024-04-11
10005,176,40945,debit,food,2024-03-06
10006,654,44890,credit,transfer,2024-02-20
10007,449,42118,credit,atm,2024-05-03
10008,592,30994,credit,food,2024-07-18
10009,82,29942,debit,atm,2024-03-13
10010,135,19748,debit,transfer,2024-06-10
10011,719,31856,debit,food,2024-06-15
10012,856,22507,credit,transfer,2024-12-16
10013,177,44661,credit,shopping,2024-10-31
10014,383,17158,debit,food,2024-06-23
10015,243,10170,debit,food,2024-10-18
10016,567,39125,credit,atm,2024-01-22
10017,141,33879,debit,food,2024-11-28
10018,457,16716,credit,shopping,2024-08-14
10019,440,30473,debit,atm,2024-06-20
10020,56,35041,debit,atm,2024-07-13
10021,527,36252,debit,salary,2024-07-07
10022,697,897,debit,food,2024-09-01
10023,826,39989,debit,salary,2024-05-16
10024,419,13694,debit,shopping,2024-10-30
10025,88,47854,debit,food,2024-09-30
10026,609,7790,debit,salary,2024-03-30
10027,656,12769,credit,salary,2024-06-05
10028,8,19073,debit,atm,2024-05-19
10029,477,21185,debit,salary,2024-06-15
10030,215,28887,debit,salary,2024-10-01
10031,685,25184,debit,food,2024-01-24
10032,735,24151,credit,food,2024-12-28
10033,552,11654,debit,atm,2024-10-26
10034,497,37739,debit,food,2024-12-15
10035,694,13454,debit,shopping,2024-04-04
10036,503,5389,debit,atm,2024-07-29
10037,782,24844,debit,shopping,2024-10-31
10038,699,18045,debit,food,2024-04-20
10039,245,24343,debit,food,2024-01-04
10040,478,48699,credit,atm,2024-03-02
10041,309,39154,credit,salary,2024-01-18
10042,231,24327,debit,transfer,2024-04-18
10043,383,27848,credit,transfer,2024-05-05
10044,155,17058,debit,food,2024-11-15
10045,175,46784,debit,shopping,2024-04-10
10046,848,10034,debit,atm,2024-06-28
10047,115,45630,debit,salary,2024-10-18
10048,390,10650,debit,food,2024-07-08
10049,311,4124,credit,shopping,2024-10-30
10050,993,31872,debit,food,2024-12-17
10051,300,8822,debit,transfer,2024-09-01
10052,18,2220,credit,food,2024-02-26
10053,784,30189,debit,shopping,2024-02-26
10054,12,21448,debit,transfer,2024-08-31
10055,404,5977,debit,food,2024-12-12
10056,813,43588,debit,transfer,2024-08-08
10057,704,19004,debit,atm,2024-11-04
10058,232,20892,debit,shopping,2024-03-28
10059,955,26137,debit,shopping,2024-03-02
10060,605,17435,debit,atm,2024-02-08
10061,990,14759,debit,shopping,2024-03-22
10062,730,29784,credit,shopping,2024-01-10
10063,278,1064,debit,food,2024-02-25
10064,353,35002,credit,salary,2024-09-21
10065,999,35112,credit,food,2024-06-26
10066,303,35671,debit,atm,2024-09-24
10067,541,4011,credit,atm,2024-03-13
10068,470,11316,debit,salary,2024-01-17
10069,813,1508,credit,food,2024-02-04
10070,77,21721,debit,food,2024-07-13
10071,521,21077,debit,food,2024-07-16
10072,24,13295,debit,transfer,2024-12-08
10073,15,44038,debit,transfer,2024-10-17
10074,676,40531,debit,food,2024-07-18
10075,525,42677,debit,transfer,2024-10-16
10076,347,7213,credit,food,2024-01-11
10077,172,41010,debit,atm,2024-08-08
10078,869,22861,credit,food,2024-01-10
10079,327,25092,debit,transfer,2024-03-22
10080,712,13878,debit,salary,2024-12-03
10081,485,22085,credit,atm,2024-09-24
10082,489,4467,debit,shopping,2024-06-27
10083,462,45547,debit,salary,2024-03-23
10084,378,10886,credit,salary,2024-08-20
10085,588,45880,debit,shopping,2024-12-18
10086,164,42806,debit,atm,2024-03-29
10087,372,44561,credit,shopping,2024-04-17
10088,573,31008,credit,atm,2024-07-05
10089,1000,11151,credit,atm,2024-01-02
10090,977,36846,credit,atm,2024-09-14
10091,424,15711,debit,salary,2024-05-12
10092,757,4590,debit,atm,2024-05-29
10093,477,31413,credit,shopping,2024-11-20
10094,382,6477,debit,salary,2024-06-04
10095,155,10003,debit,atm,2024-05-21
10096,257,14667,debit,transfer,2024-04-13
10097,756,22985,credit,transfer,2024-04-16
10098,674,28322,debit,atm,2024-02-19
10099,68,48656,debit,transfer,2024-07-20
10100,344,26706,debit,food,2024-06-17
10101,277,17540,credit,salary,2024-05-22
10102,673,2360,credit,food,2024-11-19
10103,391,30367,debit,salary,2024-10-25
10104,449,27102,debit,shopping,2024-10-31
10105,259,16933,credit,transfer,2024-05-25
10106,307,49820,credit,transfer,2024-12-02
10107,847,3598,debit,transfer,2024-04-04
10108,95,46829,credit,atm,2024-10-29
10109,950,10618,credit,salary,2024-03-24
10110,464,12601,debit,atm,2024-04-02
10111,970,22354,debit,transfer,2024-03-07
10112,246,34176,credit,shopping,2024-07-17
10113,733,16002,debit,transfer,2024-02-29
10114,635,33585,debit,atm,2024-12-18
10115,187,25645,credit,transfer,2024-08-05
10116,774,3445,debit,food,2024-07-30
10117,925,15470,debit,food,2024-06-08
10118,785,46821,credit,atm,2024-12-06
10119,373,28331,debit,food,2024-06-28
10120,572,41963,debit,salary,2024-02-22
10121,406,9742,debit,salary,2024-12-26
10122,408,17939,debit,atm,2024-09-10
10123,125,23781,credit,food,2024-07-02
10124,337,7135,credit,salary,2024-11-23
10125,341,33399,debit,food,2024-08-30
10126,563,35135,debit,transfer,2024-01-16
10127,178,49584,credit,food,2024-12-12
10128,651,23683,debit,food,2024-05-17
10129,952,22205,debit,atm,2024-12-13
10130,839,16230,credit,transfer,2024-03-21
10131,170,13836,debit,salary,2024-09-10
10132,39,42381,debit,salary,2024-05-05
10133,69,13915,credit,food,2024-12-10
10134,236,24496,credit,shopping,2024-07-25
10135,560,24412,debit,shopping,2024-12-13
10136,381,12344,credit,salary,2024-09-11
10137,57,42768,debit,food,2024-09-14
10138,277,11818,debit,food,2024-05-07
10139,850,16884,credit,transfer,2024-10-22
10140,99,30783,debit,atm,2024-02-11
10141,916,44690,debit,shopping,2024-08-10
10142,527,44097,debit,food,2024-04-04
10143,325,31528,debit,salary,2024-06-01
10144,461,36859,debit,shopping,2024-05-08
10145,179,26590,credit,atm,2024-07-28
10146,844,40801,debit,food,2024-01-16
10147,574,47451,debit,shopping,2024-06-18
10148,119,41101,debit,food,2024-06-13
10149,469,45956,debit,atm,2024-12-26
10150,549,16510,debit,transfer,2024-02-06
10151,646,35486,debit,shopping,2024-07-17
10152,455,9462,debit,atm,2024-05-13
10153,26,39507,debit,transfer,2024-12-16
10154,490,24111,credit,transfer,2024-08-24
10155,8,7142,debit,atm,2024-07-20
10156,969,25386,debit,salary,2024-06-22
10157,987,11491,debit,atm,2024-10-22
10158,516,27099,debit,food,2024-11-05
10159,533,2118,debit,salary,2024-02-15
10160,927,13052,debit,transfer,2024-04-28
10161,149,16340,debit,shopping,2024-10-23
10162,488,21362,debit,transfer,2024-08-17
10163,25,19382,debit,shopping,2024-12-19
10164,999,22559,debit,shopping,2024-11-18
10165,655,34915,debit,atm,2024-10-05
10166,757,18042,credit,atm,2024-06-19
10167,931,1822,credit,transfer,2024-11-12
10168,945,36920,credit,atm,2024-09-29
10169,555,1751,debit,transfer,2024-08-08
10170,425,21706,debit,atm,2024-07-11
10171,293,34646,debit,atm,2024-01-03
10172,185,783,debit,shopping,2024-03-18
10173,554,42339,debit,salary,2024-07-21
10174,431,18494,debit,atm,2024-01-30
10175,604,46805,debit,atm,2024-01-21
10176,317,19066,debit,transfer,2024-05-23
10177,398,26569,debit,shopping,2024-08-25
10178,324,8605,debit,shopping,2024-11-13
10179,565,40311,debit,salary,2024-02-29
10180,596,5592,debit,salary,2024-04-24
10181,546,16927,debit,salary,2024-09-03
10182,76,27592,debit,atm,2024-03-06
10183,865,3366,debit,transfer,2024-12-27
10184,920,6009,debit,food,2024-11-18
10185,916,12969,debit,transfer,2024-09-27
10186,709,39882,debit,shopping,2024-09-24
10187,486,21963,credit,salary,2024-01-19
10188,798,44155,credit,food,2024-08-20
10189,88,7919,credit,shopping,2024-01-14
10190,747,29236,debit,salary,2024-05-22
10191,232,14937,debit,food,2024-03-27
10192,7,48054,debit,transfer,2024-09-23
10193,804,10156,credit,shopping,2024-03-03
10194,550,815,credit,atm,2024-10-25
10195,976,17375,credit,food,2024-07-13
10196,52,20291,debit,food,2024-06-19
10197,655,16984,debit,transfer,2024-05-08
10198,942,45562,debit,transfer,2024-05-11
10199,919,8994,credit,shopping,2024-12-06
10200,396,18817,debit,atm,2024-01-25
10201,221,18678,debit,salary,2024-12-05
10202,428,23421,debit,food,2024-03-14
10203,752,43069,credit,food,2024-07-28
10204,143,25059,debit,shopping,2024-08-12
10205,861,10615,credit,salary,2024-02-22
10206,363,9177,debit,salary,2024-05-10
10207,382,21543,debit,salary,2024-06-26
10208,561,10543,debit,shopping,2024-01-13
10209,277,37308,credit,food,2024-10-17
10210,271,1883,credit,transfer,2024-05-25
10211,14,13213,debit,food,2024-01-30
10212,298,5485,debit,transfer,2024-02-09
10213,464,36985,debit,transfer,2024-04-19
10214,527,7082,debit,shopping,2024-01-30
10215,234,35451,debit,salary,2024-07-04
10216,575,42789,debit,shopping,2024-12-09
10217,708,13507,debit,transfer,2024-03-30
10218,27,15416,debit,food,2024-11-16
10219,471,46624,credit,transfer,2024-12-18
10220,93,24938,credit,shopping,2024-03-12
10221,617,27307,debit,food,2024-01-12
10222,309,48216,debit,salary,2024-03-18
10223,52,28502,credit,shopping,2024-09-30
10224,319,2530,debit,atm,2024-08-23
10225,969,39928,debit,transfer,2024-04-13
10226,181,3036,credit,salary,2024-03-05
10227,569,11964,credit,salary,2024-07-31
10228,120,25215,credit,food,2024-02-06
10229,820,9407,debit,shopping,2024-10-11
10230,875,6809,debit,transfer,2024-06-22
10231,43,29954,debit,atm,2024-04-13
10232,647,41943,debit,transfer,2024-08-03
10233,885,20807,debit,shopping,2024-10-26
10234,938,39484,debit,salary,2024-01-18
10235,260,35287,debit,atm,2024-03-19
10236,197,1499,debit,food,2024-08-22
10237,645,42636,credit,shopping,2024-12-30
10238,971,24288,debit,transfer,2024-01-20
10239,255,14345,debit,shopping,2024-10-16
10240,732,45846,debit,food,2024-03-13
10241,336,23471,debit,transfer,2024-12-19
10242,553,47304,debit,atm,2024-06-11
10243,502,32386,credit,transfer,2024-07-03
10244,990,21793,debit,transfer,2024-10-09
10245,900,34403,debit,food,2024-08-21
10246,255,21237,debit,transfer,2024-09-30
10247,514,41149,debit,shopping,2024-05-25
10248,707,15465,debit,salary,2024-06-03
10249,242,13550,credit,food,2024-08-10
10250,149,4290,credit,food,2024-04-06
10251,710,42961,credit,food,2024-05-22
10252,299,43739,debit,shopping,2024-02-16
10253,757,24037,credit,shopping,2024-10-18
10254,850,7552,debit,shopping,2024-01-19
10255,620,4060,credit,shopping,2024-12-20
10256,453,39702,debit,transfer,2024-08-11
10257,393,30285,credit,food,2024-02-14
10258,212,10664,debit,food,2024-04-12
10259,668,47610,credit,atm,2024-09-08
10260,538,5191,debit,salary,2024-02-26
10261,594,49770,debit,transfer,2024-11-27
10262,595,30619,debit,salary,2024-04-28
10263,131,3810,debit,transfer,2024-06-05
10264,329,39495,debit,transfer,2024-01-16
10265,612,8088,debit,transfer,2024-05-29
10266,256,35854,debit,food,2024-11-23
10267,479,28214,debit,salary,2024-11-06
10268,561,23174,debit,salary,2024-05-23
10269,913,21298,debit,shopping,2024-11-06
10270,63,10609,debit,salary,2024-10-29
10271,311,25280,debit,shopping,2024-03-13
10272,407,48168,debit,atm,2024-10-09
10273,802,45533,credit,shopping,2024-04-20
10274,105,16660,credit,transfer,2024-04-08
10275,617,43381,credit,food,2024-07-29
10276,837,42774,debit,transfer,2024-12-16
10277,15,39038,credit,atm,2024-05-22
10278,687,35491,debit,food,2024-04-30
10279,259,28831,debit,atm,2024-12-12
10280,723,19262,credit,transfer,2024-02-02
10281,412,48444,credit,food,2024-07-17
10282,259,25336,credit,atm,2024-08-02
10283,614,37233,debit,shopping,2024-12-21
10284,260,11479,debit,salary,2024-01-22
10285,856,4440,debit,transfer,2024-11-16
10286,671,4855,debit,shopping,2024-02-27
10287,45,48831,credit,atm,2024-10-09
10288,955,41966,debit,atm,2024-05-19
10289,813,48859,debit,food,2024-11-23
10290,763,20005,debit,shopping,2024-08-16
10291,331,18359,debit,atm,2024-02-02
10292,165,31355,credit,food,2024-04-23
10293,193,36826,debit,salary,2024-07-12
10294,521,35004,debit,salary,2024-10-08
10295,401,43656,debit,food,2024-06-21
10296,374,41913,debit,shopping,2024-02-24
10297,65,31714,credit,food,2024-06-28
10298,387,606,debit,food,2024-09-09
10299,495,8699,debit,shopping,2024-09-05
10300,794,21874,debit,salary,2024-05-14
10301,693,8815,credit,atm,2024-11-08
10302,415,22097,debit,salary,2024-07-03
10303,794,35918,credit,shopping,2024-04-28
10304,791,14883,debit,transfer,2024-11-24
10305,30,31362,credit,shopping,2024-11-29
10306,266,23576,debit,salary,2024-02-20
10307,328,2497,debit,salary,2024-10-29
10308,492,40780,debit,shopping,2024-03-24
10309,217,27575,debit,shopping,2024-05-30
10310,320,34177,debit,shopping,2024-07-04
10311,918,40070,debit,salary,2024-11-07
10312,399,7800,debit,food,2024-01-31
10313,891,4818,debit,transfer,2024-11-19
10314,105,27211,debit,food,2024-07-08
10315,696,38818,credit,salary,2024-04-24
10316,330,10333,debit,food,2024-02-29
10317,660,14271,credit,shopping,2024-10-16
10318,617,10826,debit,atm,2024-09-13
10319,47,26868,debit,shopping,2024-10-23
10320,599,17239,debit,transfer,2024-08-10
10321,821,245,debit,shopping,2024-04-13
10322,949,44882,debit,atm,2024-10-17
10323,641,20058,credit,salary,2024-06-03
10324,770,26303,debit,food,2024-05-28
10325,314,21407,credit,shopping,2024-07-18
10326,147,34726,debit,food,2024-12-03
10327,958,37590,debit,transfer,2024-10-05
10328,462,3698,credit,food,2024-02-10
10329,584,13683,credit,transfer,2024-09-11
10330,486,47737,debit,transfer,2024-07-20
10331,652,17113,debit,shopping,2024-01-22
10332,410,48084,debit,atm,2024-02-09
10333,27,44226,debit,food,2024-05-09
10334,29,36386,debit,transfer,2024-10-24
10335,271,37220,credit,transfer,2024-06-20
10336,686,44974,debit,transfer,2024-08-18
10337,501,40297,debit,salary,2024-08-24
10338,253,9196,debit,food,2024-03-23
10339,385,5655,debit,food,2024-01-10
10340,60,32819,credit,transfer,2024-03-24
10341,107,8097,debit,food,2024-02-14
10342,220,10909,debit,food,2024-05-04
10343,441,27465,debit,salary,2024-05-25
10344,771,49359,debit,transfer,2024-05-23
10345,883,25718,debit,food,2024-12-24
10346,658,26064,credit,atm,2024-04-13
10347,564,9968,debit,transfer,2024-02-09
10348,572,21982,credit,food,2024-04-13
10349,546,20739,debit,salary,2024-11-30
10350,96,37063,credit,atm,2024-12-25
10351,989,41324,debit,shopping,2024-07-16
10352,89,36689,debit,shopping,2024-08-27
10353,828,49928,debit,atm,2024-02-19
10354,922,29570,debit,shopping,2024-06-05
10355,231,44546,debit,atm,2024-05-14
10356,968,5278,credit,food,2024-08-12
10357,275,10998,debit,shopping,2024-09-17
10358,246,5666,debit,shopping,2024-09-06
10359,111,20453,debit,atm,2024-06-16
10360,234,38288,debit,food,2024-01-04
10361,278,33475,credit,food,2024-01-07
10362,477,5774,debit,transfer,2024-02-06
10363,417,22372,debit,transfer,2024-04-22
10364,678,21816,debit,food,2024-03-15
10365,128,23840,debit,atm,2024-07-05
10366,237,23270,debit,salary,2024-02-19
10367,803,35262,debit,salary,2024-11-20
10368,619,11151,credit,transfer,2024-06-05
10369,128,8170,credit,shopping,2024-03-29
10370,707,29572,credit,salary,2024-07-13
10371,851,42907,credit,shopping,2024-01-30
10372,394,34889,debit,shopping,2024-03-07
10373,475,21082,debit,food,2024-03-01
10374,655,31618,debit,salary,2024-10-26
10375,395,19499,debit,salary,2024-02-25
10376,111,27413,debit,shopping,2024-03-19
10377,90,16210,debit,shopping,2024-06-17
10378,763,34916,debit,food,2024-11-29
10379,280,22453,debit,atm,2024-10-22
10380,333,28630,debit,salary,2024-11-01
10381,224,993,debit,salary,2024-05-17
10382,101,45911,credit,food,2024-09-29
10383,132,28824,credit,food,2024-01-15
10384,13,26985,debit,atm,2024-04-02
10385,457,44660,credit,shopping,2024-06-29
10386,441,13713,debit,salary,2024-02-20
10387,98,14416,debit,shopping,2024-07-27
10388,120,6187,debit,salary,2024-04-30
10389,293,35801,debit,food,2024-03-06
10390,816,18765,debit,food,2024-01-26
10391,711,41132,debit,food,2024-10-20
10392,1,34248,credit,atm,2024-12-13
10393,572,29722,credit,salary,2024-10-12
10394,250,30398,debit,food,2024-08-22
10395,652,16967,debit,atm,2024-02-24
10396,149,42089,debit,shopping,2024-05-16
10397,395,44841,credit,atm,2024-09-28
10398,44,13264,debit,atm,2024-01-24
10399,883,20263,debit,transfer,2024-08-01
10400,698,6201,credit,shopping,2024-10-02
10401,620,37822,debit,transfer,2024-03-02
10402,44,38821,debit,salary,2024-02-21
10403,78,39148,credit,atm,2024-05-05
10404,226,33646,debit,atm,2024-11-29
10405,162,3575,debit,atm,2024-02-21
10406,793,4823,debit,atm,2024-10-25
10407,253,14990,debit,transfer,2024-04-05
10408,132,23370,credit,salary,2024-05-17
10409,448,6813,debit,transfer,2024-11-17
10410,884,27953,credit,atm,2024-11-22
10411,887,8701,debit,salary,2024-04-10
10412,474,17543,debit,shopping,2024-01-15
10413,656,18084,debit,transfer,2024-11-26
10414,778,12835,credit,food,2024-03-24
10415,109,18717,debit,shopping,2024-11-01
10416,706,26328,debit,shopping,2024-02-10
10417,35,42357,debit,atm,2024-02-29
10418,467,14074,credit,atm,2024-10-15
10419,902,49603,credit,shopping,2024-11-03
10420,275,46592,debit,transfer,2024-06-14
10421,187,44282,debit,salary,2024-07-10
10422,949,10723,debit,transfer,2024-12-17
10423,243,15495,debit,transfer,2024-04-09
10424,264,6569,debit,shopping,2024-11-10
10425,974,25140,debit,transfer,2024-05-19
10426,522,43573,credit,salary,2024-02-27
10427,963,3266,debit,shopping,2024-08-04
10428,678,21737,debit,transfer,2024-01-09
10429,541,2309,credit,atm,2024-03-21
10430,783,8847,credit,transfer,2024-07-24
10431,87,33167,debit,shopping,2024-04-14
10432,535,20350,debit,shopping,2024-09-07
10433,210,25031,debit,atm,2024-02-20
10434,46,46419,debit,shopping,2024-03-07
10435,467,33431,debit,food,2024-12-26
10436,540,12301,credit,shopping,2024-03-20
10437,26,42082,debit,transfer,2024-01-18
10438,266,31405,credit,salary,2024-08-18
10439,175,17674,debit,transfer,2024-06-26
10440,516,30959,debit,shopping,2024-05-21
10441,311,10196,debit,food,2024-05-17
10442,322,10328,credit,transfer,2024-09-15
10443,579,9318,debit,salary,2024-04-22
10444,135,24931,debit,transfer,2024-03-26
10445,55,18902,debit,atm,2024-08-18
10446,976,47481,debit,food,2024-11-27
10447,543,19047,debit,shopping,2024-04-10
10448,586,19435,debit,transfer,2024-05-20
10449,531,46961,debit,transfer,2024-02-01
10450,156,30007,debit,transfer,2024-12-22
10451,849,16753,debit,transfer,2024-05-17
10452,668,39487,credit,salary,2024-06-29
10453,147,22131,debit,atm,2024-07-29
10454,485,9219,credit,atm,2024-01-30
10455,599,4655,debit,food,2024-05-18
10456,20,46195,debit,food,2024-03-26
10457,269,1142,debit,salary,2024-06-06
10458,333,38312,debit,atm,2024-01-01
10459,555,4288,debit,food,2024-01-06
10460,907,13160,debit,shopping,2024-03-18
10461,944,10333,debit,atm,2024-07-02
10462,911,3188,debit,transfer,2024-07-13
10463,401,1746,debit,atm,2024-02-27
10464,950,13227,debit,shopping,2024-07-25
10465,306,32715,debit,transfer,2024-04-04
10466,28,587,debit,atm,2024-09-12
10467,467,15553,debit,transfer,2024-05-26
10468,260,34615,debit,transfer,2024-11-13
10469,534,17011,debit,salary,2024-11-22
10470,982,17651,debit,shopping,2024-08-06
10471,887,16378,debit,salary,2024-06-19
10472,101,20956,debit,atm,2024-01-05
10473,551,12031,debit,transfer,2024-05-07
10474,802,22288,credit,atm,2024-02-15
10475,353,583,debit,atm,2024-10-17
10476,300,551,debit,salary,2024-12-21
10477,682,4169,debit,atm,2024-04-10
10478,296,13486,credit,shopping,2024-05-03
10479,353,7307,credit,transfer,2024-08-02
10480,908,37265,debit,food,2024-09-16
10481,130,38539,debit,shopping,2024-09-14
10482,156,18257,debit,food,2024-04-10
10483,74,22106,debit,food,2024-06-11
10484,342,9290,debit,salary,2024-02-15
10485,465,40280,debit,food,2024-01-04
10486,90,18549,debit,transfer,2024-09-07
10487,579,41457,credit,salary,2024-02-17
10488,455,29778,credit,shopping,2024-01-04
10489,748,15029,debit,shopping,2024-07-16
10490,712,39200,credit,shopping,2024-02-20
10491,980,48847,debit,atm,2024-01-17
10492,332,8013,debit,salary,2024-09-16
10493,739,10095,debit,salary,2024-12-07
10494,977,26827,credit,salary,2024-07-03
10495,348,2046,debit,transfer,2024-05-14
10496,233,36283,credit,salary,2024-12-13
10497,778,1494,debit,transfer,2024-08-25
10498,598,47952,credit,shopping,2024-11-28
10499,102,2521,credit,atm,2024-06-09
10500,953,20403,credit,food,2024-11-28
10501,481,40213,credit,atm,2024-07-14
10502,214,19567,debit,atm,2024-05-07
10503,108,40898,debit,atm,2024-10-07
10504,165,24604,debit,food,2024-03-24
10505,973,11080,debit,transfer,2024-12-23
10506,603,1944,credit,shopping,2024-06-11
10507,704,34672,debit,food,2024-11-24
10508,335,41949,credit,shopping,2024-04-03
10509,86,18987,credit,transfer,2024-01-23
10510,734,18377,debit,shopping,2024-03-19
10511,875,37212,debit,transfer,2024-08-26
10512,424,23075,debit,food,2024-04-26
10513,613,19549,credit,food,2024-10-04
10514,738,44701,debit,shopping,2024-12-02
10515,364,19559,debit,shopping,2024-09-24
10516,60,1359,debit,atm,2024-08-30
10517,482,18704,debit,atm,2024-10-16
10518,250,13959,debit,shopping,2024-05-08
10519,560,43898,credit,atm,2024-09-05
10520,117,25462,debit,shopping,2024-06-08
10521,739,28043,debit,salary,2024-11-27
10522,874,21419,debit,atm,2024-08-28
10523,915,35315,debit,shopping,2024-04-22
10524,968,35997,debit,salary,2024-06-04
10525,999,7797,debit,atm,2024-10-29
10526,545,23175,debit,food,2024-01-17
10527,44,31460,debit,shopping,2024-01-04
10528,509,28260,debit,food,2024-02-10
10529,988,28835,debit,atm,2024-05-13
10530,165,31393,debit,salary,2024-05-31
10531,368,4049,credit,shopping,2024-02-23
10532,857,10759,debit,salary,2024-07-18
10533,292,8110,debit,food,2024-12-26
10534,849,26869,credit,shopping,2024-12-12
10535,856,23923,debit,food,2024-05-06
10536,917,16500,debit,food,2024-10-13
10537,898,40827,debit,salary,2024-09-21
10538,799,39109,debit,atm,2024-07-28
10539,876,14887,debit,food,2024-11-04
10540,737,8006,credit,food,2024-05-03
10541,286,46053,debit,transfer,2024-01-02
10542,204,13403,debit,salary,2024-08-01
10543,684,1366,debit,food,2024-12-27
10544,524,33346,credit,transfer,2024-09-16
10545,819,4077,debit,salary,2024-08-17
10546,121,6168,credit,shopping,2024-06-20
10547,945,44604,debit,atm,2024-11-13
10548,756,31327,debit,salary,2024-09-25
10549,664,12840,debit,food,2024-04-22
10550,664,22897,credit,transfer,2024-05-27
10551,188,7891,debit,transfer,2024-05-13
10552,907,585,credit,shopping,2024-05-22
10553,13,45148,debit,transfer,2024-07-18
10554,603,30795,credit,food,2024-03-04
10555,200,37541,credit,salary,2024-04-03
10556,586,437,debit,shopping,2024-06-12
10557,768,25536,credit,atm,2024-05-10
10558,456,15192,credit,atm,2024-12-12
10559,448,34871,debit,food,2024-08-09
10560,788,1571,credit,shopping,2024-05-02
10561,840,44488,debit,shopping,2024-02-09
10562,841,27796,credit,food,2024-02-14
10563,71,6589,debit,shopping,2024-07-08
10564,590,7956,debit,transfer,2024-07-31
10565,796,28711,credit,transfer,2024-07-28
10566,130,9465,debit,food,2024-04-14
10567,889,34473,debit,food,2024-04-04
10568,43,5764,debit,transfer,2024-03-06
10569,520,23423,credit,salary,2024-01-24
10570,13,26555,debit,food,2024-09-18
10571,725,5479,debit,transfer,2024-12-02
10572,623,44453,debit,salary,2024-12-11
10573,988,2224,debit,salary,2024-05-09
10574,803,46289,debit,transfer,2024-01-26
10575,535,31636,debit,transfer,2024-02-13
10576,302,5091,debit,shopping,2024-01-01
10577,766,6894,credit,salary,2024-05-09
10578,527,29318,credit,atm,2024-08-12
10579,642,31213,credit,shopping,2024-09-23
10580,573,36174,credit,shopping,2024-02-03
10581,115,28077,debit,salary,2024-11-12
10582,460,28459,debit,salary,2024-12-12
10583,832,49402,credit,salary,2024-04-16
10584,505,48773,debit,food,2024-07-17
10585,308,18143,debit,transfer,2024-12-24
10586,932,22623,debit,transfer,2024-08-18
10587,963,9170,debit,transfer,2024-09-14
10588,325,7299,debit,salary,2024-03-04
10589,579,18803,debit,shopping,2024-04-03
10590,761,19367,credit,salary,2024-08-27
10591,175,14233,debit,salary,2024-06-06
10592,851,28671,debit,shopping,2024-04-10
10593,514,27091,debit,atm,2024-06-11
10594,172,11679,credit,food,2024-05-01
10595,997,49841,debit,atm,2024-08-17
10596,960,33455,debit,salary,2024-05-29
10597,502,19103,debit,transfer,2024-09-07
10598,977,21971,debit,transfer,2024-08-16
10599,334,6323,debit,shopping,2024-03-22
10600,284,14297,debit,salary,2024-11-13
10601,475,9487,debit,shopping,2024-04-18
10602,54,37221,debit,shopping,2024-02-23
10603,458,27002,debit,food,2024-07-06
10604,579,14939,debit,shopping,2024-04-22
10605,420,35473,debit,salary,2024-02-07
10606,614,35406,credit,food,2024-10-12
10607,632,13996,credit,transfer,2024-01-20
10608,703,41625,debit,food,2024-03-08
10609,409,16298,debit,salary,2024-07-23
10610,982,34624,credit,atm,2024-07-24
10611,304,28751,credit,food,2024-01-09
10612,935,32736,credit,atm,2024-08-23
10613,559,34228,debit,food,2024-09-23
10614,222,27244,debit,food,2024-09-22
10615,533,18857,credit,shopping,2024-07-17
10616,158,34063,debit,atm,2024-11-08
10617,348,18615,debit,atm,2024-01-06
10618,159,40877,credit,food,2024-09-25
10619,889,22127,credit,salary,2024-02-28
10620,884,13892,credit,salary,2024-10-29
10621,922,15877,debit,atm,2024-09-06
10622,235,19894,debit,shopping,2024-04-29
10623,662,32644,debit,shopping,2024-09-16
10624,405,18851,credit,salary,2024-01-26
10625,257,31123,debit,shopping,2024-02-01
10626,677,19827,debit,food,2024-11-03
10627,589,47893,credit,food,2024-06-05
10628,597,23765,debit,atm,2024-05-09
10629,558,31226,credit,transfer,2024-08-22
10630,905,19581,debit,salary,2024-02-18
10631,913,25936,debit,salary,2024-01-17
10632,47,34201,debit,transfer,2024-04-18
10633,213,23649,debit,shopping,2024-07-23
10634,479,45704,debit,food,2024-04-05
10635,487,3436,debit,food,2024-02-11
10636,571,8257,debit,salary,2024-06-24
10637,566,36255,debit,salary,2024-04-25
10638,342,37581,debit,shopping,2024-12-16
10639,524,31667,credit,shopping,2024-06-07
10640,704,37969,credit,salary,2024-05-05
10641,503,2531,debit,shopping,2024-12-13
10642,6,33884,debit,transfer,2024-03-27
10643,821,17125,credit,food,2024-04-25
10644,144,20546,debit,salary,2024-03-09
10645,858,8607,credit,transfer,2024-01-01
10646,261,33308,debit,transfer,2024-12-01
10647,585,17622,debit,atm,2024-07-21
10648,686,47502,credit,salary,2024-02-05
10649,232,25590,debit,atm,2024-04-10
10650,270,38111,debit,transfer,2024-12-01
10651,940,35171,debit,salary,2024-07-05
10652,447,47854,debit,atm,2024-03-01
10653,874,30513,credit,food,2024-11-27
10654,222,45202,debit,salary,2024-08-09
10655,52,14140,debit,atm,2024-08-23
10656,116,38818,credit,shopping,2024-09-16
10657,538,7146,debit,salary,2024-04-28
10658,565,39474,debit,shopping,2024-10-31
10659,877,36289,debit,salary,2024-10-23
10660,541,46302,credit,atm,2024-08-17
10661,19,18562,debit,atm,2024-07-06
10662,815,38971,credit,salary,2024-07-18
10663,392,20634,debit,transfer,2024-07-18
10664,791,35068,debit,atm,2024-10-03
10665,629,21035,credit,salary,2024-02-09
10666,618,41095,debit,salary,2024-12-14
10667,419,9109,debit,food,2024-11-30
10668,991,47089,credit,shopping,2024-03-18
10669,309,46976,debit,food,2024-04-11
10670,739,2046,credit,shopping,2024-08-06
10671,864,36824,debit,shopping,2024-06-16
10672,186,45411,debit,food,2024-09-01
10673,261,40583,debit,transfer,2024-06-18
10674,528,3425,credit,salary,2024-12-25
10675,273,8799,debit,atm,2024-09-06
10676,160,3845,debit,salary,2024-05-18
10677,870,45176,debit,food,2024-03-17
10678,762,44937,credit,transfer,2024-02-04
10679,224,30894,credit,atm,2024-12-06
10680,256,24644,credit,atm,2024-10-19
10681,180,21298,credit,transfer,2024-05-19
10682,20,13589,debit,atm,2024-11-14
10683,624,46216,credit,atm,2024-04-17
10684,632,22574,debit,transfer,2024-09-22
10685,706,18520,credit,food,2024-11-09
10686,468,2777,debit,food,2024-04-12
10687,623,34612,debit,atm,2024-01-03
10688,210,11275,debit,food,2024-07-15
10689,513,43418,credit,food,2024-11-06
10690,58,42291,credit,atm,2024-10-27
10691,93,1277,debit,atm,2024-06-17
10692,221,861,debit,food,2024-12-17
10693,723,37646,credit,shopping,2024-06-18
10694,940,6558,debit,transfer,2024-02-02
10695,232,20210,debit,food,2024-11-21
10696,774,42603,credit,food,2024-01-06
10697,364,28353,credit,shopping,2024-06-02
10698,615,18417,debit,salary,2024-02-17
10699,562,28533,debit,salary,2024-08-11
10700,374,7279,debit,transfer,2024-11-08
10701,622,14949,debit,atm,2024-03-09
10702,456,4544,debit,food,2024-06-22
10703,88,3064,credit,shopping,2024-02-10
10704,20,42090,debit,atm,2024-04-16
10705,14,12911,debit,atm,2024-01-16
10706,133,10167,debit,salary,2024-06-28
10707,937,40092,debit,food,2024-09-24
10708,808,10572,debit,transfer,2024-09-27
10709,34,15226,credit,shopping,2024-07-31
10710,892,3201,debit,food,2024-12-22
10711,208,27090,credit,atm,2024-01-21
10712,813,36765,debit,atm,2024-07-27
10713,199,3778,debit,transfer,2024-10-15
10714,592,34711,debit,salary,2024-10-15
10715,583,30829,debit,transfer,2024-08-31
10716,155,29135,debit,transfer,2024-06-04
10717,590,16058,debit,food,2024-03-30
10718,78,24350,debit,salary,2024-10-23
10719,172,7183,debit,atm,2024-03-03
10720,289,21856,debit,salary,2024-02-08
10721,545,1566,debit,food,2024-05-27
10722,812,49987,debit,food,2024-11-28
10723,788,439,debit,transfer,2024-06-14
10724,879,44647,debit,food,2024-01-23
10725,420,21203,debit,salary,2024-09-18
10726,7,17188,debit,transfer,2024-08-03
10727,160,3824,credit,transfer,2024-04-07
10728,240,41057,debit,transfer,2024-01-07
10729,963,21743,debit,salary,2024-11-02
10730,423,26144,credit,transfer,2024-09-26
10731,989,10434,debit,shopping,2024-08-15
10732,536,33420,debit,shopping,2024-01-16
10733,726,36359,credit,salary,2024-08-25
10734,70,889,debit,atm,2024-05-30
10735,880,34041,debit,atm,2024-09-30
10736,216,652,credit,transfer,2024-08-08
10737,104,19906,debit,salary,2024-03-08
10738,727,37079,debit,transfer,2024-10-07
10739,54,8923,debit,transfer,2024-02-02
10740,806,32080,credit,shopping,2024-02-20
10741,330,49521,debit,food,2024-10-05
10742,848,960,credit,salary,2024-11-01
10743,203,390,debit,food,2024-05-28
10744,288,42517,debit,shopping,2024-03-03
10745,45,14444,debit,food,2024-05-01
10746,829,5970,debit,shopping,2024-01-27
10747,198,33497,credit,atm,2024-07-27
10748,216,39875,debit,shopping,2024-06-02
10749,481,16286,debit,salary,2024-10-01
10750,309,38811,debit,atm,2024-08-12
10751,896,49726,credit,transfer,2024-02-27
10752,435,32365,debit,salary,2024-09-07
10753,332,21116,debit,salary,2024-08-27
10754,696,4180,credit,salary,2024-09-19
10755,27,13072,debit,food,2024-08-18
10756,166,1860,debit,food,2024-03-06
10757,318,11374,credit,transfer,2024-07-27
10758,274,37576,debit,food,2024-02-15
10759,383,23404,credit,salary,2024-12-10
10760,365,12266,debit,shopping,2024-07-21
10761,103,3498,debit,transfer,2024-02-13
10762,960,30725,debit,transfer,2024-05-16
10763,503,47798,debit,salary,2024-03-11
10764,845,10615,debit,atm,2024-09-23
10765,373,14805,debit,food,2024-04-24
10766,616,36429,debit,atm,2024-02-25
10767,926,10707,debit,salary,2024-05-11
10768,245,30106,debit,atm,2024-10-19
10769,817,13118,debit,salary,2024-12-11
10770,169,9916,debit,food,2024-10-16
10771,628,20594,debit,food,2024-12-01
10772,653,21337,credit,transfer,2024-04-14
10773,418,6931,debit,atm,2024-02-16
10774,356,41063,credit,atm,2024-01-30
10775,478,30641,debit,atm,2024-04-27
10776,125,3547,debit,atm,2024-02-15
10777,537,46548,debit,shopping,2024-12-01
10778,706,5684,debit,transfer,2024-03-10
10779,896,27256,credit,transfer,2024-02-02
10780,612,36659,debit,shopping,2024-02-19
10781,402,21565,debit,atm,2024-09-27
10782,517,42220,debit,shopping,2024-10-02
10783,531,17317,credit,atm,2024-03-28
10784,682,47566,debit,shopping,2024-02-09
10785,786,10290,debit,transfer,2024-02-01
10786,254,5435,credit,shopping,2024-04-06
10787,121,6360,credit,salary,2024-04-21
10788,32,25878,debit,atm,2024-08-25
10789,661,15705,debit,shopping,2024-01-12
10790,778,18659,debit,atm,2024-09-27
10791,37,42441,debit,food,2024-07-05
10792,689,20657,debit,atm,2024-07-06
10793,342,35656,credit,shopping,2024-03-12
10794,13,43881,debit,atm,2024-09-16
10795,183,45237,credit,salary,2024-01-27
10796,657,25017,debit,salary,2024-04-10
10797,265,26037,credit,shopping,2024-06-29
10798,88,31638,debit,shopping,2024-02-08
10799,940,6821,credit,atm,2024-10-01
10800,462,20675,debit,transfer,2024-04-26
10801,46,7412,debit,salary,2024-01-14
10802,392,47780,debit,salary,2024-11-22
10803,119,4716,credit,food,2024-08-03
10804,933,33863,debit,food,2024-05-04
10805,531,33224,credit,transfer,2024-10-07
10806,447,24861,debit,salary,2024-03-29
10807,732,1793,credit,shopping,2024-11-01
10808,942,2690,credit,salary,2024-04-20
10809,745,30970,debit,shopping,2024-03-19
10810,606,9634,debit,shopping,2024-06-18
10811,967,8021,debit,transfer,2024-11-18
10812,763,1791,debit,salary,2024-12-21
10813,762,42142,debit,atm,2024-01-22
10814,794,3004,debit,salary,2024-06-04
10815,744,44255,debit,salary,2024-12-17
10816,46,44477,debit,food,2024-12-24
10817,886,39805,debit,transfer,2024-08-04
10818,508,31056,debit,atm,2024-01-01
10819,558,18864,debit,atm,2024-09-17
10820,971,8308,credit,atm,2024-04-21
10821,526,15883,debit,shopping,2024-04-08
10822,597,8615,debit,transfer,2024-03-15
10823,831,2170,debit,food,2024-05-22
10824,840,17414,debit,shopping,2024-08-17
10825,3,45614,debit,atm,2024-03-14
10826,28,13871,debit,shopping,2024-02-02
10827,381,31340,debit,shopping,2024-07-06
10828,157,45712,debit,atm,2024-04-15
10829,855,17928,debit,atm,2024-02-15
10830,914,45096,debit,food,2024-10-09
10831,931,25078,credit,transfer,2024-12-28
10832,511,21036,debit,salary,2024-01-28
10833,333,26182,debit,salary,2024-04-16
10834,844,18005,debit,salary,2024-02-03
10835,687,3198,credit,food,2024-04-05
10836,114,27120,debit,shopping,2024-05-06
10837,389,19052,debit,atm,2024-02-26
10838,487,11085,debit,transfer,2024-05-03
10839,843,8383,credit,salary,2024-05-29
10840,250,46423,debit,transfer,2024-09-07
10841,571,37808,debit,transfer,2024-01-27
10842,715,4862,debit,atm,2024-07-20
10843,315,34621,debit,food,2024-05-02
10844,239,5154,debit,atm,2024-03-29
10845,234,13376,debit,food,2024-02-29
10846,303,5881,credit,shopping,2024-11-26
10847,607,16571,debit,transfer,2024-03-12
10848,991,18125,credit,salary,2024-10-19
10849,653,35830,debit,transfer,2024-04-19
10850,334,5513,debit,atm,2024-05-05
10851,113,7520,debit,food,2024-02-17
10852,621,41610,debit,shopping,2024-09-08
10853,362,43506,credit,shopping,2024-09-25
10854,857,39778,debit,food,2024-08-18
10855,801,26627,credit,food,2024-11-10
10856,97,43350,debit,food,2024-01-15
10857,958,12129,debit,shopping,2024-01-24
10858,847,41683,debit,transfer,2024-11-26
10859,16,36625,credit,transfer,2024-09-20
10860,556,37664,debit,shopping,2024-04-15
10861,954,36160,credit,salary,2024-04-28
10862,376,3932,credit,atm,2024-12-23
10863,742,2711,debit,shopping,2024-06-18
10864,390,8453,credit,salary,2024-04-24
10865,620,43142,debit,atm,2024-05-14
10866,217,27689,credit,transfer,2024-05-31
10867,399,41096,credit,food,2024-10-09
10868,260,25521,debit,atm,2024-05-06
10869,824,11168,debit,food,2024-12-30
10870,320,3446,credit,salary,2024-01-03
10871,196,36922,debit,shopping,2024-02-17
10872,478,48860,debit,shopping,2024-08-17
10873,418,4300,debit,food,2024-10-30
10874,475,47359,debit,atm,2024-06-25
10875,607,8627,credit,atm,2024-10-11
10876,568,47113,debit,salary,2024-07-20
10877,544,10635,credit,shopping,2024-01-17
10878,231,18044,debit,food,2024-08-21
10879,884,40390,debit,transfer,2024-01-07
10880,521,46041,debit,shopping,2024-06-19
10881,703,4264,credit,shopping,2024-10-17
10882,873,30122,debit,salary,2024-06-16
10883,200,12538,debit,shopping,2024-07-13
10884,846,23204,credit,salary,2024-07-23
10885,673,4952,credit,salary,2024-05-13
10886,599,6813,credit,transfer,2024-09-14
10887,21,3283,credit,atm,2024-02-08
10888,311,31454,credit,shopping,2024-04-11
10889,588,8132,credit,salary,2024-02-02
10890,953,14375,debit,salary,2024-12-27
10891,898,18893,debit,atm,2024-05-30
10892,653,37166,debit,atm,2024-02-02
10893,638,19018,credit,salary,2024-03-29
10894,763,5699,debit,shopping,2024-03-18
10895,900,32871,credit,shopping,2024-01-30
10896,596,13540,debit,shopping,2024-09-21
10897,434,11389,credit,atm,2024-12-15
10898,371,43908,debit,shopping,2024-05-05
10899,560,46132,credit,shopping,2024-03-11
10900,891,49278,debit,shopping,2024-03-02
10901,78,5261,credit,atm,2024-07-18
10902,542,1064,debit,food,2024-11-22
10903,285,16042,debit,food,2024-08-21
10904,648,49323,debit,shopping,2024-08-06
10905,140,38469,debit,food,2024-06-01
10906,553,14284,debit,shopping,2024-06-23
10907,998,3047,credit,atm,2024-11-02
10908,282,43375,debit,shopping,2024-10-10
10909,562,44957,debit,transfer,2024-12-19
10910,258,6338,debit,salary,2024-07-20
10911,823,13256,debit,atm,2024-05-04
10912,360,2511,credit,transfer,2024-07-07
10913,440,15774,debit,transfer,2024-12-23
10914,270,8408,credit,salary,2024-11-18
10915,134,43271,credit,transfer,2024-07-22
10916,746,3024,credit,salary,2024-07-08
10917,640,35705,debit,shopping,2024-06-02
10918,104,676,credit,atm,2024-08-20
10919,766,14741,debit,atm,2024-08-20
10920,95,9063,debit,atm,2024-09-18
10921,849,24391,debit,salary,2024-03-07
10922,729,41259,debit,salary,2024-08-06
10923,573,32828,credit,transfer,2024-09-26
10924,480,41239,debit,atm,2024-04-22
10925,780,18889,credit,transfer,2024-11-01
10926,241,39751,debit,shopping,2024-03-15
10927,13,27999,credit,transfer,2024-08-31
10928,147,15758,debit,atm,2024-08-30
10929,940,39007,credit,salary,2024-05-24
10930,752,14284,credit,transfer,2024-07-01
10931,601,31847,debit,transfer,2024-07-06
10932,95,13065,debit,salary,2024-06-22
10933,827,10593,credit,salary,2024-03-02
10934,293,26278,debit,atm,2024-08-31
10935,25,33987,debit,shopping,2024-05-23
10936,272,2314,credit,atm,2024-08-22
10937,505,8100,debit,transfer,2024-10-30
10938,166,8165,debit,atm,2024-02-23
10939,939,42971,debit,atm,2024-06-09
10940,762,1185,debit,salary,2024-07-17
10941,87,49425,debit,shopping,2024-11-23
10942,654,46432,credit,shopping,2024-04-26
10943,646,3632,credit,atm,2024-05-02
10944,985,17722,debit,salary,2024-01-30
10945,791,4934,debit,salary,2024-01-07
10946,638,20297,debit,transfer,2024-11-12
10947,828,12108,credit,food,2024-05-21
10948,491,13062,debit,transfer,2024-07-07
10949,908,47329,credit,transfer,2024-11-15
10950,141,47456,debit,transfer,2024-02-24
10951,868,8112,debit,food,2024-11-18
10952,103,20266,debit,salary,2024-03-30
10953,226,18728,debit,salary,2024-11-09
10954,902,9949,debit,shopping,2024-06-10
10955,575,41472,credit,shopping,2024-04-03
10956,294,13867,credit,atm,2024-09-11
10957,896,15211,credit,atm,2024-06-05
10958,306,40089,debit,atm,2024-06-13
10959,254,40682,debit,shopping,2024-08-23
10960,180,44470,debit,shopping,2024-12-10
10961,40,45152,debit,transfer,2024-03-08
10962,776,48378,debit,salary,2024-11-13
10963,701,33991,debit,shopping,2024-09-07
10964,520,45389,credit,food,2024-01-01
10965,616,21665,debit,transfer,2024-07-18
10966,737,35111,credit,food,2024-04-26
10967,546,2689,credit,food,2024-02-26
10968,236,42838,debit,salary,2024-11-08
10969,463,47498,credit,food,2024-11-17
10970,228,44582,debit,food,2024-12-02
10971,700,9849,debit,food,2024-11-12
10972,825,22783,debit,food,2024-11-03
10973,483,4601,debit,transfer,2024-12-28
10974,430,23523,debit,transfer,2024-02-18
10975,22,19257,debit,salary,2024-01-23
10976,343,19269,credit,salary,2024-07-31
10977,40,23424,credit,food,2024-08-08
10978,173,1806,debit,atm,2024-11-20
10979,439,28319,debit,food,2024-12-17
10980,179,41434,debit,food,2024-05-28
10981,598,1712,debit,salary,2024-07-04
10982,133,16938,debit,shopping,2024-09-21
10983,351,37165,debit,salary,2024-07-17
10984,525,30527,debit,transfer,2024-03-22
10985,540,15646,debit,salary,2024-03-19
10986,506,48835,debit,shopping,2024-08-04
10987,84,9145,debit,food,2024-06-24
10988,993,25399,debit,shopping,2024-12-01
10989,464,1491,credit,salary,2024-07-30
10990,830,43447,credit,atm,2024-02-06
10991,861,41321,debit,transfer,2024-04-24
10992,343,40876,debit,shopping,2024-01-05
10993,280,32767,debit,salary,2024-08-27
10994,866,16048,debit,food,2024-01-07
10995,263,25218,credit,salary,2024-10-24
10996,166,38293,debit,food,2024-11-11
10997,293,14257,credit,atm,2024-09-16
10998,509,17121,debit,transfer,2024-08-24
10999,580,8456,credit,shopping,2024-11-28
11000,226,35673,debit,salary,2024-04-08
11001,170,48315,debit,salary,2024-12-28
11002,598,1323,debit,shopping,2024-04-25
11003,645,36210,credit,food,2024-05-04
11004,448,24726,debit,transfer,2024-04-19
11005,690,49740,debit,atm,2024-07-21
11006,855,31017,credit,shopping,2024-09-25
11007,502,21626,debit,transfer,2024-10-13
11008,764,8956,debit,salary,2024-10-24
11009,527,38929,credit,transfer,2024-03-10
11010,735,13632,debit,atm,2024-05-18
11011,379,20845,debit,transfer,2024-05-28
11012,201,20436,debit,salary,2024-06-02
11013,619,30896,debit,atm,2024-01-15
11014,250,27267,debit,atm,2024-12-03
11015,949,980,debit,atm,2024-04-14
11016,409,16918,debit,salary,2024-10-10
11017,601,38992,debit,food,2024-06-05
11018,125,24588,credit,salary,2024-08-26
11019,113,38052,credit,food,2024-11-03
11020,981,18468,credit,food,2024-04-19
11021,137,29128,debit,salary,2024-07-08
11022,759,13323,credit,transfer,2024-02-25
11023,496,31495,debit,salary,2024-09-14
11024,678,30361,debit,atm,2024-03-22
11025,150,10084,debit,transfer,2024-07-11
11026,875,2898,credit,shopping,2024-11-14
11027,343,7703,debit,shopping,2024-02-29
11028,945,46151,debit,shopping,2024-12-30
11029,580,11804,credit,atm,2024-12-30
11030,733,46188,credit,atm,2024-10-10
11031,783,34361,debit,food,2024-02-13
11032,321,15807,debit,atm,2024-10-16
11033,822,18109,debit,food,2024-06-15
11034,926,18331,debit,shopping,2024-09-16
11035,861,3346,credit,salary,2024-08-22
11036,532,29925,credit,salary,2024-06-04
11037,289,16025,debit,atm,2024-10-21
11038,489,1416,debit,shopping,2024-07-11
11039,492,18434,debit,shopping,2024-06-21
11040,612,31172,debit,food,2024-11-23
11041,252,49475,debit,food,2024-11-12
11042,982,2126,debit,shopping,2024-11-11
11043,77,1647,debit,atm,2024-02-20
11044,647,15389,debit,atm,2024-04-21
11045,392,36646,credit,shopping,2024-02-14
11046,412,48986,debit,salary,2024-10-13
11047,173,39379,debit,salary,2024-05-14
11048,875,22269,debit,food,2024-11-02
11049,201,40625,debit,shopping,2024-07-12
11050,217,20207,credit,salary,2024-10-23
11051,376,34391,debit,atm,2024-04-26
11052,720,27379,credit,transfer,2024-03-08
11053,586,18456,debit,transfer,2024-09-22
11054,11,45588,debit,shopping,2024-04-08
11055,799,30143,debit,food,2024-11-16
11056,768,46442,credit,transfer,2024-09-15
11057,12,30066,credit,atm,2024-03-21
11058,892,12895,debit,atm,2024-10-24
11059,991,17100,debit,atm,2024-03-12
11060,590,20999,debit,transfer,2024-01-30
11061,435,21675,credit,salary,2024-11-23
11062,684,22258,debit,atm,2024-08-08
11063,608,48730,debit,food,2024-09-06
11064,818,19105,credit,shopping,2024-08-30
11065,373,45301,debit,shopping,2024-01-24
11066,273,18577,credit,shopping,2024-11-24
11067,931,19660,credit,salary,2024-12-05
11068,897,25808,credit,shopping,2024-10-19
11069,925,40352,credit,shopping,2024-10-01
11070,691,45276,debit,transfer,2024-09-17
11071,576,20054,debit,salary,2024-08-03
11072,509,30735,debit,salary,2024-02-21
11073,132,18630,credit,transfer,2024-05-15
11074,855,805,debit,food,2024-08-25
11075,924,46393,debit,shopping,2024-01-04
11076,784,36680,credit,food,2024-08-23
11077,319,27146,credit,transfer,2024-12-23
11078,844,44520,debit,transfer,2024-07-18
11079,949,20252,debit,transfer,2024-03-13
11080,853,31955,debit,transfer,2024-02-10
11081,621,2419,debit,atm,2024-09-03
11082,785,8263,debit,transfer,2024-01-31
11083,168,21705,debit,food,2024-04-04
11084,397,309,debit,transfer,2024-02-29
11085,180,4934,debit,food,2024-10-22
11086,58,31612,debit,transfer,2024-01-25
11087,480,12546,credit,transfer,2024-07-15
11088,933,4062,debit,atm,2024-11-12
11089,591,13128,debit,transfer,2024-11-22
11090,460,22003,debit,shopping,2024-03-04
11091,61,11817,credit,atm,2024-12-27
11092,369,37662,credit,atm,2024-11-30
11093,121,30645,debit,shopping,2024-06-25
11094,719,49097,credit,atm,2024-10-27
11095,546,35312,debit,transfer,2024-07-08
11096,582,43643,debit,shopping,2024-02-21
11097,17,41200,debit,transfer,2024-01-31
11098,496,35475,debit,atm,2024-07-02
11099,497,20420,debit,salary,2024-04-26
11100,505,19401,debit,shopping,2024-03-13
11101,532,18281,debit,food,2024-05-26
11102,969,9268,debit,atm,2024-05-03
11103,315,2673,debit,salary,2024-11-21
11104,69,19073,debit,atm,2024-06-30
11105,727,36151,debit,transfer,2024-04-09
11106,161,42859,credit,transfer,2024-11-13
11107,614,20901,credit,transfer,2024-06-26
11108,888,28744,debit,salary,2024-06-14
11109,718,27623,debit,transfer,2024-01-10
11110,145,33581,debit,atm,2024-06-11
11111,569,18907,credit,atm,2024-02-15
11112,595,1990,debit,atm,2024-10-06
11113,993,20051,debit,shopping,2024-04-07
11114,385,5475,debit,atm,2024-04-24
11115,269,31405,debit,transfer,2024-11-24
11116,923,15679,credit,shopping,2024-12-19
11117,454,9970,debit,shopping,2024-07-25
11118,699,18631,credit,shopping,2024-03-31
11119,518,9209,credit,shopping,2024-12-12
11120,865,26942,credit,salary,2024-05-06
11121,350,10816,credit,atm,2024-08-24
11122,110,18290,debit,salary,2024-01-27
11123,483,48685,debit,food,2024-01-26
11124,407,36919,debit,salary,2024-06-20
11125,650,32533,debit,shopping,2024-05-24
11126,51,41619,debit,atm,2024-06-02
11127,403,25304,debit,atm,2024-12-23
11128,563,46508,debit,transfer,2024-11-07
11129,476,42971,debit,salary,2024-08-09
11130,87,36630,debit,atm,2024-03-22
11131,68,44611,credit,food,2024-08-07
11132,596,26484,credit,food,2024-08-19
11133,979,10187,credit,salary,2024-05-23
11134,42,12222,debit,transfer,2024-09-14
11135,731,30998,debit,food,2024-11-24
11136,57,15941,debit,transfer,2024-07-09
11137,738,25682,debit,salary,2024-11-15
11138,196,10142,debit,atm,2024-03-05
11139,760,26605,credit,transfer,2024-06-03
11140,678,23394,debit,food,2024-09-02
11141,62,6273,debit,transfer,2024-05-16
11142,263,18616,credit,atm,2024-12-12
11143,112,7032,credit,atm,2024-06-15
11144,765,18009,credit,food,2024-06-11
11145,711,30341,debit,transfer,2024-06-09
11146,178,16812,credit,transfer,2024-11-29
11147,948,2757,debit,shopping,2024-01-01
11148,26,29205,debit,food,2024-06-26
11149,410,41647,debit,transfer,2024-11-22
11150,758,30482,debit,salary,2024-12-24
11151,531,22456,credit,shopping,2024-08-31
11152,777,19689,credit,food,2024-06-28
11153,317,39701,debit,atm,2024-10-16
11154,532,24016,debit,food,2024-08-25
11155,106,40775,debit,salary,2024-04-26
11156,749,34466,debit,salary,2024-12-13
11157,818,3951,debit,atm,2024-01-07
11158,464,27148,debit,atm,2024-06-22
11159,246,7682,debit,atm,2024-04-25
11160,81,43877,credit,shopping,2024-09-11
11161,662,40691,debit,salary,2024-03-19
11162,909,4707,credit,atm,2024-01-24
11163,396,5607,debit,salary,2024-03-31
11164,522,6034,debit,shopping,2024-02-08
11165,833,42071,credit,shopping,2024-07-13
11166,736,22052,debit,salary,2024-11-25
11167,926,4759,credit,atm,2024-07-22
11168,264,4498,credit,food,2024-06-17
11169,661,6342,debit,transfer,2024-06-05
11170,790,28720,debit,salary,2024-07-18
11171,274,26005,credit,shopping,2024-09-29
11172,706,10896,debit,atm,2024-09-27
11173,944,47245,debit,transfer,2024-01-04
11174,172,39479,credit,salary,2024-05-28
11175,265,47643,debit,food,2024-03-11
11176,963,39580,debit,food,2024-02-15
11177,822,37375,debit,shopping,2024-07-30
11178,26,14037,debit,shopping,2024-05-14
11179,469,31631,debit,shopping,2024-04-19
11180,862,19669,debit,salary,2024-07-16
11181,476,12443,debit,food,2024-04-09
11182,356,46903,debit,food,2024-02-21
11183,26,11633,credit,shopping,2024-01-03
11184,34,49447,debit,shopping,2024-04-18
11185,264,31232,credit,atm,2024-06-07
11186,138,31456,debit,food,2024-12-09
11187,816,15538,credit,shopping,2024-03-03
11188,695,26466,debit,shopping,2024-05-31
11189,875,14068,debit,shopping,2024-06-24
11190,754,17590,credit,atm,2024-04-09
11191,566,19273,debit,food,2024-10-17
11192,462,10476,credit,food,2024-01-25
11193,168,25214,debit,food,2024-07-02
11194,631,21268,credit,atm,2024-12-24
11195,655,818,debit,salary,2024-09-03
11196,81,39944,debit,atm,2024-01-21
11197,757,36863,debit,transfer,2024-05-22
11198,914,405,debit,atm,2024-08-13
11199,864,21914,debit,transfer,2024-05-10
11200,870,41447,debit,shopping,2024-01-10
11201,407,41784,credit,transfer,2024-06-26
11202,574,30811,debit,atm,2024-07-25
11203,46,14277,credit,salary,2024-05-05
11204,599,46070,credit,food,2024-12-01
11205,611,24670,debit,atm,2024-01-13
11206,807,35464,debit,food,2024-02-13
11207,911,47709,debit,transfer,2024-08-23
11208,53,18919,debit,shopping,2024-06-23
11209,984,31491,credit,shopping,2024-09-06
11210,704,15888,debit,atm,2024-02-24
11211,959,48751,debit,transfer,2024-06-09
11212,476,9996,debit,transfer,2024-09-28
11213,592,20659,debit,food,2024-02-17
11214,16,23665,debit,transfer,2024-10-17
11215,360,21026,debit,salary,2024-02-20
11216,487,13476,credit,shopping,2024-11-29
11217,838,21975,debit,salary,2024-04-14
11218,706,47706,debit,salary,2024-12-12
11219,502,12957,credit,food,2024-08-29
11220,141,1383,debit,transfer,2024-12-28
11221,620,15020,debit,food,2024-12-15
11222,815,347,debit,shopping,2024-10-17
11223,777,30946,debit,food,2024-12-16
11224,447,6742,debit,salary,2024-01-12
11225,290,17465,debit,food,2024-04-13
11226,209,37231,debit,transfer,2024-02-04
11227,475,46819,debit,food,2024-08-13
11228,413,18049,debit,transfer,2024-06-15
11229,677,33603,debit,salary,2024-05-07
11230,427,10951,credit,transfer,2024-12-17
11231,854,14506,credit,transfer,2024-07-22
11232,371,15028,credit,transfer,2024-10-10
11233,832,16932,debit,transfer,2024-07-29
11234,664,7634,debit,shopping,2024-01-11
11235,967,1935,debit,atm,2024-10-10
11236,290,4815,credit,shopping,2024-08-19
11237,432,33481,debit,food,2024-01-20
11238,268,22718,credit,shopping,2024-08-30
11239,151,976,credit,shopping,2024-11-09
11240,719,43635,debit,transfer,2024-10-22
11241,255,9425,debit,food,2024-09-19
11242,353,29546,debit,food,2024-12-07
11243,377,33539,debit,salary,2024-09-12
11244,653,1730,debit,transfer,2024-03-16
11245,855,33228,debit,shopping,2024-12-14
11246,358,14813,debit,salary,2024-02-04
11247,608,10684,debit,salary,2024-04-16
11248,941,4001,credit,shopping,2024-05-29
11249,370,47658,credit,food,2024-09-30
11250,227,16550,credit,transfer,2024-03-26
11251,705,27710,debit,transfer,2024-03-23
11252,303,22161,debit,shopping,2024-02-03
11253,826,15414,debit,transfer,2024-11-25
11254,389,2190,debit,atm,2024-03-23
11255,377,26952,debit,salary,2024-04-11
11256,973,22554,debit,salary,2024-01-09
11257,118,11807,debit,atm,2024-11-02
11258,5,31667,debit,transfer,2024-01-28
11259,444,33923,debit,food,2024-08-09
11260,352,32107,credit,atm,2024-10-07
11261,755,39124,credit,atm,2024-07-28
11262,533,14241,credit,salary,2024-01-26
11263,664,12846,debit,food,2024-05-26
11264,640,3447,credit,food,2024-08-06
11265,124,9461,debit,transfer,2024-12-21
11266,658,46536,debit,food,2024-03-08
11267,277,4201,credit,transfer,2024-10-31
11268,822,40375,debit,shopping,2024-01-26
11269,394,48195,credit,atm,2024-10-27
11270,664,41553,debit,atm,2024-11-18
11271,360,36047,debit,transfer,2024-04-26
11272,623,32768,debit,transfer,2024-04-09
11273,469,44903,credit,transfer,2024-05-14
11274,985,29710,debit,atm,2024-09-22
11275,628,17847,credit,transfer,2024-07-14
11276,700,15109,debit,atm,2024-05-29
11277,57,23751,debit,atm,2024-09-10
11278,251,44458,credit,salary,2024-11-04
11279,896,1156,debit,salary,2024-01-29
11280,919,33010,debit,shopping,2024-05-06
11281,150,11607,debit,shopping,2024-07-09
11282,452,21315,debit,food,2024-07-07
11283,162,27449,debit,transfer,2024-11-07
11284,120,30475,debit,atm,2024-04-30
11285,582,10176,credit,food,2024-08-23
11286,924,45105,debit,salary,2024-11-08
11287,351,35349,credit,atm,2024-02-06
11288,99,10182,debit,food,2024-09-25
11289,167,40764,debit,salary,2024-08-12
11290,810,19609,debit,shopping,2024-02-16
11291,663,7150,debit,transfer,2024-11-26
11292,838,38879,debit,transfer,2024-07-10
11293,976,48198,debit,food,2024-12-18
11294,514,11514,debit,salary,2024-03-31
11295,664,37018,debit,food,2024-12-24
11296,401,15976,debit,salary,2024-05-25
11297,365,7104,credit,salary,2024-04-27
11298,577,9298,credit,transfer,2024-06-21
11299,326,27866,credit,shopping,2024-08-24
11300,581,34088,debit,shopping,2024-08-20
11301,633,37529,credit,atm,2024-01-24
11302,621,37734,credit,salary,2024-03-26
11303,828,1897,debit,transfer,2024-02-28
11304,247,38842,credit,salary,2024-09-11
11305,434,13265,debit,atm,2024-09-15
11306,93,19355,debit,transfer,2024-03-07
11307,268,39873,debit,salary,2024-01-14
11308,615,4712,debit,shopping,2024-04-05
11309,943,25380,debit,shopping,2024-09-28
11310,963,42733,credit,atm,2024-08-04
11311,624,31628,debit,shopping,2024-07-15
11312,321,44759,debit,salary,2024-07-08
11313,923,10383,debit,atm,2024-07-05
11314,816,5053,debit,food,2024-12-16
11315,856,20798,credit,atm,2024-05-28
11316,62,39919,debit,shopping,2024-11-12
11317,300,45413,debit,transfer,2024-02-20
11318,403,22116,credit,atm,2024-07-19
11319,955,13348,debit,salary,2024-03-25
11320,648,17376,credit,atm,2024-07-19
11321,567,31108,debit,shopping,2024-01-10
11322,620,32313,debit,atm,2024-09-24
11323,303,17455,credit,salary,2024-07-30
11324,770,16586,debit,salary,2024-09-11
11325,253,15239,debit,shopping,2024-12-18
11326,734,48376,credit,salary,2024-07-10
11327,478,21629,debit,shopping,2024-07-17
11328,369,36114,debit,atm,2024-09-13
11329,679,20196,credit,atm,2024-01-14
11330,941,30217,debit,food,2024-06-21
11331,160,46833,debit,shopping,2024-07-18
11332,961,3517,debit,transfer,2024-12-02
11333,166,6545,debit,shopping,2024-03-02
11334,205,5517,credit,atm,2024-02-14
11335,267,15594,debit,atm,2024-11-30
11336,138,46234,debit,salary,2024-08-31
11337,368,13402,credit,food,2024-06-04
11338,443,36527,credit,transfer,2024-09-20
11339,858,40374,debit,food,2024-10-06
11340,760,32198,debit,shopping,2024-01-07
11341,567,28903,credit,shopping,2024-01-28
11342,916,29264,debit,atm,2024-03-30
11343,721,38541,debit,salary,2024-07-27
11344,17,35025,debit,transfer,2024-07-09
11345,68,49833,debit,salary,2024-08-17
11346,133,33663,credit,transfer,2024-01-06
11347,700,11489,credit,food,2024-09-23
11348,919,44427,debit,atm,2024-02-07
11349,430,13590,credit,salary,2024-02-01
11350,308,6144,debit,shopping,2024-10-08
11351,650,41869,debit,atm,2024-08-10
11352,174,27609,credit,transfer,2024-10-14
11353,412,27944,debit,atm,2024-06-11
11354,97,21704,credit,shopping,2024-05-09
11355,683,27660,debit,shopping,2024-06-09
11356,154,672,debit,transfer,2024-01-07
11357,695,1306,credit,atm,2024-07-31
11358,242,49151,debit,salary,2024-03-29
11359,304,13196,debit,atm,2024-03-20
11360,285,29650,debit,shopping,2024-12-02
11361,27,35328,credit,transfer,2024-12-18
11362,402,20489,debit,food,2024-12-24
11363,360,37793,credit,food,2024-09-21
11364,60,19097,debit,atm,2024-11-18
11365,202,34583,debit,shopping,2024-06-24
11366,762,47307,credit,atm,2024-06-11
11367,874,21729,debit,transfer,2024-11-13
11368,581,34437,debit,salary,2024-11-21
11369,970,17160,credit,food,2024-07-29
11370,370,46100,debit,atm,2024-09-04
11371,533,42893,debit,shopping,2024-03-18
11372,152,14705,credit,food,2024-09-15
11373,102,35381,credit,food,2024-01-06
11374,899,41860,debit,salary,2024-03-26
11375,1000,9433,debit,atm,2024-11-04
11376,607,49093,credit,salary,2024-05-11
11377,446,29887,debit,shopping,2024-01-10
11378,873,14023,debit,shopping,2024-08-11
11379,229,34899,debit,atm,2024-02-18
11380,125,42170,debit,food,2024-01-13
11381,770,4429,credit,transfer,2024-12-04
11382,834,5422,debit,salary,2024-06-19
11383,999,33923,debit,food,2024-09-02
11384,881,31176,credit,shopping,2024-12-23
11385,938,39975,credit,shopping,2024-06-24
11386,236,38538,debit,food,2024-08-05
11387,162,45249,debit,food,2024-06-06
11388,554,13933,credit,shopping,2024-10-25
11389,788,18234,credit,salary,2024-06-07
11390,353,7675,debit,salary,2024-11-02
11391,68,11463,debit,food,2024-10-20
11392,173,22871,debit,atm,2024-05-26
11393,843,28829,debit,shopping,2024-05-30
11394,637,35880,debit,transfer,2024-06-22
11395,682,19912,credit,shopping,2024-10-23
11396,559,44622,debit,salary,2024-07-20
11397,261,22947,debit,salary,2024-03-19
11398,217,5238,debit,transfer,2024-09-25
11399,817,25032,debit,salary,2024-12-01
11400,124,21739,debit,transfer,2024-04-11
11401,805,49066,debit,salary,2024-04-18
11402,162,37259,debit,transfer,2024-02-13
11403,201,45680,credit,atm,2024-01-15
11404,454,46280,credit,shopping,2024-01-04
11405,402,40190,debit,salary,2024-09-04
11406,462,42677,credit,food,2024-08-23
11407,275,26299,debit,transfer,2024-02-21
11408,206,38092,credit,transfer,2024-07-20
11409,40,26341,credit,transfer,2024-12-25
11410,273,8051,debit,salary,2024-02-15
11411,700,13937,credit,shopping,2024-02-28
11412,867,44259,debit,food,2024-06-22
11413,93,12788,debit,transfer,2024-02-01
11414,42,9887,debit,transfer,2024-05-28
11415,465,34857,credit,transfer,2024-10-11
11416,379,25204,debit,transfer,2024-04-30
11417,107,2704,debit,food,2024-09-19
11418,328,31369,debit,transfer,2024-02-11
11419,65,163,debit,food,2024-09-11
11420,365,12252,credit,food,2024-11-25
11421,821,19296,debit,transfer,2024-06-26
11422,484,43881,debit,atm,2024-03-26
11423,647,36895,debit,food,2024-01-17
11424,901,15059,debit,atm,2024-08-25
11425,24,32969,debit,food,2024-05-12
11426,540,31380,credit,salary,2024-07-27
11427,62,28024,debit,transfer,2024-12-19
11428,491,44358,debit,salary,2024-07-14
11429,273,27567,debit,food,2024-03-12
11430,229,16156,debit,salary,2024-01-26
11431,20,3235,credit,transfer,2024-03-29
11432,3,17664,debit,transfer,2024-08-22
11433,421,38377,debit,food,2024-02-08
11434,730,27562,debit,food,2024-11-18
11435,911,2828,debit,atm,2024-02-13
11436,307,7731,debit,shopping,2024-12-25
11437,432,10984,debit,salary,2024-03-04
11438,136,25074,debit,atm,2024-07-02
11439,909,49656,debit,salary,2024-03-26
11440,944,35741,credit,transfer,2024-10-10
11441,515,48359,credit,food,2024-03-23
11442,193,36136,debit,salary,2024-09-15
11443,585,19178,credit,shopping,2024-09-10
11444,415,10374,credit,transfer,2024-10-09
11445,873,18951,debit,transfer,2024-07-07
11446,118,48626,credit,atm,2024-11-26
11447,666,4059,debit,shopping,2024-05-13
11448,209,23324,credit,transfer,2024-10-30
11449,952,13994,debit,shopping,2024-08-10
11450,34,27065,debit,food,2024-02-25
11451,649,37716,credit,shopping,2024-01-29
11452,318,30658,debit,atm,2024-07-18
11453,120,44045,debit,atm,2024-11-26
11454,627,15790,credit,salary,2024-04-29
11455,525,33547,debit,food,2024-10-13
11456,581,17231,credit,food,2024-11-16
11457,937,27529,debit,shopping,2024-03-11
11458,845,17805,debit,atm,2024-11-25
11459,769,48810,debit,atm,2024-05-16
11460,89,22346,debit,atm,2024-03-03
11461,512,45210,debit,food,2024-03-17
11462,47,4889,debit,atm,2024-10-09
11463,772,633,debit,salary,2024-01-18
11464,740,28876,debit,transfer,2024-06-14
11465,959,48402,debit,atm,2024-05-27
11466,692,18825,debit,salary,2024-07-04
11467,522,6794,debit,salary,2024-03-16
11468,284,5106,debit,transfer,2024-01-28
11469,377,27098,debit,food,2024-02-13
11470,638,37413,debit,atm,2024-11-16
11471,134,42528,debit,salary,2024-05-16
11472,667,30187,debit,salary,2024-12-27
11473,248,37775,debit,transfer,2024-04-22
11474,652,24462,debit,salary,2024-06-09
11475,318,4585,debit,atm,2024-09-01
11476,436,1335,debit,food,2024-04-15
11477,176,43774,debit,salary,2024-01-09
11478,835,42768,debit,food,2024-08-01
11479,686,48762,credit,salary,2024-11-13
11480,993,32083,debit,salary,2024-11-20
11481,586,24139,credit,atm,2024-04-27
11482,351,30516,debit,food,2024-07-24
11483,143,1245,credit,shopping,2024-07-22
11484,967,23904,debit,atm,2024-01-29
11485,804,47344,debit,food,2024-07-26
11486,398,1575,debit,food,2024-10-30
11487,624,10147,debit,food,2024-03-13
11488,718,12256,debit,shopping,2024-11-02
11489,643,30521,debit,atm,2024-10-14
11490,369,28055,debit,shopping,2024-12-05
11491,501,22163,debit,salary,2024-04-26
11492,622,48544,debit,transfer,2024-08-30
11493,370,21899,credit,shopping,2024-08-21
11494,579,21422,debit,salary,2024-07-26
11495,382,34472,debit,shopping,2024-05-26
11496,86,15032,debit,food,2024-11-27
11497,787,46461,debit,transfer,2024-03-21
11498,739,44339,debit,transfer,2024-04-07
11499,460,37915,credit,salary,2024-10-23
11500,950,43064,debit,shopping,2024-08-29
11501,325,41043,debit,shopping,2024-10-16
11502,522,24103,credit,shopping,2024-01-21
11503,489,22601,credit,salary,2024-06-18
11504,929,31192,credit,shopping,2024-04-14
11505,397,15083,credit,transfer,2024-03-07
11506,896,29868,debit,transfer,2024-04-09
11507,355,34704,credit,atm,2024-08-24
11508,947,22388,credit,shopping,2024-09-08
11509,288,46860,debit,shopping,2024-03-23
11510,459,6576,debit,transfer,2024-01-21
11511,624,48937,debit,transfer,2024-07-22
11512,998,32702,debit,food,2024-06-23
11513,536,42184,debit,food,2024-06-04
11514,291,10062,credit,atm,2024-07-09
11515,851,28539,debit,transfer,2024-11-06
11516,838,3500,credit,atm,2024-01-12
11517,168,24540,debit,shopping,2024-10-12
11518,950,46797,debit,shopping,2024-09-24
11519,621,24710,credit,transfer,2024-08-18
11520,428,29675,debit,salary,2024-06-15
11521,702,19828,credit,atm,2024-09-30
11522,490,29167,debit,salary,2024-09-05
11523,355,24403,debit,shopping,2024-10-06
11524,196,45362,credit,atm,2024-05-19
11525,545,42840,debit,shopping,2024-12-03
11526,717,1728,debit,food,2024-05-13
11527,824,39632,debit,transfer,2024-09-20
11528,932,9621,credit,food,2024-02-26
11529,694,38613,credit,atm,2024-10-31
11530,659,42619,debit,food,2024-05-22
11531,939,25480,debit,atm,2024-08-23
11532,780,29023,debit,salary,2024-01-07
11533,11,34158,credit,transfer,2024-08-08
11534,582,28980,debit,salary,2024-02-27
11535,256,19070,debit,shopping,2024-11-04
11536,396,38991,debit,transfer,2024-07-23
11537,731,5030,credit,food,2024-08-11
11538,809,35418,debit,atm,2024-05-19
11539,409,41639,debit,transfer,2024-04-21
11540,362,42997,debit,shopping,2024-01-25
11541,259,29943,debit,salary,2024-05-26
11542,3,49208,debit,shopping,2024-10-24
11543,84,32674,debit,food,2024-09-03
11544,156,39851,debit,atm,2024-03-20
11545,663,9957,debit,atm,2024-01-12
11546,176,23613,credit,food,2024-07-06
11547,707,34998,debit,atm,2024-02-05
11548,938,23693,debit,transfer,2024-05-31
11549,472,22783,credit,transfer,2024-10-15
11550,619,36608,credit,food,2024-05-11
11551,424,18984,debit,food,2024-02-25
11552,134,5407,debit,shopping,2024-04-27
11553,788,13004,debit,atm,2024-09-20
11554,907,39635,debit,salary,2024-07-07
11555,864,17981,credit,food,2024-01-08
11556,380,29278,debit,shopping,2024-05-14
11557,667,13682,credit,food,2024-12-25
11558,277,36012,credit,food,2024-02-04
11559,236,43011,debit,transfer,2024-03-19
11560,752,42519,debit,atm,2024-05-25
11561,882,8125,debit,food,2024-09-23
11562,13,49544,credit,atm,2024-08-09
11563,342,41714,debit,shopping,2024-03-27
11564,35,44044,debit,food,2024-09-11
11565,559,19288,debit,salary,2024-04-07
11566,214,7704,debit,transfer,2024-09-28
11567,412,40007,debit,salary,2024-01-06
11568,405,49079,debit,transfer,2024-08-20
11569,494,27390,debit,food,2024-01-15
11570,658,40696,credit,food,2024-11-24
11571,159,6303,debit,atm,2024-01-29
11572,956,7971,debit,transfer,2024-07-10
11573,637,14762,debit,shopping,2024-08-21
11574,110,36882,credit,salary,2024-03-06
11575,549,11545,debit,shopping,2024-04-06
11576,789,11138,debit,transfer,2024-08-17
11577,526,45940,debit,shopping,2024-08-02
11578,985,45922,debit,transfer,2024-04-29
11579,347,3605,debit,atm,2024-05-20
11580,744,41578,debit,atm,2024-03-11
11581,828,19169,credit,shopping,2024-11-08
11582,636,14518,debit,shopping,2024-06-27
11583,279,16511,debit,transfer,2024-07-31
11584,479,33133,debit,atm,2024-01-28
11585,111,9598,credit,shopping,2024-12-15
11586,636,47600,debit,transfer,2024-05-30
11587,925,21559,credit,transfer,2024-05-04
11588,431,22303,debit,shopping,2024-12-06
11589,542,28130,debit,salary,2024-09-13
11590,115,21160,debit,food,2024-12-17
11591,90,19874,debit,transfer,2024-12-09
11592,212,47017,debit,atm,2024-07-17
11593,550,33478,credit,food,2024-06-11
11594,595,45348,credit,transfer,2024-10-18
11595,539,21030,debit,salary,2024-01-14
11596,729,13593,debit,food,2024-07-02
11597,360,37895,debit,atm,2024-03-02
11598,486,13738,debit,food,2024-04-12
11599,372,5824,debit,shopping,2024-12-08
11600,215,302,debit,transfer,2024-05-21
11601,733,33269,credit,shopping,2024-07-08
11602,15,2127,credit,salary,2024-04-27
11603,955,46823,debit,food,2024-08-04
11604,259,14907,debit,shopping,2024-01-22
11605,778,28526,debit,salary,2024-04-22
11606,463,41949,debit,shopping,2024-04-10
11607,120,278,credit,atm,2024-01-29
11608,976,5917,credit,shopping,2024-03-15
11609,913,34847,debit,transfer,2024-12-15
11610,128,7285,debit,shopping,2024-07-05
11611,723,4084,debit,shopping,2024-12-07
11612,523,22149,debit,shopping,2024-01-15
11613,688,21505,debit,shopping,2024-05-28
11614,645,10336,debit,shopping,2024-04-20
11615,325,21996,debit,food,2024-03-29
11616,320,35851,debit,food,2024-09-03
11617,506,14735,debit,atm,2024-11-28
11618,526,8642,debit,food,2024-03-11
11619,50,37150,debit,salary,2024-04-22
11620,922,44478,debit,transfer,2024-11-12
11621,584,31442,debit,shopping,2024-02-16
11622,69,44890,debit,shopping,2024-10-08
11623,391,8088,credit,shopping,2024-03-09
11624,383,32170,debit,atm,2024-08-30
11625,16,32055,debit,atm,2024-07-01
11626,439,12696,debit,salary,2024-11-20
11627,846,23759,debit,shopping,2024-12-07
11628,869,10516,debit,atm,2024-03-12
11629,568,19271,credit,shopping,2024-06-10
11630,617,32677,debit,food,2024-09-07
11631,132,45403,credit,shopping,2024-07-09
11632,996,22836,credit,salary,2024-05-05
11633,560,45371,credit,salary,2024-06-26
11634,248,4908,debit,atm,2024-08-28
11635,273,38756,debit,shopping,2024-09-29
11636,623,5837,debit,salary,2024-04-30
11637,932,35226,debit,food,2024-03-21
11638,838,29752,debit,atm,2024-11-30
11639,848,5490,credit,food,2024-10-21
11640,349,20700,credit,salary,2024-04-10
11641,484,506,debit,atm,2024-06-07
11642,550,32864,debit,shopping,2024-02-27
11643,357,49317,debit,transfer,2024-01-25
11644,752,33095,debit,shopping,2024-10-01
11645,318,46037,debit,shopping,2024-02-23
11646,633,18668,credit,food,2024-07-17
11647,48,10533,credit,shopping,2024-01-02
11648,10,29477,credit,transfer,2024-11-30
11649,233,23284,debit,atm,2024-01-22
11650,36,48581,debit,atm,2024-06-14
11651,413,9221,credit,transfer,2024-04-26
11652,462,28712,credit,food,2024-09-19
11653,4,22307,credit,transfer,2024-12-26
11654,44,10895,debit,atm,2024-12-08
11655,568,17664,credit,transfer,2024-03-06
11656,554,48703,debit,food,2024-10-15
11657,255,42099,credit,shopping,2024-12-03
11658,740,1201,credit,shopping,2024-04-30
11659,114,34967,debit,atm,2024-12-29
11660,749,613,credit,food,2024-05-14
11661,397,11424,debit,shopping,2024-11-10
11662,174,15591,credit,shopping,2024-08-03
11663,255,13793,debit,shopping,2024-09-23
11664,466,16023,debit,salary,2024-05-19
11665,929,34700,debit,shopping,2024-05-25
11666,277,10972,debit,salary,2024-04-30
11667,464,43158,credit,transfer,2024-09-13
11668,847,7237,debit,atm,2024-10-09
11669,502,11458,credit,atm,2024-09-03
11670,441,5907,credit,salary,2024-03-13
11671,69,48750,debit,food,2024-11-27
11672,509,26603,debit,salary,2024-11-15
11673,326,14959,debit,shopping,2024-02-18
11674,742,48005,debit,food,2024-07-26
11675,67,22334,debit,atm,2024-09-06
11676,304,11179,credit,transfer,2024-06-11
11677,972,31075,credit,transfer,2024-06-17
11678,484,4443,debit,salary,2024-02-04
11679,929,4728,credit,salary,2024-03-20
11680,548,22668,debit,salary,2024-10-30
11681,417,28206,debit,salary,2024-06-18
11682,159,9081,credit,atm,2024-08-27
11683,149,34168,debit,shopping,2024-12-01
11684,27,34815,credit,atm,2024-09-18
11685,987,2342,debit,transfer,2024-12-21
11686,584,48497,debit,transfer,2024-12-16
11687,248,36524,debit,transfer,2024-04-20
11688,101,49559,debit,shopping,2024-04-01
11689,702,34318,debit,shopping,2024-10-17
11690,96,40234,debit,food,2024-09-29
11691,384,2942,debit,shopping,2024-06-23
11692,282,16117,credit,transfer,2024-10-12
11693,322,13936,debit,shopping,2024-08-31
11694,396,14286,debit,shopping,2024-01-09
11695,278,34532,debit,shopping,2024-10-05
11696,529,22857,debit,salary,2024-02-14
11697,263,47288,debit,shopping,2024-03-05
11698,619,31216,credit,salary,2024-05-19
11699,580,36816,debit,transfer,2024-12-02
11700,640,20556,debit,food,2024-06-22
11701,293,3734,debit,atm,2024-06-09
11702,294,49466,debit,food,2024-05-07
11703,608,35940,credit,atm,2024-10-04
11704,395,20956,credit,transfer,2024-01-10
11705,513,2559,debit,salary,2024-12-11
11706,921,36574,debit,shopping,2024-08-04
11707,810,31619,debit,salary,2024-05-18
11708,180,17690,credit,atm,2024-08-22
11709,920,8701,debit,shopping,2024-11-02
11710,693,3569,credit,atm,2024-01-28
11711,235,24891,debit,atm,2024-10-09
11712,952,37715,debit,shopping,2024-09-03
11713,831,448,debit,food,2024-05-29
11714,337,36519,debit,food,2024-06-01
11715,8,2978,debit,atm,2024-10-01
11716,443,11957,debit,transfer,2024-09-19
11717,941,37617,debit,salary,2024-09-05
11718,539,44129,credit,food,2024-05-16
11719,820,20478,credit,shopping,2024-04-27
11720,658,44172,credit,atm,2024-07-16
11721,91,102,debit,salary,2024-11-13
11722,854,25758,debit,salary,2024-11-12
11723,272,23367,debit,atm,2024-06-22
11724,834,45562,credit,salary,2024-09-01
11725,5,14453,debit,transfer,2024-12-07
11726,594,1617,debit,atm,2024-01-09
11727,899,42955,debit,salary,2024-01-22
11728,219,20063,debit,salary,2024-11-04
11729,118,13275,debit,food,2024-10-03
11730,593,30467,debit,salary,2024-09-11
11731,976,17332,debit,salary,2024-03-25
11732,582,37904,debit,food,2024-02-22
11733,115,49457,debit,atm,2024-03-02
11734,263,26568,debit,food,2024-07-04
11735,306,620,debit,shopping,2024-03-01
11736,654,21597,debit,shopping,2024-06-11
11737,422,48573,debit,transfer,2024-12-08
11738,1000,27027,debit,salary,2024-03-22
11739,207,6358,credit,shopping,2024-02-28
11740,623,35002,debit,atm,2024-12-08
11741,303,15554,debit,atm,2024-09-13
11742,112,37706,debit,shopping,2024-06-20
11743,417,21029,credit,food,2024-02-27
11744,555,24277,debit,transfer,2024-07-30
11745,859,885,debit,food,2024-06-30
11746,285,8243,debit,transfer,2024-07-26
11747,640,24192,debit,shopping,2024-10-07
11748,185,47918,debit,food,2024-01-07
11749,741,13735,debit,shopping,2024-12-01
11750,901,11082,credit,transfer,2024-04-27
11751,221,13509,debit,atm,2024-02-04
11752,864,48856,credit,food,2024-04-04
11753,444,18641,debit,shopping,2024-01-01
11754,117,3628,debit,transfer,2024-08-28
11755,70,36427,credit,atm,2024-08-06
11756,898,46988,credit,food,2024-10-19
11757,70,24618,debit,transfer,2024-04-22
11758,622,25046,debit,food,2024-05-12
11759,427,32180,credit,food,2024-01-29
11760,644,35805,credit,salary,2024-05-30
11761,568,24656,credit,shopping,2024-08-10
11762,989,41006,credit,salary,2024-03-18
11763,443,38009,debit,food,2024-05-04
11764,601,49973,credit,transfer,2024-11-26
11765,137,21875,debit,shopping,2024-11-16
11766,504,24141,debit,transfer,2024-06-20
11767,131,935,credit,transfer,2024-07-02
11768,218,35847,debit,atm,2024-01-20
11769,688,43385,debit,food,2024-11-17
11770,171,44984,debit,transfer,2024-02-02
11771,475,35292,credit,food,2024-10-27
11772,612,47435,debit,salary,2024-06-21
11773,992,16204,debit,salary,2024-07-27
11774,129,15027,debit,transfer,2024-07-16
11775,57,4621,debit,food,2024-09-24
11776,181,44186,credit,atm,2024-07-25
11777,246,14380,debit,shopping,2024-11-07
11778,144,47644,debit,salary,2024-11-18
11779,51,30853,debit,salary,2024-12-06
11780,368,48048,debit,atm,2024-08-14
11781,459,49705,debit,transfer,2024-12-29
11782,218,3559,debit,salary,2024-02-12
11783,616,29535,debit,salary,2024-03-31
11784,895,28177,debit,shopping,2024-01-17
11785,567,1248,credit,atm,2024-08-15
11786,257,49774,debit,atm,2024-08-10
11787,858,37445,debit,food,2024-04-16
11788,156,31136,debit,atm,2024-06-24
11789,565,49373,debit,shopping,2024-08-08
11790,442,20102,credit,atm,2024-12-05
11791,841,48540,debit,food,2024-10-20
11792,956,39498,debit,shopping,2024-10-31
11793,699,36590,credit,salary,2024-04-08
11794,876,6030,debit,transfer,2024-08-18
11795,662,13488,debit,salary,2024-11-16
11796,776,19791,debit,food,2024-12-29
11797,762,3742,debit,shopping,2024-11-01
11798,945,19301,debit,salary,2024-01-13
11799,810,7521,credit,food,2024-12-12
11800,923,39915,debit,salary,2024-05-10
11801,935,13654,credit,transfer,2024-07-30
11802,723,5688,credit,salary,2024-01-28
11803,25,23871,debit,salary,2024-11-21
11804,806,25924,debit,salary,2024-10-28
11805,853,48128,credit,food,2024-05-16
11806,664,9416,debit,shopping,2024-10-27
11807,536,42717,debit,atm,2024-06-09
11808,764,42813,credit,food,2024-01-04
11809,60,45662,debit,atm,2024-02-21
11810,467,28334,debit,atm,2024-06-14
11811,434,19886,debit,salary,2024-11-16
11812,879,37200,credit,transfer,2024-10-28
11813,66,15429,credit,atm,2024-06-08
11814,910,15798,debit,atm,2024-12-27
11815,565,25427,debit,salary,2024-06-25
11816,928,47709,debit,transfer,2024-01-19
11817,106,16648,debit,salary,2024-03-21
11818,96,39857,debit,atm,2024-06-28
11819,988,18440,debit,food,2024-07-08
11820,688,3960,debit,atm,2024-02-10
11821,551,19259,credit,food,2024-11-27
11822,168,27965,debit,shopping,2024-05-27
11823,42,34636,debit,transfer,2024-01-22
11824,879,31855,debit,shopping,2024-08-24
11825,104,13843,debit,salary,2024-06-07
11826,845,6326,debit,atm,2024-04-07
11827,204,12818,debit,shopping,2024-03-27
11828,520,44756,debit,transfer,2024-04-17
11829,975,39489,debit,food,2024-11-07
11830,282,25630,debit,food,2024-10-01
11831,908,33008,debit,salary,2024-04-22
11832,43,49971,debit,salary,2024-11-17
11833,947,1750,debit,atm,2024-11-17
11834,110,40753,debit,shopping,2024-10-20
11835,987,47132,debit,atm,2024-02-08
11836,210,33883,credit,food,2024-08-16
11837,749,47558,debit,food,2024-01-28
11838,868,41402,debit,shopping,2024-01-11
11839,831,6392,debit,atm,2024-08-21
11840,49,22837,credit,salary,2024-04-02
11841,115,25651,debit,shopping,2024-01-21
11842,155,43643,debit,salary,2024-06-05
11843,649,19604,debit,shopping,2024-04-02
11844,503,16471,debit,salary,2024-02-11
11845,679,20910,debit,transfer,2024-05-19
11846,833,29136,credit,food,2024-01-02
11847,711,49262,credit,shopping,2024-02-09
11848,986,15647,debit,transfer,2024-04-11
11849,71,27303,debit,shopping,2024-11-14
11850,519,9405,credit,food,2024-06-09
11851,712,8913,debit,food,2024-12-30
11852,336,1000,credit,salary,2024-09-22
11853,67,3847,debit,food,2024-01-16
11854,493,45124,debit,food,2024-09-20
11855,650,23345,debit,food,2024-02-16
11856,754,3203,credit,atm,2024-06-22
11857,967,41386,credit,atm,2024-09-16
11858,213,173,credit,food,2024-04-01
11859,181,49502,credit,atm,2024-01-17
11860,766,2597,debit,shopping,2024-12-03
11861,613,29677,debit,transfer,2024-09-01
11862,863,21112,debit,transfer,2024-01-05
11863,599,8587,debit,atm,2024-03-12
11864,697,49549,credit,transfer,2024-05-05
11865,603,30123,credit,atm,2024-06-29
11866,248,24977,credit,salary,2024-01-05
11867,214,45667,debit,food,2024-02-04
11868,359,6617,debit,transfer,2024-01-23
11869,249,44684,debit,food,2024-05-29
11870,638,46273,debit,transfer,2024-04-26
11871,923,41112,debit,shopping,2024-11-17
11872,950,5715,debit,shopping,2024-06-12
11873,881,10568,credit,atm,2024-03-07
11874,516,10979,debit,food,2024-01-28
11875,88,32055,credit,atm,2024-08-23
11876,663,13178,debit,salary,2024-05-20
11877,176,4690,credit,atm,2024-07-19
11878,723,11010,debit,atm,2024-03-09
11879,426,44995,debit,atm,2024-08-19
11880,771,32076,credit,transfer,2024-10-12
11881,603,21674,debit,transfer,2024-02-29
11882,771,40752,debit,salary,2024-12-08
11883,924,22816,credit,food,2024-04-06
11884,703,33530,debit,shopping,2024-11-28
11885,81,8299,debit,food,2024-02-11
11886,927,33536,debit,shopping,2024-04-14
11887,138,27840,debit,transfer,2024-10-30
11888,433,9577,debit,atm,2024-12-26
11889,470,260,debit,salary,2024-07-22
11890,350,43458,credit,salary,2024-05-29
11891,126,44305,debit,salary,2024-09-04
11892,881,6560,credit,food,2024-11-24
11893,917,16501,debit,transfer,2024-04-04
11894,868,35401,credit,transfer,2024-02-19
11895,309,22994,credit,atm,2024-07-09
11896,855,37314,credit,food,2024-06-24
11897,230,46027,debit,atm,2024-11-17
11898,460,38422,debit,shopping,2024-02-05
11899,345,48136,debit,transfer,2024-10-11
11900,310,43377,debit,salary,2024-04-07
11901,953,3018,debit,atm,2024-06-23
11902,20,46247,credit,shopping,2024-04-30
11903,881,25729,credit,salary,2024-02-19
11904,561,16799,debit,salary,2024-01-09
11905,647,47000,debit,atm,2024-03-16
11906,541,7169,credit,atm,2024-03-25
11907,560,41379,debit,atm,2024-01-05
11908,477,39290,debit,transfer,2024-01-07
11909,269,4627,credit,food,2024-02-06
11910,3,19199,debit,atm,2024-09-02
11911,770,15722,credit,transfer,2024-01-03
11912,16,26381,credit,food,2024-05-22
11913,606,39533,debit,shopping,2024-03-23
11914,358,39975,debit,food,2024-09-15
11915,646,15631,credit,transfer,2024-12-05
11916,813,5232,debit,transfer,2024-11-30
11917,839,29496,debit,food,2024-04-11
11918,133,43339,debit,food,2024-07-21
11919,312,41530,debit,transfer,2024-01-04
11920,967,27907,credit,transfer,2024-06-11
11921,482,39650,debit,shopping,2024-11-19
11922,895,27296,debit,transfer,2024-02-05
11923,544,16093,credit,transfer,2024-03-18
11924,305,26058,debit,salary,2024-06-20
11925,269,47458,debit,salary,2024-03-04
11926,414,39613,credit,salary,2024-07-13
11927,25,38502,debit,atm,2024-01-20
11928,981,45435,credit,atm,2024-11-23
11929,316,39128,debit,transfer,2024-09-10
11930,571,15045,debit,salary,2024-07-03
11931,725,17669,debit,shopping,2024-09-12
11932,668,23479,credit,shopping,2024-02-24
11933,826,38977,debit,shopping,2024-09-26
11934,276,22925,debit,transfer,2024-05-08
11935,930,1015,debit,salary,2024-02-26
11936,389,23948,debit,transfer,2024-12-05
11937,722,13769,debit,transfer,2024-01-14
11938,444,9975,debit,shopping,2024-02-20
11939,999,14953,credit,salary,2024-12-13
11940,427,2525,credit,atm,2024-12-24
11941,57,32540,debit,food,2024-02-27
11942,697,33293,debit,transfer,2024-04-28
11943,971,34655,debit,salary,2024-09-21
11944,566,35452,credit,food,2024-12-08
11945,721,37516,debit,food,2024-02-17
11946,368,16652,debit,atm,2024-04-13
11947,941,33382,debit,atm,2024-07-18
11948,342,36303,credit,transfer,2024-06-10
11949,805,37393,debit,transfer,2024-01-02
11950,852,19100,credit,salary,2024-01-24
11951,304,30902,debit,atm,2024-03-14
11952,764,10669,debit,atm,2024-10-31
11953,374,25366,debit,salary,2024-10-22
11954,950,3304,credit,atm,2024-09-07
11955,816,7865,debit,shopping,2024-01-08
11956,112,10796,debit,food,2024-11-20
11957,878,25028,debit,shopping,2024-03-07
11958,6,49010,debit,food,2024-08-12
11959,930,14779,debit,salary,2024-02-21
11960,703,33985,debit,salary,2024-10-21
11961,846,34273,debit,food,2024-03-11
11962,944,44999,debit,food,2024-03-25
11963,279,47965,debit,food,2024-08-17
11964,382,38282,debit,food,2024-01-13
11965,852,39209,debit,transfer,2024-03-29
11966,13,4274,debit,atm,2024-05-09
11967,303,17161,debit,atm,2024-09-27
11968,556,41610,credit,salary,2024-09-30
11969,617,25495,debit,transfer,2024-03-09
11970,160,313,debit,food,2024-12-11
11971,154,34534,credit,transfer,2024-10-12
11972,754,13376,debit,food,2024-03-18
11973,181,9185,credit,atm,2024-05-12
11974,526,45136,debit,food,2024-07-10
11975,180,28581,debit,atm,2024-12-28
11976,377,31376,debit,food,2024-09-20
11977,804,24697,credit,salary,2024-09-18
11978,776,22344,debit,atm,2024-03-30
11979,168,30701,credit,salary,2024-07-14
11980,214,34129,debit,transfer,2024-11-09
11981,150,21364,credit,food,2024-06-28
11982,16,13990,debit,transfer,2024-08-14
11983,91,46412,debit,food,2024-10-09
11984,120,42952,credit,atm,2024-12-12
11985,956,48007,credit,food,2024-06-20
11986,253,21158,debit,shopping,2024-04-16
11987,60,16221,debit,shopping,2024-03-09
11988,266,38064,debit,shopping,2024-12-25
11989,409,37452,debit,salary,2024-05-18
11990,31,5121,credit,shopping,2024-09-10
11991,21,22714,debit,food,2024-02-12
11992,731,43050,debit,transfer,2024-05-05
11993,593,45377,credit,salary,2024-10-17
11994,289,43520,debit,atm,2024-08-17
11995,543,2731,debit,salary,2024-11-05
11996,498,6445,debit,transfer,2024-11-01
11997,746,40964,credit,shopping,2024-07-07
11998,474,47774,debit,transfer,2024-08-16
11999,405,26944,debit,salary,2024-04-24
12000,548,6400,credit,salary,2024-12-22
12001,961,38712,debit,salary,2024-06-02
12002,132,18660,debit,transfer,2024-12-18
12003,324,5462,debit,food,2024-06-09
12004,858,8197,credit,food,2024-05-30
12005,132,5699,credit,shopping,2024-07-17
12006,521,25552,debit,atm,2024-09-28
12007,30,47473,debit,transfer,2024-08-22
12008,627,4358,debit,food,2024-01-28
12009,301,25630,debit,shopping,2024-05-19
12010,4,6740,credit,atm,2024-02-11
12011,325,37156,debit,shopping,2024-01-09
12012,509,17361,debit,shopping,2024-02-27
12013,237,37927,debit,atm,2024-12-30
12014,535,15241,debit,salary,2024-11-27
12015,16,26852,debit,food,2024-07-19
12016,534,23648,credit,food,2024-05-26
12017,997,35468,debit,atm,2024-06-12
12018,584,16002,debit,food,2024-11-28
12019,816,27783,debit,transfer,2024-03-06
12020,446,18892,debit,transfer,2024-12-25
12021,993,37728,credit,transfer,2024-02-26
12022,503,43033,debit,atm,2024-11-08
12023,956,2434,debit,shopping,2024-04-17
12024,230,867,debit,shopping,2024-10-07
12025,107,31744,credit,salary,2024-05-20
12026,720,27092,credit,salary,2024-07-05
12027,389,29670,debit,transfer,2024-09-25
12028,720,11837,credit,transfer,2024-06-03
12029,263,13472,debit,atm,2024-08-16
12030,563,26985,debit,transfer,2024-03-23
12031,65,20690,credit,transfer,2024-12-07
12032,265,39953,debit,transfer,2024-06-28
12033,338,844,credit,food,2024-05-24
12034,301,27258,debit,shopping,2024-06-27
12035,378,20658,debit,food,2024-01-02
12036,175,32359,debit,transfer,2024-05-19
12037,963,21550,credit,transfer,2024-08-12
12038,152,37029,debit,food,2024-06-04
12039,476,46689,debit,food,2024-08-07
12040,266,9686,credit,atm,2024-08-10
12041,329,386,debit,atm,2024-06-07
12042,973,3347,debit,transfer,2024-12-29
12043,816,32074,debit,food,2024-09-13
12044,163,43662,debit,atm,2024-02-04
12045,438,5199,credit,salary,2024-12-18
12046,343,16487,credit,food,2024-01-01
12047,367,48929,debit,shopping,2024-01-09
12048,465,22419,credit,salary,2024-02-13
12049,750,511,debit,salary,2024-02-22
12050,199,20829,debit,food,2024-08-16
12051,500,20211,debit,transfer,2024-06-23
12052,16,46666,credit,shopping,2024-07-25
12053,821,15804,debit,atm,2024-04-22
12054,296,10209,debit,atm,2024-08-08
12055,868,1456,credit,transfer,2024-03-25
12056,511,31272,debit,shopping,2024-02-15
12057,788,8449,credit,shopping,2024-09-30
12058,984,18084,credit,salary,2024-09-07
12059,239,27560,debit,salary,2024-08-06
12060,581,38574,credit,shopping,2024-07-05
12061,301,44549,credit,food,2024-05-03
12062,6,7296,debit,food,2024-11-30
12063,220,21557,credit,food,2024-11-03
12064,766,13649,debit,shopping,2024-04-20
12065,453,49404,debit,atm,2024-09-21
12066,433,9921,debit,food,2024-10-10
12067,807,35664,credit,atm,2024-03-06
12068,870,11173,debit,food,2024-07-31
12069,386,7382,debit,shopping,2024-11-26
12070,619,39819,credit,food,2024-12-17
12071,295,19289,debit,atm,2024-10-04
12072,118,36948,debit,transfer,2024-02-04
12073,405,44530,debit,atm,2024-04-15
12074,680,9347,debit,transfer,2024-07-26
12075,997,10871,debit,atm,2024-06-07
12076,763,43825,debit,food,2024-07-09
12077,594,22334,debit,food,2024-11-10
12078,566,23846,debit,atm,2024-05-17
12079,752,34196,debit,food,2024-12-25
12080,878,12336,debit,food,2024-02-05
12081,12,36021,debit,shopping,2024-07-31
12082,209,24676,credit,salary,2024-11-23
12083,165,266,debit,salary,2024-02-16
12084,878,14752,debit,atm,2024-08-23
12085,294,19738,debit,salary,2024-02-16
12086,911,21544,debit,transfer,2024-04-06
12087,519,15333,credit,atm,2024-08-19
12088,78,1985,debit,atm,2024-01-22
12089,434,30464,debit,transfer,2024-10-29
12090,577,14808,debit,salary,2024-05-03
12091,614,40397,debit,transfer,2024-08-22
12092,963,33767,debit,food,2024-06-30
12093,869,35116,debit,atm,2024-08-05
12094,812,44323,debit,shopping,2024-09-22
12095,799,3512,debit,transfer,2024-06-12
12096,683,11869,debit,atm,2024-10-10
12097,77,16047,debit,atm,2024-06-18
12098,48,43247,credit,transfer,2024-04-04
12099,767,6549,debit,shopping,2024-05-24
12100,82,42279,debit,atm,2024-10-30
12101,895,36000,debit,food,2024-11-03
12102,721,41023,credit,food,2024-04-05
12103,209,8236,credit,food,2024-07-06
12104,445,33227,debit,shopping,2024-02-20
12105,971,6550,debit,salary,2024-11-02
12106,596,43099,credit,food,2024-05-12
12107,522,24131,debit,transfer,2024-12-27
12108,29,31152,credit,salary,2024-04-28
12109,304,11446,debit,transfer,2024-03-04
12110,994,14952,debit,shopping,2024-09-23
12111,465,49982,credit,food,2024-08-12
12112,502,7167,credit,atm,2024-02-23
12113,446,31585,debit,food,2024-01-04
12114,628,9789,credit,shopping,2024-10-30
12115,490,17901,credit,food,2024-02-24
12116,781,40635,debit,food,2024-02-02
12117,428,24372,debit,food,2024-05-08
12118,559,3863,debit,shopping,2024-07-31
12119,359,39796,credit,food,2024-01-29
12120,960,30175,debit,atm,2024-07-13
12121,91,28792,debit,atm,2024-03-06
12122,53,26649,debit,salary,2024-04-04
12123,730,978,debit,salary,2024-05-06
12124,860,28948,debit,salary,2024-03-11
12125,589,30841,debit,salary,2024-08-30
12126,204,19368,credit,atm,2024-12-14
12127,556,10887,debit,salary,2024-03-01
12128,156,41720,debit,transfer,2024-08-30
12129,2,31771,debit,shopping,2024-07-21
12130,357,11436,debit,shopping,2024-03-29
12131,825,27838,debit,atm,2024-07-29
12132,569,13587,debit,shopping,2024-11-26
12133,802,40239,debit,shopping,2024-02-14
12134,983,34137,debit,food,2024-10-17
12135,58,12998,debit,salary,2024-10-15
12136,254,17778,debit,salary,2024-03-09
12137,180,43151,credit,food,2024-07-13
12138,493,18241,debit,atm,2024-08-10
12139,669,10256,credit,transfer,2024-05-19
12140,35,24260,credit,atm,2024-11-19
12141,75,12935,debit,transfer,2024-06-08
12142,944,9483,credit,transfer,2024-04-23
12143,289,39446,debit,food,2024-08-29
12144,371,24664,debit,atm,2024-01-24
12145,587,42113,credit,salary,2024-11-02
12146,329,19325,debit,atm,2024-08-15
12147,590,38584,debit,atm,2024-07-12
12148,767,20046,credit,transfer,2024-01-12
12149,777,28380,debit,transfer,2024-04-14
12150,999,42882,debit,salary,2024-04-30
12151,304,26395,debit,salary,2024-08-04
12152,579,32800,debit,transfer,2024-05-07
12153,221,47988,debit,atm,2024-06-20
12154,979,35636,credit,transfer,2024-10-27
12155,164,32709,credit,shopping,2024-07-03
12156,480,48609,debit,shopping,2024-02-14
12157,455,9851,debit,transfer,2024-05-01
12158,375,9028,credit,salary,2024-09-30
12159,220,6242,debit,transfer,2024-02-20
12160,684,46055,debit,atm,2024-04-06
12161,254,16357,debit,shopping,2024-12-14
12162,722,22750,debit,food,2024-10-11
12163,188,38281,debit,salary,2024-12-07
12164,191,23312,debit,food,2024-03-16
12165,389,2290,debit,salary,2024-07-09
12166,215,1102,debit,food,2024-06-10
12167,375,44045,debit,food,2024-03-08
12168,86,42982,debit,transfer,2024-09-17
12169,474,23138,debit,salary,2024-11-25
12170,618,8194,debit,shopping,2024-04-30
12171,844,22551,credit,food,2024-06-01
12172,808,3852,debit,transfer,2024-07-08
12173,531,20621,debit,atm,2024-07-20
12174,47,27868,debit,salary,2024-03-19
12175,65,28510,debit,salary,2024-06-16
12176,963,37306,debit,shopping,2024-10-13
12177,475,4527,debit,food,2024-04-26
12178,146,5656,credit,transfer,2024-07-27
12179,946,41400,debit,food,2024-07-22
12180,798,18872,credit,transfer,2024-09-17
12181,382,28163,debit,shopping,2024-08-17
12182,66,39860,credit,food,2024-08-18
12183,517,22809,debit,atm,2024-04-24
12184,93,15419,credit,shopping,2024-03-13
12185,865,5483,debit,shopping,2024-11-02
12186,426,1333,debit,salary,2024-12-02
12187,468,27246,credit,transfer,2024-06-05
12188,94,24813,debit,food,2024-06-27
12189,618,48445,credit,transfer,2024-11-06
12190,133,43858,debit,shopping,2024-03-21
12191,434,14889,debit,food,2024-11-29
12192,341,3030,debit,atm,2024-09-03
12193,314,12212,debit,transfer,2024-04-20
12194,591,12474,debit,transfer,2024-12-12
12195,212,31112,debit,atm,2024-04-24
12196,520,18623,debit,shopping,2024-02-08
12197,159,24883,debit,transfer,2024-08-27
12198,268,15663,credit,salary,2024-07-30
12199,661,43293,debit,salary,2024-09-21
12200,862,10142,debit,food,2024-06-29
12201,958,43263,debit,atm,2024-06-27
12202,603,22920,credit,shopping,2024-08-28
12203,748,31352,debit,salary,2024-12-04
12204,474,2308,debit,food,2024-02-21
12205,801,40421,debit,food,2024-05-19
12206,410,13896,credit,transfer,2024-11-17
12207,474,38490,debit,shopping,2024-12-21
12208,356,25526,debit,salary,2024-10-03
12209,680,22770,debit,atm,2024-06-16
12210,193,24420,debit,transfer,2024-08-22
12211,699,20174,debit,salary,2024-01-11
12212,271,28031,debit,food,2024-03-01
12213,114,19093,debit,atm,2024-10-10
12214,897,33091,debit,food,2024-09-17
12215,523,15103,credit,transfer,2024-01-15
12216,55,47596,debit,atm,2024-12-02
12217,770,14843,debit,atm,2024-10-23
12218,65,14107,debit,transfer,2024-03-18
12219,991,24400,credit,food,2024-12-26
12220,684,45452,debit,atm,2024-12-02
12221,272,41382,credit,shopping,2024-06-20
12222,502,16275,debit,shopping,2024-05-14
12223,662,6073,debit,food,2024-09-07
12224,362,9803,debit,atm,2024-12-17
12225,146,32413,credit,food,2024-02-13
12226,943,18570,credit,shopping,2024-09-18
12227,209,29276,credit,atm,2024-07-12
12228,286,23380,credit,atm,2024-01-04
12229,10,23967,debit,food,2024-03-04
12230,739,40531,debit,atm,2024-09-17
12231,186,21945,debit,food,2024-06-13
12232,574,16341,credit,salary,2024-04-12
12233,597,35155,debit,salary,2024-06-02
12234,464,8978,debit,shopping,2024-06-06
12235,134,10309,debit,shopping,2024-09-19
12236,835,28599,credit,transfer,2024-04-20
12237,809,37703,credit,salary,2024-03-27
12238,171,35402,debit,salary,2024-05-27
12239,213,11104,credit,transfer,2024-09-27
12240,973,30687,debit,food,2024-06-04
12241,530,33490,debit,salary,2024-11-18
12242,826,28500,credit,salary,2024-05-10
12243,502,11075,debit,shopping,2024-07-03
12244,572,12685,debit,transfer,2024-02-24
12245,600,6976,debit,transfer,2024-07-10
12246,27,48204,debit,shopping,2024-02-26
12247,68,13699,debit,salary,2024-02-05
12248,790,25339,debit,atm,2024-09-21
12249,408,44006,credit,transfer,2024-06-11
12250,552,20478,credit,salary,2024-03-28
12251,109,26668,debit,food,2024-05-18
12252,74,31610,debit,transfer,2024-01-01
12253,578,35562,credit,shopping,2024-09-21
12254,680,20788,debit,transfer,2024-05-04
12255,262,21896,debit,shopping,2024-04-29
12256,368,41578,debit,food,2024-11-28
12257,786,30896,credit,salary,2024-01-29
12258,849,20917,debit,shopping,2024-10-28
12259,870,10161,credit,shopping,2024-10-14
12260,237,24501,debit,food,2024-06-07
12261,727,3910,debit,atm,2024-08-05
12262,366,33780,debit,transfer,2024-12-25
12263,286,23926,debit,atm,2024-07-25
12264,378,5002,debit,transfer,2024-12-27
12265,661,19712,debit,food,2024-08-30
12266,830,49823,debit,food,2024-09-18
12267,906,10763,credit,atm,2024-06-05
12268,376,14067,debit,food,2024-06-07
12269,619,47876,debit,salary,2024-07-20
12270,653,40636,debit,atm,2024-09-11
12271,76,5235,debit,shopping,2024-04-29
12272,9,14172,credit,shopping,2024-12-25
12273,196,41157,debit,food,2024-09-11
12274,807,20517,debit,food,2024-05-11
12275,792,6543,credit,transfer,2024-12-14
12276,893,37710,debit,atm,2024-05-07
12277,630,22025,debit,atm,2024-05-15
12278,290,30102,credit,salary,2024-12-25
12279,999,36895,debit,shopping,2024-11-16
12280,61,31093,debit,shopping,2024-12-28
12281,937,360,debit,salary,2024-02-06
12282,389,9227,debit,transfer,2024-03-27
12283,847,49583,credit,salary,2024-07-25
12284,818,37078,credit,transfer,2024-08-08
12285,900,24943,credit,transfer,2024-06-19
12286,563,32940,debit,transfer,2024-05-18
12287,564,37979,credit,food,2024-03-19
12288,634,3021,debit,food,2024-07-07
12289,679,43513,debit,transfer,2024-04-17
12290,8,3988,credit,salary,2024-04-19
12291,369,277,debit,salary,2024-10-20
12292,45,7526,debit,salary,2024-06-24
12293,344,4595,debit,food,2024-05-07
12294,757,33137,credit,transfer,2024-12-30
12295,796,10147,debit,shopping,2024-01-24
12296,375,18139,debit,salary,2024-08-01
12297,619,35401,credit,food,2024-12-03
12298,27,48807,debit,atm,2024-03-13
12299,193,45214,debit,transfer,2024-08-08
12300,930,21466,credit,salary,2024-12-17
12301,849,20845,debit,food,2024-05-19
12302,357,43182,debit,atm,2024-04-14
12303,62,11453,debit,transfer,2024-05-24
12304,62,25180,debit,shopping,2024-08-04
12305,422,18888,credit,transfer,2024-09-26
12306,794,35069,debit,transfer,2024-06-01
12307,633,5759,credit,salary,2024-09-25
12308,792,34021,debit,transfer,2024-10-19
12309,551,4261,debit,atm,2024-09-22
12310,380,15603,debit,atm,2024-03-13
12311,277,27103,debit,transfer,2024-05-03
12312,606,25082,debit,transfer,2024-04-09
12313,431,3578,debit,atm,2024-09-17
12314,115,28720,credit,atm,2024-01-13
12315,688,49528,debit,salary,2024-01-20
12316,121,35229,debit,shopping,2024-01-28
12317,525,27272,debit,atm,2024-04-24
12318,997,10260,debit,shopping,2024-07-25
12319,899,35314,debit,shopping,2024-10-03
12320,416,12031,debit,atm,2024-07-10
12321,163,31270,debit,salary,2024-01-17
12322,787,31290,credit,transfer,2024-07-16
12323,910,7701,debit,food,2024-04-19
12324,688,37919,debit,transfer,2024-01-25
12325,982,3617,debit,food,2024-03-14
12326,337,4902,debit,atm,2024-01-19
12327,379,45258,credit,transfer,2024-09-23
12328,324,18859,debit,transfer,2024-02-01
12329,173,7950,credit,food,2024-09-22
12330,1000,6844,debit,salary,2024-08-26
12331,787,22873,debit,atm,2024-08-13
12332,64,48285,credit,atm,2024-04-24
12333,101,6348,credit,atm,2024-02-13
12334,322,48296,debit,transfer,2024-04-02
12335,975,7236,credit,shopping,2024-04-02
12336,66,42385,debit,food,2024-08-01
12337,843,11900,debit,transfer,2024-11-29
12338,557,13517,debit,salary,2024-09-14
12339,599,25405,credit,salary,2024-09-24
12340,458,36835,debit,transfer,2024-03-26
12341,579,45229,credit,food,2024-03-05
12342,453,37819,debit,atm,2024-08-29
12343,259,4102,debit,atm,2024-03-16
12344,934,2432,debit,shopping,2024-11-27
12345,717,26249,debit,transfer,2024-03-08
12346,426,44328,debit,shopping,2024-09-29
12347,979,4475,debit,salary,2024-06-29
12348,936,29558,credit,atm,2024-08-27
12349,178,33553,credit,atm,2024-05-01
12350,931,20372,debit,shopping,2024-02-21
12351,280,17452,debit,transfer,2024-01-17
12352,344,2133,debit,shopping,2024-08-22
12353,17,39943,debit,salary,2024-11-13
12354,296,21745,debit,transfer,2024-11-21
12355,202,25443,debit,salary,2024-11-03
12356,962,47515,credit,transfer,2024-09-18
12357,684,745,debit,shopping,2024-04-05
12358,919,31875,credit,food,2024-08-07
12359,774,4221,credit,shopping,2024-12-22
12360,194,8212,debit,transfer,2024-11-15
12361,149,9371,credit,salary,2024-12-14
12362,375,39304,debit,shopping,2024-02-28
12363,888,25312,credit,transfer,2024-04-16
12364,35,45385,debit,salary,2024-01-22
12365,369,10392,debit,salary,2024-11-20
12366,29,23581,debit,salary,2024-02-15
12367,775,41160,debit,transfer,2024-02-21
12368,221,38454,debit,salary,2024-09-01
12369,53,28593,debit,salary,2024-06-21
12370,933,29575,debit,shopping,2024-04-08
12371,791,968,debit,salary,2024-06-29
12372,353,47470,debit,food,2024-02-05
12373,392,38782,debit,transfer,2024-01-18
12374,76,8313,debit,salary,2024-01-12
12375,494,22839,debit,salary,2024-11-08
12376,688,2003,credit,atm,2024-04-23
12377,522,35444,debit,shopping,2024-08-04
12378,975,47591,debit,salary,2024-02-10
12379,117,36977,debit,shopping,2024-09-06
12380,280,21098,credit,shopping,2024-04-26
12381,730,18419,credit,food,2024-01-20
12382,175,33483,debit,transfer,2024-05-03
12383,746,21541,debit,food,2024-04-21
12384,949,10742,debit,transfer,2024-07-21
12385,764,11876,debit,atm,2024-05-01
12386,295,24962,debit,food,2024-05-27
12387,451,31203,credit,shopping,2024-04-06
12388,834,11610,debit,salary,2024-05-17
12389,518,34791,debit,atm,2024-03-02
12390,21,13502,credit,transfer,2024-03-04
12391,73,6555,debit,food,2024-08-04
12392,842,40472,credit,atm,2024-07-20
12393,36,41020,credit,food,2024-01-24
12394,507,2873,debit,shopping,2024-10-23
12395,899,43150,debit,food,2024-07-25
12396,233,27477,credit,transfer,2024-12-09
12397,728,9876,credit,transfer,2024-11-30
12398,982,32159,debit,salary,2024-08-28
12399,497,29505,debit,salary,2024-05-17
12400,206,243,credit,transfer,2024-09-17
12401,426,25798,credit,transfer,2024-06-13
12402,941,17183,debit,transfer,2024-10-13
12403,44,45269,debit,atm,2024-05-30
12404,91,22802,debit,food,2024-09-11
12405,929,33138,debit,atm,2024-01-11
12406,828,41122,debit,shopping,2024-03-14
12407,470,1107,debit,salary,2024-05-29
12408,605,27519,debit,food,2024-08-20
12409,467,46583,debit,salary,2024-10-19
12410,851,43332,debit,shopping,2024-01-27
12411,454,10274,debit,transfer,2024-01-01
12412,595,30980,debit,salary,2024-05-12
12413,333,7303,credit,transfer,2024-01-11
12414,507,36592,debit,salary,2024-08-12
12415,794,29089,debit,shopping,2024-12-01
12416,470,27431,credit,salary,2024-01-28
12417,21,44794,debit,shopping,2024-10-11
12418,228,23083,debit,food,2024-05-23
12419,376,29835,debit,atm,2024-11-14
12420,130,40785,debit,shopping,2024-01-04
12421,687,20993,debit,salary,2024-02-20
12422,620,15839,debit,food,2024-04-09
12423,414,30017,debit,shopping,2024-07-07
12424,795,20804,debit,salary,2024-03-22
12425,71,30252,debit,shopping,2024-07-29
12426,404,47483,debit,shopping,2024-12-21
12427,562,38340,debit,transfer,2024-11-24
12428,607,7306,credit,salary,2024-10-08
12429,791,23356,debit,atm,2024-05-09
12430,397,24407,credit,shopping,2024-08-07
12431,337,4816,credit,food,2024-02-14
12432,644,35488,debit,salary,2024-11-11
12433,505,19020,credit,atm,2024-01-19
12434,910,37971,credit,salary,2024-07-29
12435,276,43028,credit,atm,2024-04-14
12436,892,23564,debit,atm,2024-10-19
12437,13,38185,credit,shopping,2024-05-22
12438,3,13687,debit,transfer,2024-05-02
12439,986,1295,credit,salary,2024-07-16
12440,986,25183,debit,food,2024-12-27
12441,978,49656,credit,food,2024-09-04
12442,224,22538,debit,transfer,2024-11-16
12443,974,20109,credit,food,2024-09-25
12444,175,40736,credit,salary,2024-02-25
12445,899,35687,debit,food,2024-04-19
12446,385,21243,debit,salary,2024-07-03
12447,602,13796,debit,atm,2024-01-03
12448,920,7664,credit,shopping,2024-10-27
12449,241,3737,credit,transfer,2024-09-05
12450,547,34741,debit,transfer,2024-11-23
12451,14,17890,credit,food,2024-08-02
12452,195,28259,debit,salary,2024-06-04
12453,397,5614,debit,shopping,2024-10-15
12454,431,34445,debit,food,2024-12-19
12455,306,21863,debit,shopping,2024-04-07
12456,334,12668,debit,salary,2024-10-07
12457,725,28103,credit,food,2024-11-13
12458,410,5411,debit,food,2024-12-26
12459,3,41696,credit,shopping,2024-11-16
12460,691,38415,debit,food,2024-08-22
12461,552,17291,credit,shopping,2024-03-11
12462,452,21008,credit,salary,2024-04-26
12463,676,1515,debit,shopping,2024-06-04
12464,819,40376,debit,salary,2024-12-02
12465,747,47750,credit,salary,2024-12-23
12466,769,18933,debit,atm,2024-04-21
12467,872,15506,debit,shopping,2024-01-30
12468,495,29436,debit,transfer,2024-05-08
12469,417,29521,credit,atm,2024-04-09
12470,391,36364,credit,atm,2024-04-06
12471,373,11880,credit,shopping,2024-11-22
12472,628,39971,credit,atm,2024-04-21
12473,52,12321,debit,atm,2024-08-24
12474,376,21216,credit,food,2024-02-28
12475,395,39890,debit,salary,2024-09-30
12476,923,40363,debit,transfer,2024-09-19
12477,142,14522,debit,shopping,2024-07-07
12478,86,41574,debit,food,2024-07-14
12479,464,21583,credit,transfer,2024-04-30
12480,46,40200,debit,transfer,2024-05-24
12481,844,5516,debit,food,2024-03-23
12482,238,15351,debit,shopping,2024-07-15
12483,10,27174,debit,salary,2024-12-24
12484,664,46640,debit,food,2024-07-01
12485,573,12264,credit,atm,2024-08-17
12486,530,2568,debit,transfer,2024-01-13
12487,598,43755,credit,atm,2024-04-10
12488,649,2127,debit,shopping,2024-08-04
12489,913,23655,debit,salary,2024-10-22
12490,742,12044,debit,salary,2024-05-22
12491,640,415,debit,salary,2024-01-28
12492,616,14233,debit,atm,2024-07-10
12493,698,36857,debit,shopping,2024-09-03
12494,909,33398,debit,atm,2024-07-21
12495,178,24368,debit,transfer,2024-08-08
12496,869,43462,debit,salary,2024-05-02
12497,6,4857,debit,shopping,2024-05-12
12498,853,40740,credit,atm,2024-11-13
12499,307,48366,debit,atm,2024-08-22
12500,548,30067,debit,atm,2024-06-18
12501,327,25895,credit,atm,2024-11-17
12502,356,28898,credit,atm,2024-01-20
12503,793,42826,debit,transfer,2024-03-26
12504,395,33935,debit,salary,2024-04-30
12505,300,31561,debit,atm,2024-10-02
12506,526,33595,debit,transfer,2024-10-14
12507,749,16727,debit,shopping,2024-06-30
12508,285,26461,debit,shopping,2024-02-05
12509,330,811,debit,transfer,2024-04-21
12510,50,11185,debit,transfer,2024-03-07
12511,773,27826,debit,transfer,2024-07-18
12512,968,8024,debit,shopping,2024-01-30
12513,622,15649,debit,atm,2024-07-14
12514,709,8562,debit,salary,2024-05-14
12515,378,42857,debit,atm,2024-05-01
12516,764,2660,debit,food,2024-05-31
12517,600,21623,credit,transfer,2024-09-21
12518,1000,20044,credit,atm,2024-10-16
12519,825,2277,debit,salary,2024-07-19
12520,538,20198,debit,atm,2024-02-24
12521,774,35946,debit,food,2024-12-24
12522,144,27575,debit,food,2024-04-25
12523,60,42836,credit,atm,2024-03-19
12524,868,32547,debit,salary,2024-01-12
12525,780,21516,credit,atm,2024-02-27
12526,75,14220,debit,transfer,2024-03-08
12527,3,3048,debit,salary,2024-09-29
12528,575,2620,debit,shopping,2024-07-19
12529,748,7369,debit,salary,2024-08-10
12530,448,27061,credit,atm,2024-09-01
12531,958,13436,credit,atm,2024-08-17
12532,741,45298,debit,shopping,2024-01-18
12533,902,14120,debit,food,2024-07-27
12534,275,27380,debit,atm,2024-06-11
12535,530,43578,debit,food,2024-03-29
12536,592,16846,debit,food,2024-06-30
12537,215,2356,debit,transfer,2024-05-31
12538,683,40220,credit,food,2024-01-15
12539,485,27812,credit,salary,2024-12-06
12540,329,12936,debit,food,2024-09-08
12541,255,25811,debit,transfer,2024-03-16
12542,387,4458,credit,atm,2024-01-14
12543,126,11439,credit,atm,2024-06-23
12544,767,32139,debit,shopping,2024-04-01
12545,584,21345,credit,food,2024-08-04
12546,550,47351,credit,salary,2024-04-01
12547,324,17359,debit,shopping,2024-10-13
12548,204,7229,credit,shopping,2024-04-09
12549,172,48889,debit,transfer,2024-02-27
12550,735,42212,credit,atm,2024-06-16
12551,217,40673,debit,food,2024-06-30
12552,245,41688,debit,food,2024-07-06
12553,336,11311,debit,atm,2024-12-14
12554,703,30297,debit,transfer,2024-06-02
12555,298,15728,credit,transfer,2024-10-09
12556,832,26400,debit,transfer,2024-10-12
12557,182,45808,debit,salary,2024-11-04
12558,334,47192,credit,food,2024-10-19
12559,511,17612,debit,transfer,2024-09-15
12560,383,21045,credit,transfer,2024-08-31
12561,717,41823,credit,atm,2024-03-14
12562,873,33887,debit,shopping,2024-12-17
12563,199,21508,debit,shopping,2024-03-09
12564,332,48508,debit,shopping,2024-05-16
12565,165,20411,debit,food,2024-06-02
12566,242,35709,debit,salary,2024-11-20
12567,900,11239,debit,food,2024-12-01
12568,642,38345,debit,atm,2024-08-09
12569,227,41734,debit,transfer,2024-05-18
12570,634,17710,credit,food,2024-04-30
12571,556,29052,debit,shopping,2024-09-16
12572,451,13668,debit,salary,2024-05-24
12573,196,24999,credit,atm,2024-06-07
12574,870,43898,debit,transfer,2024-01-06
12575,204,12102,credit,salary,2024-08-12
12576,979,7629,debit,food,2024-04-25
12577,458,18169,debit,food,2024-02-08
12578,830,48578,credit,salary,2024-04-16
12579,257,3812,credit,salary,2024-04-27
12580,529,39926,debit,transfer,2024-02-11
12581,272,19428,debit,shopping,2024-11-01
12582,9,17811,credit,salary,2024-01-27
12583,761,6006,credit,transfer,2024-08-04
12584,949,29207,debit,salary,2024-04-15
12585,201,17913,debit,salary,2024-03-23
12586,59,9253,credit,shopping,2024-11-16
12587,887,46313,debit,transfer,2024-09-26
12588,393,31779,credit,food,2024-04-17
12589,652,29688,debit,transfer,2024-01-15
12590,119,48196,debit,transfer,2024-05-29
12591,553,23870,debit,transfer,2024-11-09
12592,399,18952,debit,shopping,2024-12-02
12593,834,47522,credit,shopping,2024-07-08
12594,331,19712,debit,atm,2024-06-17
12595,267,31007,credit,food,2024-10-14
12596,520,30271,credit,shopping,2024-06-09
12597,695,15548,debit,shopping,2024-10-23
12598,480,4066,debit,transfer,2024-03-23
12599,134,41976,debit,transfer,2024-04-11
12600,693,21501,debit,salary,2024-04-24
12601,916,21639,debit,salary,2024-08-29
12602,935,34118,debit,salary,2024-02-28
12603,355,4788,debit,shopping,2024-04-08
12604,584,20557,debit,salary,2024-03-15
12605,498,36655,credit,food,2024-08-28
12606,625,41999,debit,salary,2024-01-03
12607,107,31479,debit,atm,2024-03-06
12608,290,10570,credit,atm,2024-10-18
12609,825,38526,credit,transfer,2024-05-30
12610,629,9293,debit,shopping,2024-06-11
12611,632,35080,debit,atm,2024-09-03
12612,147,39735,credit,food,2024-09-06
12613,327,39831,debit,transfer,2024-10-11
12614,415,22177,credit,atm,2024-11-12
12615,210,44197,debit,salary,2024-07-08
12616,296,36859,debit,atm,2024-01-07
12617,398,9395,credit,atm,2024-01-19
12618,103,14835,debit,transfer,2024-11-21
12619,636,47111,debit,shopping,2024-03-29
12620,757,45285,debit,salary,2024-07-26
12621,508,3132,credit,salary,2024-11-13
12622,891,43873,credit,salary,2024-10-05
12623,868,36771,credit,salary,2024-11-04
12624,209,45119,debit,shopping,2024-12-18
12625,933,29997,debit,salary,2024-03-12
12626,428,25936,credit,shopping,2024-08-04
12627,393,36538,debit,transfer,2024-02-04
12628,826,21378,debit,food,2024-04-19
12629,916,22002,debit,shopping,2024-11-12
12630,109,36191,credit,salary,2024-06-15
12631,889,7220,debit,transfer,2024-03-08
12632,348,7959,debit,transfer,2024-08-24
12633,50,32967,credit,atm,2024-09-28
12634,916,30711,debit,atm,2024-09-23
12635,105,36524,debit,food,2024-03-28
12636,420,45577,credit,food,2024-07-24
12637,373,6886,debit,atm,2024-12-25
12638,27,33561,debit,atm,2024-03-03
12639,968,21285,debit,transfer,2024-10-13
12640,800,41077,debit,shopping,2024-10-06
12641,769,31290,debit,atm,2024-07-01
12642,273,3809,debit,salary,2024-06-22
12643,649,19254,debit,shopping,2024-05-13
12644,340,20959,debit,shopping,2024-11-30
12645,301,47711,credit,salary,2024-12-03
12646,480,4309,credit,salary,2024-12-17
12647,834,23479,credit,salary,2024-05-19
12648,544,14946,debit,transfer,2024-02-03
12649,557,18103,debit,atm,2024-03-06
12650,265,25526,credit,atm,2024-06-20
12651,542,42956,debit,transfer,2024-12-07
12652,596,25651,credit,shopping,2024-01-21
12653,166,19000,debit,transfer,2024-07-16
12654,316,12480,debit,atm,2024-01-06
12655,1,9807,debit,food,2024-09-24
12656,761,24479,debit,transfer,2024-05-11
12657,261,25168,debit,food,2024-01-07
12658,63,7006,debit,food,2024-03-16
12659,483,15995,debit,salary,2024-08-09
12660,676,19520,credit,salary,2024-11-24
12661,321,15312,debit,salary,2024-01-07
12662,846,14423,credit,food,2024-08-27
12663,201,33034,debit,atm,2024-02-16
12664,222,7448,debit,salary,2024-10-04
12665,152,675,credit,salary,2024-06-03
12666,644,40039,credit,shopping,2024-09-08
12667,626,15848,debit,food,2024-08-14
12668,462,3443,debit,food,2024-02-07
12669,217,42215,debit,salary,2024-03-28
12670,196,25491,debit,shopping,2024-09-26
12671,793,22507,credit,shopping,2024-06-16
12672,202,42595,debit,transfer,2024-12-21
12673,995,43793,debit,transfer,2024-07-23
12674,647,40847,debit,salary,2024-04-10
12675,234,9254,debit,food,2024-04-25
12676,141,21655,debit,shopping,2024-02-19
12677,708,26723,debit,shopping,2024-02-01
12678,498,38277,debit,shopping,2024-11-20
12679,555,37409,debit,food,2024-07-27
12680,57,20344,credit,transfer,2024-07-12
12681,932,28027,debit,salary,2024-03-27
12682,504,1167,credit,transfer,2024-09-17
12683,142,17365,debit,shopping,2024-05-01
12684,722,7009,debit,shopping,2024-10-22
12685,584,21516,credit,food,2024-06-14
12686,736,14336,debit,food,2024-09-10
12687,539,31465,credit,food,2024-07-08
12688,640,26225,credit,salary,2024-09-14
12689,106,11029,debit,atm,2024-10-22
12690,165,41160,credit,atm,2024-03-11
12691,215,31511,debit,salary,2024-08-19
12692,71,15419,debit,salary,2024-03-13
12693,716,35684,credit,salary,2024-08-25
12694,665,6511,debit,transfer,2024-09-07
12695,579,31702,credit,salary,2024-12-30
12696,90,48589,debit,transfer,2024-12-23
12697,772,49659,debit,food,2024-01-24
12698,874,7304,debit,shopping,2024-06-12
12699,228,18999,debit,atm,2024-11-04
12700,79,24617,debit,shopping,2024-07-28
12701,608,34607,debit,atm,2024-04-16
12702,349,4152,debit,food,2024-08-18
12703,842,49510,credit,atm,2024-11-07
12704,981,38654,debit,food,2024-12-07
12705,894,12113,debit,shopping,2024-03-29
12706,246,45464,debit,transfer,2024-02-12
12707,272,37588,debit,atm,2024-03-29
12708,403,47313,debit,salary,2024-10-23
12709,669,36594,debit,transfer,2024-03-29
12710,116,778,debit,transfer,2024-09-19
12711,435,30452,debit,food,2024-10-22
12712,530,45897,debit,shopping,2024-09-04
12713,442,9198,credit,salary,2024-12-29
12714,172,8559,credit,shopping,2024-03-23
12715,16,38994,debit,shopping,2024-05-29
12716,961,27779,debit,transfer,2024-10-28
12717,752,32766,debit,salary,2024-01-23
12718,898,13327,credit,atm,2024-03-24
12719,56,5006,credit,salary,2024-12-05
12720,591,7998,debit,food,2024-05-14
12721,103,47307,debit,transfer,2024-11-23
12722,284,33984,credit,salary,2024-12-23
12723,705,6444,debit,food,2024-10-25
12724,517,41958,credit,atm,2024-10-07
12725,618,27466,debit,shopping,2024-01-31
12726,278,46080,credit,shopping,2024-08-16
12727,885,46946,credit,food,2024-09-12
12728,612,10936,debit,transfer,2024-11-22
12729,750,17542,debit,shopping,2024-06-21
12730,269,49939,credit,transfer,2024-07-04
12731,833,41020,credit,transfer,2024-03-04
12732,400,41847,debit,shopping,2024-10-02
12733,503,12786,debit,atm,2024-11-30
12734,86,43704,credit,salary,2024-03-20
12735,320,10456,debit,shopping,2024-12-20
12736,32,41263,debit,salary,2024-07-08
12737,336,27893,credit,transfer,2024-11-05
12738,51,2591,debit,atm,2024-10-17
12739,79,21306,credit,transfer,2024-04-13
12740,698,14028,credit,atm,2024-10-16
12741,174,39872,credit,food,2024-12-24
12742,948,11660,debit,atm,2024-05-04
12743,618,7111,credit,atm,2024-05-08
12744,501,22184,debit,transfer,2024-01-09
12745,575,44618,debit,shopping,2024-04-14
12746,76,28733,debit,shopping,2024-04-03
12747,316,4962,debit,salary,2024-01-21
12748,833,38218,debit,food,2024-07-28
12749,373,12782,credit,atm,2024-01-22
12750,81,45403,credit,salary,2024-12-29
12751,873,11803,credit,atm,2024-12-11
12752,640,42479,credit,atm,2024-07-22
12753,695,15196,debit,food,2024-02-06
12754,755,14206,debit,food,2024-09-11
12755,697,455,debit,salary,2024-08-22
12756,732,8532,debit,shopping,2024-05-09
12757,71,15800,debit,atm,2024-08-16
12758,969,25296,debit,transfer,2024-04-13
12759,854,31750,debit,salary,2024-05-23
12760,666,46718,debit,atm,2024-11-01
12761,757,17338,debit,food,2024-10-05
12762,652,44803,debit,food,2024-04-08
12763,71,27876,debit,food,2024-01-06
12764,46,6804,debit,food,2024-07-07
12765,47,20108,debit,shopping,2024-10-18
12766,591,15479,debit,shopping,2024-05-29
12767,422,42120,debit,atm,2024-05-01
12768,149,8673,debit,atm,2024-03-17
12769,910,22515,debit,salary,2024-06-21
12770,130,22666,debit,food,2024-07-28
12771,456,1232,debit,food,2024-11-07
12772,639,48402,debit,transfer,2024-06-20
12773,877,43898,debit,transfer,2024-12-15
12774,631,34947,credit,food,2024-04-14
12775,966,1044,debit,transfer,2024-08-03
12776,997,5940,debit,transfer,2024-05-08
12777,869,39542,debit,food,2024-08-16
12778,505,43589,credit,shopping,2024-10-10
12779,929,45361,credit,shopping,2024-01-04
12780,774,44378,debit,atm,2024-11-29
12781,244,33702,credit,shopping,2024-07-21
12782,474,20234,debit,food,2024-03-27
12783,382,4284,credit,transfer,2024-08-27
12784,103,28063,debit,food,2024-11-09
12785,489,7278,debit,salary,2024-04-20
12786,37,5268,debit,transfer,2024-02-11
12787,654,32754,credit,food,2024-09-12
12788,549,5091,credit,atm,2024-07-14
12789,520,8246,debit,atm,2024-08-30
12790,743,46752,debit,transfer,2024-02-09
12791,333,5390,debit,shopping,2024-09-10
12792,397,24649,credit,atm,2024-03-14
12793,296,14944,debit,salary,2024-05-09
12794,107,28982,debit,transfer,2024-08-02
12795,860,41019,debit,salary,2024-10-16
12796,954,128,debit,transfer,2024-04-29
12797,530,18344,debit,shopping,2024-11-02
12798,825,8034,debit,food,2024-09-24
12799,83,29945,debit,transfer,2024-08-30
12800,934,35440,debit,food,2024-11-07
12801,288,48149,debit,transfer,2024-11-27
12802,982,40919,credit,shopping,2024-08-24
12803,706,20498,debit,salary,2024-09-28
12804,461,30161,credit,food,2024-05-15
12805,215,2227,debit,salary,2024-06-18
12806,281,10183,debit,transfer,2024-01-06
12807,732,19191,credit,transfer,2024-05-18
12808,954,10033,debit,shopping,2024-06-06
12809,459,15977,debit,transfer,2024-03-27
12810,801,34681,debit,shopping,2024-01-18
12811,344,12619,credit,transfer,2024-11-13
12812,194,7916,debit,salary,2024-01-09
12813,158,8451,debit,transfer,2024-03-13
12814,465,15748,debit,food,2024-04-23
12815,104,44102,credit,atm,2024-05-13
12816,34,27561,debit,food,2024-03-20
12817,102,41364,debit,food,2024-11-27
12818,639,45001,debit,shopping,2024-05-09
12819,726,41459,credit,transfer,2024-09-21
12820,325,44580,debit,salary,2024-09-17
12821,944,39117,debit,transfer,2024-04-01
12822,808,15541,debit,atm,2024-12-15
12823,691,39353,debit,transfer,2024-05-24
12824,592,9277,credit,atm,2024-11-13
12825,141,34673,credit,atm,2024-02-16
12826,474,21531,debit,food,2024-10-21
12827,31,22024,debit,atm,2024-05-07
12828,884,34964,credit,atm,2024-11-10
12829,935,12593,debit,salary,2024-09-18
12830,63,5437,debit,shopping,2024-07-14
12831,560,16135,debit,transfer,2024-09-10
12832,87,23418,debit,salary,2024-06-14
12833,304,42405,debit,shopping,2024-07-02
12834,61,41290,debit,food,2024-09-02
12835,396,3882,credit,salary,2024-12-01
12836,334,13898,credit,salary,2024-06-30
12837,952,19984,debit,food,2024-04-10
12838,786,9174,credit,atm,2024-06-08
12839,411,27449,credit,food,2024-06-07
12840,284,27007,debit,transfer,2024-07-15
12841,466,22089,debit,food,2024-05-24
12842,80,39287,debit,salary,2024-01-04
12843,692,8724,debit,food,2024-04-16
12844,784,7989,debit,transfer,2024-08-03
12845,77,27356,debit,atm,2024-01-06
12846,954,10555,debit,atm,2024-06-06
12847,733,47300,debit,shopping,2024-11-26
12848,905,11294,debit,shopping,2024-03-31
12849,794,21722,credit,transfer,2024-09-21
12850,540,27088,debit,shopping,2024-10-02
12851,361,7670,debit,atm,2024-01-13
12852,77,21587,credit,atm,2024-11-06
12853,509,717,debit,shopping,2024-04-01
12854,164,45552,credit,food,2024-08-10
12855,9,41377,debit,atm,2024-04-05
12856,175,47585,debit,shopping,2024-08-14
12857,462,6385,credit,shopping,2024-12-22
12858,307,33324,debit,transfer,2024-10-01
12859,588,600,credit,transfer,2024-10-29
12860,245,29094,debit,atm,2024-09-08
12861,122,36742,debit,salary,2024-03-11
12862,185,23114,debit,shopping,2024-11-18
12863,32,5073,credit,food,2024-10-22
12864,998,4874,credit,salary,2024-04-03
12865,963,15619,debit,shopping,2024-02-27
12866,762,47217,debit,salary,2024-01-31
12867,569,20680,credit,shopping,2024-10-27
12868,310,23199,debit,shopping,2024-04-13
12869,372,46490,credit,salary,2024-11-05
12870,656,37584,debit,transfer,2024-11-24
12871,830,42688,debit,shopping,2024-04-07
12872,596,48955,debit,atm,2024-02-21
12873,992,13402,credit,salary,2024-02-24
12874,56,3334,credit,transfer,2024-01-27
12875,791,6594,credit,food,2024-12-18
12876,273,14339,debit,shopping,2024-04-25
12877,464,4598,credit,shopping,2024-12-30
12878,678,44298,credit,atm,2024-06-21
12879,456,5367,debit,transfer,2024-02-11
12880,979,12646,credit,shopping,2024-08-31
12881,670,24579,debit,transfer,2024-09-18
12882,249,36537,debit,shopping,2024-10-30
12883,698,9757,debit,food,2024-01-27
12884,994,22553,debit,atm,2024-06-08
12885,78,34829,debit,food,2024-06-14
12886,534,46808,debit,food,2024-12-07
12887,108,17359,debit,salary,2024-06-29
12888,273,28745,credit,food,2024-04-05
12889,764,12193,debit,atm,2024-10-09
12890,15,8834,debit,atm,2024-08-23
12891,370,3616,debit,shopping,2024-10-22
12892,304,15132,debit,food,2024-04-03
12893,672,20983,debit,transfer,2024-06-11
12894,205,25694,debit,salary,2024-04-27
12895,981,40101,debit,salary,2024-08-21
12896,113,26104,debit,salary,2024-06-03
12897,680,13270,debit,atm,2024-10-04
12898,865,38815,debit,atm,2024-04-20
12899,253,17058,debit,shopping,2024-10-06
12900,441,17942,credit,food,2024-09-01
12901,186,40263,debit,atm,2024-05-30
12902,859,26175,credit,salary,2024-06-29
12903,227,26167,debit,atm,2024-10-17
12904,528,3272,credit,food,2024-11-24
12905,668,36295,credit,atm,2024-01-07
12906,354,40666,debit,food,2024-07-26
12907,623,7836,debit,shopping,2024-05-07
12908,1,48358,debit,atm,2024-01-23
12909,553,31368,debit,food,2024-01-07
12910,560,43575,debit,food,2024-11-07
12911,927,44611,credit,transfer,2024-05-29
12912,420,4306,credit,shopping,2024-04-02
12913,620,19448,debit,atm,2024-09-18
12914,161,36181,debit,transfer,2024-01-31
12915,161,47923,debit,atm,2024-04-14
12916,871,41741,debit,salary,2024-12-10
12917,128,24954,credit,salary,2024-05-07
12918,722,37326,debit,food,2024-02-11
12919,151,18132,credit,transfer,2024-04-11
12920,444,29372,debit,food,2024-08-12
12921,767,42218,debit,food,2024-01-13
12922,471,41052,debit,food,2024-04-10
12923,463,48733,debit,salary,2024-12-04
12924,730,35209,credit,food,2024-03-20
12925,30,34706,debit,food,2024-02-16
12926,473,5638,debit,food,2024-11-29
12927,557,44337,debit,food,2024-08-25
12928,80,9633,debit,transfer,2024-09-16
12929,39,30892,debit,atm,2024-04-12
12930,240,5577,credit,transfer,2024-02-23
12931,557,9463,debit,shopping,2024-08-16
12932,590,12364,debit,transfer,2024-05-08
12933,337,46404,credit,shopping,2024-06-27
12934,908,11919,debit,salary,2024-04-23
12935,861,12291,debit,atm,2024-03-03
12936,800,6599,debit,food,2024-10-12
12937,952,44947,debit,shopping,2024-03-31
12938,280,17768,debit,salary,2024-06-10
12939,116,8862,credit,atm,2024-01-29
12940,269,31392,debit,shopping,2024-03-08
12941,916,19348,credit,salary,2024-07-17
12942,335,38913,debit,food,2024-11-08
12943,312,45044,credit,salary,2024-10-15
12944,53,11433,credit,salary,2024-04-11
12945,68,30752,debit,food,2024-07-11
12946,694,41506,debit,shopping,2024-04-28
12947,34,13170,credit,salary,2024-04-13
12948,796,25956,debit,food,2024-02-19
12949,818,31728,debit,shopping,2024-07-03
12950,386,37907,debit,food,2024-12-07
12951,249,23523,credit,transfer,2024-10-31
12952,111,48133,debit,shopping,2024-07-25
12953,94,25312,debit,transfer,2024-03-19
12954,410,35841,credit,salary,2024-07-02
12955,179,4726,debit,salary,2024-12-08
12956,47,49370,debit,salary,2024-05-19
12957,794,40867,debit,shopping,2024-08-06
12958,852,2392,credit,atm,2024-04-22
12959,874,14959,debit,shopping,2024-02-25
12960,604,30685,credit,shopping,2024-08-29
12961,376,16907,credit,atm,2024-08-19
12962,724,3919,debit,shopping,2024-05-16
12963,587,24187,debit,transfer,2024-04-20
12964,890,45550,credit,atm,2024-12-30
12965,202,47653,debit,atm,2024-06-13
12966,445,1380,debit,transfer,2024-04-28
12967,919,13341,debit,atm,2024-01-01
12968,933,42879,credit,atm,2024-11-27
12969,297,14247,debit,transfer,2024-03-05
12970,308,19916,debit,food,2024-06-03
12971,723,1729,debit,food,2024-10-06
12972,493,38367,debit,food,2024-12-09
12973,338,8734,debit,transfer,2024-06-25
12974,945,3114,debit,salary,2024-02-03
12975,923,10873,debit,shopping,2024-04-12
12976,646,17981,debit,atm,2024-05-03
12977,842,8380,debit,transfer,2024-11-08
12978,66,25655,debit,shopping,2024-02-19
12979,792,41521,credit,transfer,2024-06-22
12980,422,20036,debit,atm,2024-09-22
12981,540,27432,debit,salary,2024-08-03
12982,924,44688,debit,transfer,2024-03-31
12983,629,27177,credit,shopping,2024-09-19
12984,493,7737,credit,shopping,2024-08-14
12985,882,25055,debit,atm,2024-08-22
12986,999,20980,credit,food,2024-11-02
12987,962,46258,debit,atm,2024-07-01
12988,317,16255,debit,atm,2024-05-04
12989,942,3160,debit,food,2024-12-29
12990,837,46565,debit,salary,2024-07-05
12991,626,48181,debit,transfer,2024-12-22
12992,75,40378,credit,shopping,2024-11-24
12993,714,3050,debit,transfer,2024-10-21
12994,939,47255,debit,transfer,2024-02-02
12995,59,23902,debit,shopping,2024-02-02
12996,386,6163,debit,food,2024-02-07
12997,15,14305,credit,shopping,2024-08-11
12998,231,44790,debit,food,2024-01-21
12999,617,26607,debit,food,2024-03-09
13000,677,7761,credit,atm,2024-09-23
13001,199,36289,credit,salary,2024-07-06
13002,916,34858,credit,atm,2024-06-22
13003,354,13157,debit,salary,2024-08-06
13004,35,20340,credit,food,2024-02-25
13005,162,34350,debit,atm,2024-10-23
13006,757,35413,debit,transfer,2024-12-28
13007,982,37088,credit,shopping,2024-10-25
13008,799,12591,debit,shopping,2024-02-21
13009,895,33510,debit,shopping,2024-10-30
13010,471,13432,credit,salary,2024-09-24
13011,531,20402,debit,shopping,2024-05-14
13012,964,34454,debit,salary,2024-04-08
13013,792,18893,debit,salary,2024-02-13
13014,852,6604,credit,salary,2024-05-13
13015,423,28525,debit,transfer,2024-05-26
13016,348,29911,debit,food,2024-08-15
13017,694,49306,debit,transfer,2024-12-27
13018,935,47495,debit,food,2024-08-19
13019,913,29846,credit,transfer,2024-12-27
13020,147,17325,debit,salary,2024-12-21
13021,374,39796,debit,food,2024-02-28
13022,688,31073,credit,shopping,2024-04-01
13023,675,37455,debit,transfer,2024-04-25
13024,416,27296,credit,food,2024-03-27
13025,687,19390,debit,shopping,2024-02-29
13026,494,43054,debit,atm,2024-06-11
13027,559,10224,debit,salary,2024-05-24
13028,256,37924,debit,transfer,2024-06-15
13029,960,38850,credit,transfer,2024-05-11
13030,686,2372,credit,atm,2024-06-24
13031,103,6241,debit,food,2024-02-17
13032,121,24778,credit,transfer,2024-12-03
13033,419,9261,debit,transfer,2024-12-29
13034,350,1171,debit,transfer,2024-03-02
13035,657,17220,credit,transfer,2024-05-06
13036,42,26041,debit,atm,2024-01-23
13037,367,39244,debit,salary,2024-07-06
13038,29,24233,debit,transfer,2024-06-04
13039,966,3730,debit,atm,2024-04-14
13040,892,327,debit,shopping,2024-10-24
13041,785,48210,credit,transfer,2024-08-15
13042,977,39533,credit,food,2024-06-14
13043,14,14108,debit,atm,2024-12-04
13044,920,20054,debit,food,2024-02-27
13045,953,40861,debit,salary,2024-01-21
13046,818,14775,debit,shopping,2024-02-19
13047,825,1719,debit,food,2024-08-30
13048,485,12985,credit,transfer,2024-12-02
13049,189,2304,debit,atm,2024-11-26
13050,872,40610,debit,shopping,2024-09-25
13051,295,11794,debit,atm,2024-02-25
13052,183,44686,credit,shopping,2024-08-07
13053,864,40442,credit,food,2024-01-17
13054,548,9473,debit,salary,2024-10-27
13055,882,11548,debit,atm,2024-11-04
13056,37,31310,credit,transfer,2024-03-28
13057,14,25510,debit,atm,2024-02-06
13058,923,29128,credit,salary,2024-05-21
13059,635,2864,debit,food,2024-04-22
13060,595,43469,credit,transfer,2024-07-16
13061,159,11567,debit,transfer,2024-07-02
13062,494,8299,credit,food,2024-12-05
13063,329,27195,credit,atm,2024-06-20
13064,614,43279,debit,transfer,2024-08-01
13065,849,32563,debit,atm,2024-08-18
13066,83,39107,debit,atm,2024-04-23
13067,556,47811,credit,food,2024-12-08
13068,580,13717,debit,salary,2024-03-24
13069,560,28404,debit,salary,2024-06-13
13070,569,3429,debit,atm,2024-10-28
13071,587,31293,debit,food,2024-02-08
13072,22,11663,debit,salary,2024-09-06
13073,132,5684,debit,atm,2024-04-16
13074,465,8905,credit,transfer,2024-12-02
13075,456,25364,debit,transfer,2024-03-25
13076,302,9189,debit,shopping,2024-05-01
13077,955,13739,debit,shopping,2024-09-13
13078,930,24785,debit,shopping,2024-12-30
13079,267,48356,debit,salary,2024-06-14
13080,799,11210,debit,transfer,2024-12-19
13081,395,34028,debit,transfer,2024-07-12
13082,120,45041,debit,salary,2024-02-11
13083,246,21228,debit,transfer,2024-02-26
13084,568,40199,debit,transfer,2024-08-23
13085,38,14784,debit,atm,2024-11-28
13086,245,47666,credit,transfer,2024-01-08
13087,21,24519,debit,atm,2024-08-02
13088,110,1627,debit,shopping,2024-02-28
13089,606,15320,debit,food,2024-08-27
13090,394,23802,debit,atm,2024-12-08
13091,410,42973,debit,transfer,2024-08-31
13092,987,27857,debit,shopping,2024-02-05
13093,648,46764,debit,food,2024-10-10
13094,743,13185,debit,food,2024-03-21
13095,8,15305,credit,shopping,2024-03-12
13096,444,21094,debit,shopping,2024-01-01
13097,328,31045,credit,food,2024-12-14
13098,887,20734,debit,food,2024-09-15
13099,290,43066,debit,transfer,2024-09-25
13100,763,30669,credit,atm,2024-12-18
13101,511,30275,debit,atm,2024-10-05
13102,912,45266,debit,food,2024-08-02
13103,361,6726,debit,food,2024-10-16
13104,909,35723,debit,salary,2024-06-02
13105,599,4064,credit,food,2024-09-17
13106,716,47477,debit,atm,2024-03-21
13107,219,47358,credit,transfer,2024-06-01
13108,406,18158,credit,salary,2024-01-28
13109,992,25866,debit,atm,2024-09-20
13110,753,46198,debit,transfer,2024-08-22
13111,923,35260,debit,salary,2024-10-01
13112,832,16362,debit,salary,2024-05-20
13113,770,39746,debit,salary,2024-06-15
13114,621,47772,debit,salary,2024-11-02
13115,768,34789,credit,salary,2024-09-18
13116,993,29065,credit,salary,2024-09-25
13117,794,10984,debit,shopping,2024-02-21
13118,220,4533,credit,transfer,2024-09-03
13119,595,18311,credit,atm,2024-12-08
13120,107,10791,debit,food,2024-02-05
13121,581,31163,debit,atm,2024-04-16
13122,609,33584,debit,shopping,2024-02-12
13123,724,49882,debit,shopping,2024-05-20
13124,286,21344,debit,salary,2024-04-01
13125,749,24760,debit,shopping,2024-07-09
13126,8,36636,credit,atm,2024-07-01
13127,806,35575,debit,shopping,2024-07-24
13128,189,30184,credit,atm,2024-05-21
13129,81,49019,credit,salary,2024-07-17
13130,108,24902,credit,salary,2024-04-10
13131,321,42367,debit,shopping,2024-02-10
13132,579,49174,debit,food,2024-07-09
13133,686,20714,credit,salary,2024-12-03
13134,346,5133,debit,transfer,2024-06-17
13135,863,4486,credit,transfer,2024-01-09
13136,328,12250,credit,salary,2024-08-17
13137,555,8257,debit,shopping,2024-05-27
13138,699,46981,debit,salary,2024-04-11
13139,302,48842,debit,shopping,2024-12-21
13140,200,30508,credit,atm,2024-01-25
13141,893,7775,debit,food,2024-08-22
13142,419,26328,debit,food,2024-10-12
13143,39,18351,debit,atm,2024-03-12
13144,732,23449,credit,atm,2024-01-25
13145,307,49278,debit,atm,2024-09-12
13146,4,15926,debit,food,2024-04-03
13147,633,45709,debit,salary,2024-06-06
13148,848,9224,debit,transfer,2024-01-31
13149,77,6688,credit,shopping,2024-04-05
13150,468,31043,debit,transfer,2024-10-18
13151,179,48690,debit,shopping,2024-06-17
13152,645,28134,debit,food,2024-03-01
13153,823,22251,credit,salary,2024-01-19
13154,741,49718,debit,transfer,2024-09-17
13155,276,32500,debit,atm,2024-05-27
13156,152,13636,debit,atm,2024-08-22
13157,164,2800,debit,atm,2024-10-11
13158,290,26174,debit,transfer,2024-01-03
13159,378,8909,debit,salary,2024-12-05
13160,621,15215,credit,salary,2024-01-25
13161,638,45613,debit,atm,2024-08-20
13162,752,19171,debit,transfer,2024-11-20
13163,310,38200,credit,atm,2024-02-24
13164,930,23290,debit,shopping,2024-08-29
13165,979,21540,debit,shopping,2024-05-04
13166,913,26180,credit,transfer,2024-10-23
13167,389,45027,credit,shopping,2024-05-09
13168,857,33047,credit,food,2024-01-06
13169,658,8096,debit,food,2024-08-15
13170,764,43645,debit,food,2024-07-05
13171,183,14962,credit,shopping,2024-07-11
13172,821,38332,debit,salary,2024-10-13
13173,306,23204,credit,food,2024-12-12
13174,72,17405,credit,atm,2024-12-30
13175,219,35960,credit,salary,2024-04-10
13176,719,5627,debit,transfer,2024-02-15
13177,173,44659,credit,shopping,2024-02-29
13178,653,13827,debit,atm,2024-02-15
13179,272,30067,debit,transfer,2024-10-01
13180,726,23949,credit,shopping,2024-09-13
13181,468,2819,debit,shopping,2024-08-10
13182,269,48780,debit,atm,2024-01-18
13183,20,48335,debit,shopping,2024-08-14
13184,578,13024,debit,shopping,2024-08-11
13185,995,9315,debit,shopping,2024-11-10
13186,815,49403,debit,salary,2024-03-05
13187,503,24688,debit,food,2024-09-24
13188,147,25390,debit,atm,2024-06-21
13189,429,48109,debit,salary,2024-05-31
13190,165,20109,debit,atm,2024-09-16
13191,890,32012,debit,salary,2024-03-19
13192,310,1244,debit,shopping,2024-08-11
13193,518,37402,credit,shopping,2024-10-06
13194,14,14735,debit,salary,2024-01-23
13195,132,33588,credit,shopping,2024-12-10
13196,854,1106,debit,food,2024-08-05
13197,755,11590,debit,atm,2024-10-03
13198,439,27144,debit,shopping,2024-07-16
13199,743,7199,debit,transfer,2024-05-29
13200,740,23600,credit,salary,2024-05-01
13201,674,45179,credit,salary,2024-04-18
13202,795,637,credit,shopping,2024-08-18
13203,263,48797,debit,salary,2024-08-16
13204,643,11116,debit,transfer,2024-07-21
13205,943,35553,credit,salary,2024-10-19
13206,225,2080,debit,transfer,2024-10-12
13207,258,6006,credit,salary,2024-10-13
13208,234,33407,debit,salary,2024-10-15
13209,336,23530,debit,transfer,2024-12-30
13210,409,44944,credit,atm,2024-03-16
13211,828,28729,credit,food,2024-09-06
13212,975,27875,credit,transfer,2024-03-18
13213,24,40129,debit,food,2024-09-11
13214,271,30498,credit,salary,2024-11-09
13215,95,42088,debit,atm,2024-03-04
13216,142,151,debit,transfer,2024-04-18
13217,694,24918,debit,atm,2024-04-23
13218,718,1786,credit,transfer,2024-11-23
13219,902,19305,debit,shopping,2024-11-23
13220,974,23047,debit,transfer,2024-08-19
13221,81,8196,debit,food,2024-01-26
13222,274,42900,debit,shopping,2024-12-11
13223,276,8716,debit,salary,2024-06-25
13224,883,43187,debit,transfer,2024-02-12
13225,958,8645,credit,food,2024-02-18
13226,465,36558,debit,salary,2024-06-28
13227,208,8584,credit,food,2024-11-22
13228,296,816,debit,salary,2024-06-08
13229,39,23767,debit,transfer,2024-04-15
13230,948,29300,debit,atm,2024-11-06
13231,288,4675,debit,salary,2024-04-22
13232,124,21056,debit,atm,2024-09-06
13233,876,10770,debit,salary,2024-01-18
13234,969,15737,debit,atm,2024-05-02
13235,283,16446,credit,transfer,2024-10-11
13236,878,27040,credit,food,2024-06-08
13237,180,33505,credit,transfer,2024-06-30
13238,97,40847,debit,salary,2024-03-24
13239,191,9591,debit,shopping,2024-10-13
13240,74,12731,debit,food,2024-06-19
13241,447,22034,debit,atm,2024-06-17
13242,785,27282,credit,food,2024-10-25
13243,497,9003,debit,food,2024-05-15
13244,561,27286,debit,transfer,2024-05-04
13245,484,11825,debit,salary,2024-01-09
13246,849,12170,credit,transfer,2024-03-18
13247,722,36209,credit,salary,2024-02-02
13248,116,16168,debit,shopping,2024-11-09
13249,535,5650,debit,transfer,2024-03-19
13250,98,18267,debit,shopping,2024-08-09
13251,328,25543,debit,salary,2024-12-15
13252,909,14788,debit,food,2024-08-19
13253,407,49719,debit,shopping,2024-03-23
13254,313,38451,debit,shopping,2024-10-30
13255,702,29648,debit,salary,2024-12-27
13256,694,12213,credit,salary,2024-05-18
13257,148,22389,debit,transfer,2024-11-25
13258,342,18260,credit,transfer,2024-05-07
13259,495,33949,credit,salary,2024-12-21
13260,948,46305,credit,shopping,2024-03-28
13261,23,19409,credit,atm,2024-09-27
13262,105,36952,debit,transfer,2024-01-29
13263,675,45121,debit,salary,2024-08-18
13264,579,40496,debit,atm,2024-06-03
13265,802,6295,debit,atm,2024-10-02
13266,801,1111,debit,atm,2024-01-14
13267,558,24386,debit,atm,2024-02-06
13268,593,33681,debit,food,2024-12-22
13269,941,12238,debit,transfer,2024-08-03
13270,659,26819,credit,atm,2024-02-18
13271,222,33140,credit,atm,2024-08-22
13272,855,48550,debit,salary,2024-09-06
13273,15,20128,debit,salary,2024-01-15
13274,891,16292,debit,food,2024-01-05
13275,633,18200,debit,atm,2024-04-06
13276,78,6376,debit,food,2024-08-18
13277,322,27651,credit,salary,2024-10-27
13278,807,6928,debit,transfer,2024-10-29
13279,241,33224,debit,shopping,2024-10-16
13280,18,13754,debit,shopping,2024-05-15
13281,768,303,debit,food,2024-08-25
13282,454,20229,credit,salary,2024-02-23
13283,443,6714,debit,shopping,2024-03-27
13284,928,47667,credit,atm,2024-08-15
13285,277,33364,debit,transfer,2024-02-29
13286,424,13089,debit,salary,2024-10-19
13287,476,49314,debit,food,2024-09-30
13288,27,1679,debit,salary,2024-01-10
13289,514,4976,debit,transfer,2024-09-07
13290,865,40718,credit,salary,2024-03-08
13291,464,4225,credit,food,2024-07-17
13292,807,5428,debit,atm,2024-03-26
13293,982,49068,debit,salary,2024-12-28
13294,824,42140,debit,food,2024-11-27
13295,363,11796,debit,atm,2024-10-29
13296,383,36247,debit,shopping,2024-02-06
13297,751,16219,debit,salary,2024-07-18
13298,525,24117,debit,atm,2024-02-12
13299,382,48880,debit,shopping,2024-07-28
13300,184,26304,debit,salary,2024-10-07
13301,194,19662,credit,salary,2024-08-29
13302,462,24528,debit,transfer,2024-12-08
13303,56,21597,debit,salary,2024-05-25
13304,230,3472,debit,salary,2024-09-08
13305,489,23247,credit,atm,2024-10-28
13306,28,17553,credit,food,2024-07-21
13307,832,47280,debit,transfer,2024-06-15
13308,583,34060,debit,salary,2024-11-29
13309,722,17297,credit,atm,2024-09-10
13310,960,34020,credit,atm,2024-12-07
13311,184,1983,credit,food,2024-08-24
13312,425,16751,credit,shopping,2024-07-01
13313,375,20155,debit,salary,2024-11-30
13314,868,2912,credit,shopping,2024-09-17
13315,41,30545,credit,food,2024-04-22
13316,484,45740,debit,atm,2024-06-26
13317,260,6662,credit,shopping,2024-10-24
13318,441,7113,debit,food,2024-06-10
13319,926,5277,debit,shopping,2024-11-04
13320,856,20569,debit,atm,2024-01-21
13321,84,49635,credit,salary,2024-10-27
13322,46,31329,debit,transfer,2024-02-29
13323,440,29201,debit,atm,2024-01-19
13324,671,28087,debit,shopping,2024-10-17
13325,856,23205,debit,salary,2024-12-03
13326,519,23567,debit,transfer,2024-09-05
13327,986,17533,debit,food,2024-01-14
13328,845,18317,debit,salary,2024-03-26
13329,438,31408,credit,atm,2024-04-12
13330,136,9089,credit,shopping,2024-08-09
13331,183,37335,debit,transfer,2024-09-24
13332,709,19459,debit,salary,2024-06-25
13333,172,5255,debit,transfer,2024-07-22
13334,909,47004,debit,transfer,2024-01-03
13335,861,8061,debit,salary,2024-04-28
13336,788,24083,debit,shopping,2024-04-13
13337,590,7286,debit,food,2024-12-17
13338,928,7606,debit,salary,2024-06-03
13339,956,41126,debit,food,2024-08-07
13340,690,46170,debit,transfer,2024-06-01
13341,539,49051,debit,transfer,2024-08-27
13342,120,30325,debit,shopping,2024-01-27
13343,281,7891,debit,salary,2024-09-27
13344,308,27697,debit,salary,2024-06-06
13345,708,6870,debit,atm,2024-07-21
13346,277,9993,debit,shopping,2024-07-05
13347,530,25254,credit,salary,2024-06-29
13348,295,24418,debit,transfer,2024-03-18
13349,783,40855,debit,shopping,2024-10-27
13350,53,40033,debit,atm,2024-12-13
13351,806,13614,credit,atm,2024-07-18
13352,432,31458,debit,transfer,2024-09-23
13353,52,22538,debit,salary,2024-03-18
13354,728,37373,credit,transfer,2024-06-27
13355,72,27556,debit,atm,2024-04-20
13356,28,23731,credit,shopping,2024-08-01
13357,469,5907,debit,salary,2024-07-20
13358,912,6356,debit,transfer,2024-08-15
13359,764,15256,credit,salary,2024-01-24
13360,886,12008,debit,shopping,2024-05-13
13361,912,24535,debit,atm,2024-02-02
13362,547,4384,debit,transfer,2024-11-11
13363,401,30532,debit,atm,2024-01-11
13364,201,14538,debit,transfer,2024-04-24
13365,761,35022,debit,salary,2024-10-17
13366,611,40610,credit,food,2024-03-05
13367,820,14327,debit,transfer,2024-12-27
13368,989,14365,debit,transfer,2024-12-11
13369,999,19288,credit,atm,2024-07-24
13370,466,18704,credit,food,2024-03-06
13371,652,28665,debit,food,2024-05-12
13372,595,32688,credit,food,2024-06-15
13373,560,42058,credit,food,2024-03-19
13374,790,32174,credit,shopping,2024-08-08
13375,379,17205,debit,salary,2024-06-14
13376,760,25890,debit,transfer,2024-09-26
13377,895,23458,debit,salary,2024-01-23
13378,177,31044,debit,salary,2024-03-12
13379,52,22287,debit,salary,2024-07-30
13380,79,4125,credit,salary,2024-06-14
13381,385,28255,debit,shopping,2024-10-29
13382,834,24612,credit,atm,2024-03-04
13383,576,16007,debit,shopping,2024-08-17
13384,8,14569,debit,transfer,2024-09-13
13385,214,38024,debit,food,2024-10-24
13386,25,47296,debit,atm,2024-11-19
13387,450,14510,debit,transfer,2024-08-01
13388,768,43863,debit,food,2024-07-22
13389,755,37680,debit,shopping,2024-01-25
13390,969,8750,debit,salary,2024-04-25
13391,457,48926,debit,transfer,2024-07-03
13392,461,26377,debit,salary,2024-06-28
13393,198,2556,debit,salary,2024-03-23
13394,94,16690,debit,salary,2024-08-26
13395,719,27992,credit,atm,2024-05-30
13396,947,17840,debit,food,2024-09-08
13397,437,45828,debit,salary,2024-04-27
13398,527,11888,debit,transfer,2024-05-17
13399,690,23945,debit,atm,2024-12-29
13400,967,7256,debit,food,2024-06-12
13401,378,47133,credit,transfer,2024-05-10
13402,587,8251,credit,atm,2024-03-12
13403,104,26615,debit,atm,2024-11-28
13404,806,11087,debit,food,2024-06-24
13405,680,12660,debit,salary,2024-04-21
13406,962,2773,debit,transfer,2024-03-06
13407,627,47867,debit,shopping,2024-05-10
13408,39,6923,debit,salary,2024-03-03
13409,458,39744,debit,shopping,2024-01-15
13410,364,28465,debit,transfer,2024-05-09
13411,785,38841,debit,shopping,2024-05-24
13412,135,8382,credit,shopping,2024-09-23
13413,374,41535,credit,food,2024-09-17
13414,232,8156,debit,food,2024-11-21
13415,39,34914,debit,food,2024-11-18
13416,964,21791,debit,shopping,2024-10-05
13417,803,40604,credit,shopping,2024-04-05
13418,819,36558,credit,atm,2024-03-03
13419,47,28701,debit,atm,2024-08-26
13420,36,21113,debit,food,2024-01-29
13421,832,35613,credit,atm,2024-05-24
13422,95,23507,debit,salary,2024-06-11
13423,985,24760,debit,atm,2024-06-24
13424,361,2739,credit,atm,2024-12-06
13425,525,21420,debit,salary,2024-03-27
13426,146,176,debit,salary,2024-10-30
13427,917,6573,debit,transfer,2024-11-04
13428,368,10722,credit,shopping,2024-04-26
13429,65,18908,debit,shopping,2024-07-21
13430,228,5396,debit,food,2024-09-13
13431,754,23051,credit,transfer,2024-05-14
13432,520,22570,credit,transfer,2024-08-20
13433,816,505,debit,transfer,2024-03-17
13434,853,45176,debit,transfer,2024-03-24
13435,555,15445,debit,atm,2024-07-16
13436,756,497,debit,transfer,2024-10-12
13437,181,14765,debit,food,2024-03-10
13438,501,14660,debit,shopping,2024-04-07
13439,597,26476,debit,transfer,2024-04-08
13440,155,19957,credit,shopping,2024-03-24
13441,787,32606,credit,salary,2024-06-14
13442,535,42868,debit,food,2024-06-06
13443,627,37857,debit,salary,2024-04-06
13444,818,20410,debit,transfer,2024-11-05
13445,435,18428,debit,atm,2024-12-09
13446,811,41497,debit,atm,2024-04-13
13447,99,38259,credit,food,2024-09-28
13448,616,33090,credit,transfer,2024-10-09
13449,372,7930,credit,transfer,2024-04-09
13450,563,49098,credit,transfer,2024-10-04
13451,362,36868,debit,transfer,2024-02-15
13452,112,19148,credit,food,2024-06-09
13453,453,46355,debit,food,2024-04-09
13454,756,21848,credit,food,2024-11-08
13455,169,5493,debit,atm,2024-11-21
13456,584,23985,debit,transfer,2024-07-14
13457,139,703,debit,salary,2024-10-02
13458,848,6395,debit,shopping,2024-01-04
13459,231,41248,debit,food,2024-01-10
13460,239,7203,credit,food,2024-09-19
13461,984,25351,debit,atm,2024-11-08
13462,253,49889,debit,atm,2024-11-06
13463,981,14646,debit,shopping,2024-06-07
13464,436,15556,debit,atm,2024-11-15
13465,919,18328,debit,food,2024-03-31
13466,561,14774,debit,transfer,2024-01-13
13467,422,146,debit,transfer,2024-03-15
13468,303,919,credit,atm,2024-11-24
13469,72,36675,credit,shopping,2024-07-07
13470,263,19506,debit,transfer,2024-01-10
13471,834,1180,credit,food,2024-05-31
13472,222,3246,debit,transfer,2024-12-20
13473,77,12026,credit,shopping,2024-11-26
13474,62,16030,debit,atm,2024-04-25
13475,471,48040,debit,salary,2024-05-08
13476,157,15387,debit,transfer,2024-01-05
13477,806,39609,credit,food,2024-01-07
13478,125,35085,debit,shopping,2024-08-29
13479,741,2986,debit,transfer,2024-04-10
13480,852,13444,credit,salary,2024-08-17
13481,161,22118,debit,atm,2024-09-13
13482,541,41855,debit,transfer,2024-10-14
13483,626,7393,credit,shopping,2024-05-24
13484,591,3106,credit,transfer,2024-09-30
13485,535,39826,credit,atm,2024-03-08
13486,106,24456,debit,shopping,2024-02-18
13487,131,43449,debit,salary,2024-09-25
13488,357,37011,credit,food,2024-03-09
13489,989,14799,credit,atm,2024-11-19
13490,685,28534,debit,transfer,2024-03-27
13491,776,17702,credit,salary,2024-05-12
13492,854,40886,credit,shopping,2024-03-17
13493,885,10052,debit,shopping,2024-03-02
13494,797,41784,debit,shopping,2024-03-13
13495,2,30589,debit,transfer,2024-03-08
13496,233,33005,debit,atm,2024-08-05
13497,369,47024,debit,salary,2024-03-18
13498,251,13481,debit,shopping,2024-09-02
13499,946,13993,debit,food,2024-09-14
13500,833,28230,debit,atm,2024-04-04
13501,108,30515,debit,salary,2024-06-26
13502,276,49228,debit,salary,2024-11-02
13503,180,19243,debit,shopping,2024-01-02
13504,725,32926,debit,food,2024-11-15
13505,293,488,debit,shopping,2024-06-20
13506,584,12216,debit,atm,2024-02-21
13507,795,19906,debit,transfer,2024-02-06
13508,175,39880,debit,atm,2024-03-06
13509,123,45494,debit,food,2024-04-01
13510,227,4952,credit,transfer,2024-07-02
13511,902,49847,debit,salary,2024-10-05
13512,444,8727,debit,shopping,2024-07-17
13513,813,29148,debit,atm,2024-06-15
13514,428,34850,debit,shopping,2024-08-19
13515,83,27114,debit,atm,2024-03-26
13516,765,47684,credit,shopping,2024-11-11
13517,658,11160,debit,transfer,2024-11-07
13518,632,45269,credit,shopping,2024-12-19
13519,65,43279,credit,food,2024-09-16
13520,281,8309,debit,food,2024-02-10
13521,795,38297,debit,shopping,2024-04-08
13522,391,12258,credit,salary,2024-06-07
13523,428,18176,debit,food,2024-08-22
13524,618,4476,debit,atm,2024-02-01
13525,925,19751,debit,shopping,2024-02-12
13526,991,24048,debit,shopping,2024-09-18
13527,812,18179,debit,food,2024-04-01
13528,107,14078,credit,salary,2024-07-27
13529,548,12805,credit,atm,2024-09-23
13530,659,27007,debit,food,2024-06-17
13531,262,21931,debit,food,2024-10-09
13532,921,43729,credit,transfer,2024-07-07
13533,159,8065,debit,food,2024-03-16
13534,265,10348,debit,atm,2024-01-13
13535,468,47088,debit,transfer,2024-12-16
13536,202,23733,debit,salary,2024-02-04
13537,933,29603,debit,salary,2024-01-25
13538,155,7561,credit,food,2024-10-18
13539,13,27098,credit,atm,2024-05-28
13540,297,12921,debit,salary,2024-04-21
13541,896,19970,debit,atm,2024-11-06
13542,834,13510,credit,atm,2024-02-05
13543,498,22285,credit,transfer,2024-06-03
13544,597,19233,debit,food,2024-07-20
13545,993,24269,debit,atm,2024-01-26
13546,792,23459,debit,atm,2024-06-21
13547,245,27500,credit,atm,2024-01-08
13548,300,34273,credit,food,2024-11-26
13549,362,11279,debit,transfer,2024-05-04
13550,354,36443,credit,atm,2024-08-26
13551,828,35595,credit,shopping,2024-07-23
13552,521,6587,debit,transfer,2024-06-17
13553,386,14860,debit,food,2024-03-23
13554,759,26539,debit,salary,2024-03-23
13555,312,27029,credit,atm,2024-03-14
13556,414,6391,debit,shopping,2024-10-10
13557,278,27572,debit,salary,2024-06-01
13558,750,29503,credit,salary,2024-11-30
13559,715,2601,debit,atm,2024-06-11
13560,759,43140,debit,atm,2024-12-01
13561,747,1855,debit,salary,2024-02-06
13562,593,36258,debit,shopping,2024-06-03
13563,356,5916,debit,transfer,2024-09-17
13564,525,17700,debit,atm,2024-03-28
13565,839,32716,credit,atm,2024-07-12
13566,16,1990,credit,food,2024-12-25
13567,993,11323,credit,atm,2024-09-01
13568,45,46697,credit,food,2024-02-26
13569,321,25066,debit,salary,2024-07-07
13570,651,7788,debit,shopping,2024-05-06
13571,326,39368,debit,food,2024-11-11
13572,148,39584,debit,food,2024-02-01
13573,355,27653,credit,transfer,2024-12-30
13574,236,3846,debit,salary,2024-12-30
13575,703,18679,debit,food,2024-10-26
13576,613,13114,debit,food,2024-08-02
13577,105,48543,debit,salary,2024-12-11
13578,474,42061,debit,atm,2024-05-01
13579,762,36497,debit,shopping,2024-11-20
13580,396,7866,credit,salary,2024-07-07
13581,446,6247,credit,transfer,2024-11-22
13582,606,47981,credit,transfer,2024-06-10
13583,220,47310,debit,shopping,2024-08-29
13584,987,47278,debit,transfer,2024-04-29
13585,810,1163,credit,salary,2024-03-26
13586,851,8930,credit,atm,2024-10-03
13587,965,43802,debit,transfer,2024-02-21
13588,442,9434,credit,salary,2024-04-29
13589,645,10412,debit,transfer,2024-02-08
13590,873,25227,debit,food,2024-10-27
13591,667,36143,credit,food,2024-12-10
13592,28,1076,debit,atm,2024-06-19
13593,794,45251,debit,food,2024-12-04
13594,475,44274,debit,food,2024-07-17
13595,628,11839,debit,transfer,2024-07-12
13596,305,4169,debit,transfer,2024-04-17
13597,746,15704,debit,shopping,2024-05-11
13598,405,14712,debit,atm,2024-08-31
13599,513,49202,debit,food,2024-04-20
13600,502,39270,debit,shopping,2024-02-29
13601,348,45201,credit,transfer,2024-11-01
13602,240,445,credit,shopping,2024-12-08
13603,570,37810,debit,food,2024-10-29
13604,847,19426,credit,shopping,2024-01-17
13605,695,9463,debit,salary,2024-12-07
13606,337,3870,debit,atm,2024-06-11
13607,26,44221,debit,food,2024-01-08
13608,980,8524,debit,salary,2024-02-25
13609,409,12090,credit,shopping,2024-07-06
13610,77,8148,debit,food,2024-07-01
13611,929,28822,debit,shopping,2024-09-19
13612,217,44967,debit,atm,2024-03-05
13613,328,44759,debit,atm,2024-10-07
13614,837,32237,debit,transfer,2024-01-24
13615,774,15673,credit,salary,2024-04-23
13616,23,16934,credit,atm,2024-04-06
13617,756,9654,credit,salary,2024-04-05
13618,670,33218,credit,shopping,2024-12-14
13619,718,27372,debit,salary,2024-03-05
13620,310,42368,debit,food,2024-10-29
13621,599,36872,debit,transfer,2024-05-15
13622,267,11217,debit,salary,2024-06-21
13623,415,21162,credit,salary,2024-01-31
13624,646,16728,debit,atm,2024-11-08
13625,267,13115,debit,food,2024-05-14
13626,333,4834,debit,atm,2024-06-07
13627,780,45739,debit,salary,2024-04-18
13628,450,15262,debit,shopping,2024-08-29
13629,565,49692,credit,atm,2024-07-06
13630,611,44605,debit,atm,2024-07-02
13631,247,9759,debit,food,2024-06-08
13632,36,16895,debit,atm,2024-04-03
13633,401,33681,debit,atm,2024-11-12
13634,28,29017,debit,transfer,2024-07-07
13635,220,18214,debit,salary,2024-03-16
13636,406,6743,debit,food,2024-12-20
13637,614,13369,debit,atm,2024-09-22
13638,775,18458,debit,salary,2024-03-09
13639,271,33417,debit,food,2024-03-27
13640,736,47320,debit,atm,2024-11-24
13641,651,32593,debit,shopping,2024-04-06
13642,792,18421,credit,transfer,2024-09-10
13643,511,303,debit,food,2024-10-19
13644,963,15818,debit,shopping,2024-12-18
13645,286,36456,debit,food,2024-01-02
13646,454,35404,debit,food,2024-10-24
13647,762,22272,credit,transfer,2024-07-14
13648,834,8398,debit,shopping,2024-12-15
13649,317,20295,credit,atm,2024-05-17
13650,590,35569,credit,salary,2024-01-31
13651,297,44957,credit,shopping,2024-07-25
13652,338,10511,credit,food,2024-01-06
13653,307,7925,debit,shopping,2024-03-05
13654,428,31338,debit,salary,2024-09-05
13655,351,38842,debit,shopping,2024-07-20
13656,511,4190,credit,salary,2024-03-21
13657,525,23440,debit,transfer,2024-12-01
13658,858,27251,debit,food,2024-12-01
13659,492,43427,debit,atm,2024-12-20
13660,908,9352,debit,shopping,2024-02-28
13661,594,35414,debit,transfer,2024-08-07
13662,9,3836,debit,shopping,2024-08-30
13663,497,47468,debit,transfer,2024-05-20
13664,725,1772,debit,salary,2024-09-18
13665,560,501,debit,transfer,2024-07-05
13666,561,15422,debit,salary,2024-08-18
13667,821,25277,credit,transfer,2024-03-30
13668,440,11291,debit,shopping,2024-12-29
13669,552,37181,debit,atm,2024-09-02
13670,875,14765,debit,food,2024-11-17
13671,792,44512,debit,atm,2024-12-07
13672,738,44694,debit,transfer,2024-02-11
13673,968,49339,debit,salary,2024-05-24
13674,108,49171,debit,shopping,2024-01-23
13675,245,39147,debit,food,2024-05-22
13676,255,31613,credit,food,2024-02-25
13677,33,3067,debit,shopping,2024-08-09
13678,23,37118,debit,transfer,2024-03-05
13679,845,24895,debit,food,2024-12-26
13680,566,3338,debit,shopping,2024-12-01
13681,821,8613,debit,transfer,2024-08-04
13682,49,2838,credit,shopping,2024-04-21
13683,462,5036,credit,food,2024-09-06
13684,590,34704,debit,atm,2024-03-27
13685,336,30906,credit,food,2024-10-16
13686,945,1668,credit,food,2024-12-22
13687,358,43382,debit,atm,2024-04-21
13688,122,30960,credit,transfer,2024-08-28
13689,444,46915,debit,shopping,2024-09-24
13690,359,4820,debit,transfer,2024-03-27
13691,602,40825,credit,transfer,2024-03-12
13692,346,44023,debit,shopping,2024-08-14
13693,193,8644,debit,transfer,2024-05-07
13694,416,25704,debit,salary,2024-03-20
13695,377,39393,credit,food,2024-03-24
13696,463,16183,debit,salary,2024-01-28
13697,756,8035,debit,shopping,2024-11-01
13698,661,30129,debit,atm,2024-05-17
13699,146,26685,debit,atm,2024-12-16
13700,478,23998,debit,shopping,2024-01-11
13701,828,23549,debit,shopping,2024-06-23
13702,890,6837,credit,transfer,2024-05-15
13703,653,35408,debit,food,2024-01-31
13704,408,20303,credit,salary,2024-12-22
13705,286,29159,debit,shopping,2024-06-13
13706,898,25548,debit,atm,2024-06-09
13707,851,17318,credit,food,2024-05-16
13708,111,19808,credit,food,2024-06-22
13709,620,17113,debit,transfer,2024-09-25
13710,879,3086,debit,atm,2024-08-31
13711,793,47826,debit,food,2024-02-21
13712,50,24417,debit,atm,2024-07-07
13713,14,25482,credit,salary,2024-01-10
13714,134,6585,debit,atm,2024-06-18
13715,588,30604,credit,food,2024-06-13
13716,596,23628,debit,atm,2024-01-15
13717,343,11872,debit,atm,2024-12-27
13718,670,10252,debit,atm,2024-06-04
13719,286,12631,debit,food,2024-06-13
13720,934,30178,debit,salary,2024-07-11
13721,314,38735,debit,atm,2024-11-10
13722,606,26019,credit,salary,2024-02-25
13723,297,23000,credit,food,2024-10-12
13724,606,37494,debit,shopping,2024-08-31
13725,569,35130,debit,atm,2024-03-04
13726,164,2514,credit,salary,2024-11-18
13727,832,10453,debit,atm,2024-10-02
13728,497,15659,debit,transfer,2024-09-02
13729,610,12412,credit,transfer,2024-04-08
13730,16,27657,debit,food,2024-10-09
13731,344,38108,credit,salary,2024-05-19
13732,78,14153,debit,salary,2024-04-18
13733,346,41917,debit,atm,2024-08-30
13734,72,37990,debit,transfer,2024-02-10
13735,270,5093,debit,atm,2024-07-26
13736,287,18976,debit,atm,2024-08-11
13737,66,48481,debit,food,2024-02-20
13738,880,8311,debit,shopping,2024-12-18
13739,68,13615,debit,food,2024-03-20
13740,193,41865,debit,food,2024-01-29
13741,55,16435,debit,food,2024-12-12
13742,980,2275,debit,atm,2024-08-10
13743,379,2505,credit,atm,2024-02-20
13744,974,7441,debit,atm,2024-11-10
13745,168,24384,debit,atm,2024-03-28
13746,409,28102,credit,transfer,2024-06-07
13747,508,25556,credit,salary,2024-05-16
13748,537,26360,credit,transfer,2024-04-18
13749,643,44024,debit,salary,2024-10-12
13750,837,16063,credit,atm,2024-03-30
13751,102,18089,debit,transfer,2024-10-22
13752,886,19041,debit,salary,2024-01-07
13753,794,25119,debit,shopping,2024-05-18
13754,808,15879,credit,food,2024-01-03
13755,806,18526,credit,salary,2024-09-09
13756,422,30283,credit,transfer,2024-08-12
13757,964,878,debit,transfer,2024-01-20
13758,775,36027,debit,shopping,2024-09-17
13759,478,6495,debit,salary,2024-06-10
13760,926,34614,credit,food,2024-05-21
13761,120,6074,debit,transfer,2024-02-14
13762,915,5250,credit,atm,2024-11-04
13763,743,12232,debit,atm,2024-10-06
13764,291,49672,credit,salary,2024-08-09
13765,488,42911,debit,shopping,2024-07-09
13766,161,18592,credit,food,2024-01-09
13767,673,37542,credit,salary,2024-07-09
13768,78,36864,debit,salary,2024-11-07
13769,38,22566,debit,food,2024-11-28
13770,394,9650,credit,transfer,2024-11-28
13771,441,35494,debit,atm,2024-07-17
13772,540,33358,debit,transfer,2024-07-21
13773,462,9587,debit,shopping,2024-05-07
13774,612,10373,debit,food,2024-04-22
13775,294,31031,debit,transfer,2024-02-11
13776,400,19855,debit,salary,2024-01-01
13777,636,13784,debit,salary,2024-03-04
13778,917,26848,debit,shopping,2024-08-07
13779,92,11466,debit,shopping,2024-03-12
13780,767,31963,debit,food,2024-01-15
13781,609,28429,credit,transfer,2024-11-20
13782,6,48774,debit,salary,2024-10-27
13783,681,37857,debit,food,2024-03-29
13784,895,44889,debit,food,2024-03-20
13785,271,26625,debit,salary,2024-06-16
13786,620,36248,credit,transfer,2024-03-31
13787,899,38557,credit,atm,2024-03-03
13788,811,41471,debit,shopping,2024-12-14
13789,559,40341,debit,transfer,2024-06-28
13790,99,1776,credit,atm,2024-09-19
13791,526,40658,credit,atm,2024-08-03
13792,194,5382,debit,salary,2024-11-06
13793,157,26322,credit,atm,2024-02-16
13794,900,13476,debit,shopping,2024-12-18
13795,666,9531,debit,food,2024-06-14
13796,115,33470,debit,transfer,2024-12-25
13797,396,2037,debit,shopping,2024-10-25
13798,770,24605,debit,atm,2024-07-16
13799,657,24701,debit,food,2024-05-15
13800,803,39680,debit,food,2024-12-07
13801,522,29355,credit,atm,2024-06-26
13802,880,1167,debit,shopping,2024-03-18
13803,214,13501,debit,atm,2024-05-20
13804,745,38120,debit,transfer,2024-11-01
13805,683,13572,debit,food,2024-04-05
13806,533,33247,debit,salary,2024-11-29
13807,15,25960,credit,food,2024-06-11
13808,419,20231,credit,atm,2024-01-25
13809,368,5296,debit,atm,2024-01-31
13810,638,21616,debit,salary,2024-09-03
13811,853,22524,credit,salary,2024-02-18
13812,853,13981,debit,food,2024-06-19
13813,213,30693,debit,atm,2024-10-27
13814,700,44987,credit,food,2024-04-25
13815,684,41605,credit,shopping,2024-07-30
13816,992,5359,debit,atm,2024-12-22
13817,759,24950,debit,food,2024-01-07
13818,5,44501,debit,atm,2024-07-20
13819,231,31693,debit,atm,2024-05-13
13820,201,10561,debit,transfer,2024-08-04
13821,885,27784,debit,food,2024-11-01
13822,402,35790,debit,atm,2024-10-27
13823,149,29924,credit,salary,2024-06-30
13824,584,3487,debit,salary,2024-05-03
13825,492,21926,debit,transfer,2024-05-24
13826,226,14653,credit,atm,2024-12-07
13827,586,42930,debit,food,2024-12-08
13828,819,7059,debit,food,2024-07-10
13829,169,42815,credit,salary,2024-04-08
13830,761,29479,credit,shopping,2024-04-29
13831,792,22774,debit,atm,2024-12-24
13832,1000,9659,debit,transfer,2024-04-25
13833,152,32352,debit,transfer,2024-10-08
13834,224,26204,debit,atm,2024-09-19
13835,504,651,credit,atm,2024-06-10
13836,737,233,debit,transfer,2024-01-05
13837,550,6707,debit,transfer,2024-07-23
13838,44,11203,debit,food,2024-10-15
13839,697,43073,debit,transfer,2024-06-19
13840,504,29958,credit,salary,2024-10-15
13841,955,39467,debit,transfer,2024-07-29
13842,241,13472,debit,transfer,2024-12-26
13843,930,37992,credit,salary,2024-07-07
13844,843,33928,debit,salary,2024-05-25
13845,351,14148,credit,atm,2024-05-21
13846,722,30523,credit,transfer,2024-06-07
13847,23,18670,credit,salary,2024-03-21
13848,636,19149,debit,food,2024-05-14
13849,598,36038,debit,shopping,2024-12-06
13850,43,11019,debit,salary,2024-03-11
13851,466,31780,debit,shopping,2024-05-08
13852,40,49847,credit,transfer,2024-12-07
13853,303,48451,debit,food,2024-10-04
13854,681,36974,debit,food,2024-03-27
13855,175,36289,debit,atm,2024-04-01
13856,999,16403,debit,atm,2024-07-09
13857,532,35146,debit,transfer,2024-08-19
13858,461,17648,credit,salary,2024-09-12
13859,621,17101,debit,food,2024-02-15
13860,193,45920,debit,transfer,2024-02-26
13861,244,32799,credit,transfer,2024-08-09
13862,836,28820,debit,salary,2024-06-21
13863,280,33318,credit,food,2024-07-20
13864,740,10090,credit,food,2024-11-27
13865,36,12878,credit,food,2024-01-13
13866,557,40240,debit,atm,2024-10-19
13867,898,34760,debit,food,2024-04-03
13868,540,22012,debit,shopping,2024-05-21
13869,154,46230,credit,salary,2024-10-19
13870,23,26898,debit,food,2024-09-07
13871,719,3908,debit,salary,2024-04-12
13872,932,9576,debit,salary,2024-12-12
13873,91,16706,debit,shopping,2024-09-26
13874,390,29040,credit,food,2024-07-12
13875,931,23437,debit,salary,2024-06-09
13876,359,23520,credit,food,2024-09-12
13877,550,29690,debit,shopping,2024-06-29
13878,931,29156,debit,atm,2024-03-29
13879,228,1709,debit,atm,2024-02-24
13880,202,29397,debit,atm,2024-06-21
13881,350,27966,credit,atm,2024-10-19
13882,821,34091,debit,transfer,2024-06-03
13883,766,2007,debit,salary,2024-08-05
13884,38,15078,debit,transfer,2024-06-28
13885,733,26038,debit,food,2024-12-07
13886,500,11043,debit,atm,2024-05-06
13887,699,5910,debit,food,2024-06-23
13888,43,45029,debit,shopping,2024-02-27
13889,871,46931,debit,salary,2024-05-14
13890,626,37805,credit,shopping,2024-05-20
13891,772,22232,debit,salary,2024-02-17
13892,517,17715,debit,shopping,2024-06-04
13893,68,45128,debit,shopping,2024-07-02
13894,740,10039,credit,salary,2024-08-03
13895,123,43618,debit,food,2024-06-11
13896,685,30054,debit,shopping,2024-05-04
13897,336,837,debit,salary,2024-11-06
13898,153,20920,debit,salary,2024-12-18
13899,974,48803,debit,shopping,2024-05-16
13900,779,43011,credit,food,2024-04-25
13901,669,49781,debit,atm,2024-05-09
13902,162,12421,credit,transfer,2024-10-04
13903,214,32667,credit,atm,2024-07-31
13904,910,4518,debit,shopping,2024-10-06
13905,376,42264,credit,shopping,2024-07-24
13906,920,2086,debit,salary,2024-11-05
13907,443,33214,debit,food,2024-08-12
13908,423,38693,debit,food,2024-07-04
13909,538,34083,debit,shopping,2024-07-04
13910,939,46758,debit,food,2024-11-28
13911,804,43828,debit,transfer,2024-03-03
13912,935,22282,debit,food,2024-07-09
13913,701,32089,debit,food,2024-12-29
13914,912,33112,debit,salary,2024-10-26
13915,634,46987,debit,shopping,2024-03-15
13916,230,23542,credit,food,2024-07-12
13917,59,11343,debit,shopping,2024-08-16
13918,96,232,credit,food,2024-12-13
13919,262,15656,credit,food,2024-04-27
13920,354,17854,debit,food,2024-07-13
13921,312,33955,credit,salary,2024-05-31
13922,136,9939,debit,food,2024-11-23
13923,862,42951,debit,atm,2024-07-16
13924,795,46283,debit,transfer,2024-04-08
13925,967,20486,debit,food,2024-04-29
13926,923,43320,credit,atm,2024-09-10
13927,473,13928,credit,shopping,2024-07-23
13928,632,41178,debit,salary,2024-12-27
13929,430,35771,debit,shopping,2024-09-10
13930,937,23306,debit,salary,2024-06-07
13931,975,994,debit,shopping,2024-10-12
13932,537,1365,debit,shopping,2024-02-09
13933,854,22907,debit,transfer,2024-08-25
13934,146,31243,credit,transfer,2024-04-26
13935,524,49614,credit,transfer,2024-01-14
13936,87,10065,credit,shopping,2024-02-13
13937,947,30512,debit,salary,2024-08-07
13938,109,32329,debit,transfer,2024-06-10
13939,423,32848,debit,salary,2024-06-15
13940,345,41373,debit,salary,2024-05-11
13941,266,18190,debit,food,2024-08-03
13942,734,40202,debit,atm,2024-10-24
13943,586,28141,credit,shopping,2024-05-18
13944,994,13474,credit,atm,2024-12-08
13945,494,46216,debit,shopping,2024-04-15
13946,333,15475,credit,salary,2024-10-14
13947,822,2493,credit,atm,2024-05-02
13948,413,11902,debit,food,2024-11-01
13949,614,36562,debit,atm,2024-02-22
13950,937,15011,debit,atm,2024-05-11
13951,649,20164,debit,food,2024-05-26
13952,191,10755,debit,food,2024-11-22
13953,973,41964,debit,transfer,2024-02-02
13954,933,6510,credit,shopping,2024-03-18
13955,142,36265,credit,salary,2024-11-28
13956,869,20481,debit,atm,2024-05-02
13957,73,45899,debit,atm,2024-03-23
13958,840,33778,debit,salary,2024-02-24
13959,167,23070,debit,food,2024-01-09
13960,168,26421,debit,food,2024-07-08
13961,566,18607,credit,atm,2024-11-13
13962,259,18335,debit,atm,2024-02-17
13963,439,47783,debit,salary,2024-09-05
13964,111,12963,debit,salary,2024-12-11
13965,744,44825,credit,shopping,2024-03-08
13966,673,1715,credit,food,2024-10-30
13967,864,10682,debit,transfer,2024-12-13
13968,839,27438,debit,transfer,2024-11-06
13969,531,9497,debit,salary,2024-06-20
13970,290,36894,credit,shopping,2024-11-22
13971,974,29755,debit,atm,2024-11-08
13972,562,39737,credit,salary,2024-12-19
13973,510,43739,debit,salary,2024-09-20
13974,175,18930,credit,salary,2024-07-02
13975,302,36180,debit,transfer,2024-01-10
13976,696,8114,credit,salary,2024-07-11
13977,185,37887,debit,shopping,2024-09-12
13978,339,43161,debit,transfer,2024-02-14
13979,510,3316,credit,shopping,2024-06-15
13980,819,21959,debit,transfer,2024-10-28
13981,310,20153,credit,shopping,2024-08-18
13982,507,11322,debit,food,2024-09-29
13983,346,19008,credit,food,2024-03-22
13984,81,28793,debit,transfer,2024-08-13
13985,374,23982,debit,food,2024-05-07
13986,156,13703,credit,atm,2024-11-18
13987,787,27983,debit,shopping,2024-11-27
13988,795,13440,credit,transfer,2024-07-08
13989,432,43802,credit,food,2024-03-08
13990,500,18445,debit,transfer,2024-06-12
13991,761,22787,debit,atm,2024-01-09
13992,147,29681,credit,transfer,2024-06-11
13993,481,37493,credit,transfer,2024-08-04
13994,435,28297,debit,salary,2024-02-21
13995,519,8392,debit,salary,2024-04-27
13996,669,42373,debit,salary,2024-12-11
13997,683,3548,debit,salary,2024-04-10
13998,69,19728,debit,shopping,2024-04-21
13999,606,14778,debit,atm,2024-12-12
14000,881,38915,credit,transfer,2024-11-09
14001,875,26577,debit,atm,2024-05-31
14002,888,1314,debit,transfer,2024-02-28
14003,186,24090,debit,salary,2024-02-06
14004,904,20110,credit,shopping,2024-04-13
14005,682,42426,debit,transfer,2024-08-23
14006,204,40743,debit,transfer,2024-02-07
14007,554,31664,debit,food,2024-01-15
14008,13,46787,debit,shopping,2024-05-23
14009,666,48093,debit,shopping,2024-11-06
14010,274,44683,credit,shopping,2024-09-06
14011,298,38347,debit,atm,2024-10-08
14012,51,25178,credit,salary,2024-08-26
14013,500,272,debit,food,2024-10-21
14014,369,17370,debit,atm,2024-02-16
14015,724,28208,debit,salary,2024-04-01
14016,656,16144,credit,transfer,2024-06-25
14017,357,6363,debit,food,2024-06-13
14018,3,20852,credit,atm,2024-02-07
14019,254,11721,debit,food,2024-04-09
14020,475,42469,credit,salary,2024-03-02
14021,847,7156,credit,atm,2024-03-01
14022,506,21437,debit,atm,2024-07-20
14023,256,14345,credit,food,2024-04-27
14024,610,32776,debit,transfer,2024-01-08
14025,685,48546,debit,transfer,2024-10-20
14026,150,360,debit,transfer,2024-04-15
14027,488,1452,debit,salary,2024-10-18
14028,279,5343,debit,food,2024-02-25
14029,59,42559,debit,salary,2024-02-14
14030,446,45433,debit,salary,2024-11-01
14031,113,19490,debit,transfer,2024-01-20
14032,836,28294,debit,transfer,2024-07-01
14033,755,30947,debit,transfer,2024-04-11
14034,822,49783,credit,food,2024-12-28
14035,569,19304,credit,food,2024-12-13
14036,489,266,credit,transfer,2024-10-14
14037,407,21410,debit,salary,2024-07-22
14038,367,45391,debit,food,2024-07-19
14039,60,17539,debit,atm,2024-02-12
14040,329,1354,debit,salary,2024-11-30
14041,728,4386,credit,salary,2024-01-02
14042,469,8109,credit,shopping,2024-07-30
14043,745,4107,debit,food,2024-06-18
14044,567,15092,debit,atm,2024-05-22
14045,885,40626,credit,food,2024-04-02
14046,720,9823,credit,salary,2024-05-01
14047,63,28204,debit,food,2024-07-31
14048,184,14690,debit,salary,2024-09-12
14049,311,15738,debit,atm,2024-09-06
14050,793,45102,debit,salary,2024-04-14
14051,538,46879,credit,transfer,2024-11-09
14052,177,25648,debit,salary,2024-08-17
14053,575,40757,debit,transfer,2024-12-20
14054,429,12116,debit,atm,2024-09-06
14055,73,48283,debit,atm,2024-04-17
14056,847,4844,debit,salary,2024-03-02
14057,167,24781,debit,transfer,2024-02-26
14058,225,42664,debit,salary,2024-09-07
14059,577,44833,credit,atm,2024-05-11
14060,581,37155,debit,transfer,2024-03-18
14061,952,33870,debit,shopping,2024-12-25
14062,9,46457,debit,shopping,2024-12-17
14063,236,30339,debit,atm,2024-10-14
14064,710,30994,debit,transfer,2024-11-29
14065,924,30565,debit,salary,2024-06-10
14066,685,13022,debit,atm,2024-10-22
14067,794,184,debit,atm,2024-02-04
14068,28,45883,debit,food,2024-01-15
14069,808,15473,credit,salary,2024-11-02
14070,911,5256,debit,salary,2024-01-20
14071,646,40062,debit,shopping,2024-10-19
14072,27,38651,credit,food,2024-02-07
14073,550,38563,credit,salary,2024-05-28
14074,196,45225,debit,salary,2024-08-03
14075,203,49405,debit,shopping,2024-01-10
14076,85,9753,debit,food,2024-04-09
14077,832,22898,debit,food,2024-08-01
14078,30,23168,credit,transfer,2024-04-10
14079,466,34887,debit,atm,2024-12-28
14080,99,25773,debit,transfer,2024-10-06
14081,899,16255,debit,food,2024-01-04
14082,190,670,debit,shopping,2024-04-27
14083,12,40790,debit,transfer,2024-05-30
14084,603,16300,credit,shopping,2024-02-11
14085,30,11869,credit,food,2024-12-13
14086,725,39021,debit,shopping,2024-04-26
14087,38,19175,debit,transfer,2024-01-19
14088,853,24153,debit,food,2024-12-27
14089,572,10401,debit,food,2024-01-24
14090,294,5607,debit,transfer,2024-08-23
14091,360,37737,debit,atm,2024-09-14
14092,655,48459,debit,transfer,2024-01-07
14093,914,3755,debit,transfer,2024-05-03
14094,180,16447,debit,salary,2024-01-01
14095,797,22153,credit,food,2024-06-27
14096,112,2592,credit,salary,2024-07-06
14097,742,12404,debit,salary,2024-06-07
14098,444,39380,debit,salary,2024-01-30
14099,21,31503,credit,shopping,2024-03-17
14100,145,48111,credit,transfer,2024-01-18
14101,499,41642,debit,salary,2024-07-04
14102,146,37218,debit,shopping,2024-09-29
14103,441,10982,debit,shopping,2024-10-28
14104,887,37524,credit,food,2024-04-21
14105,421,8611,credit,transfer,2024-01-19
14106,316,20799,debit,atm,2024-01-12
14107,166,21278,credit,transfer,2024-08-05
14108,652,17921,debit,shopping,2024-12-03
14109,203,16515,debit,transfer,2024-11-01
14110,496,814,debit,food,2024-01-06
14111,756,47957,debit,transfer,2024-12-17
14112,625,9331,credit,shopping,2024-11-06
14113,468,16892,credit,shopping,2024-05-03
14114,713,48031,credit,salary,2024-12-30
14115,385,48876,debit,shopping,2024-12-26
14116,314,7446,credit,food,2024-01-15
14117,771,40906,debit,shopping,2024-12-16
14118,255,24224,debit,transfer,2024-10-11
14119,959,24148,debit,atm,2024-12-03
14120,917,21515,debit,shopping,2024-07-17
14121,23,17611,credit,food,2024-10-16
14122,905,41766,debit,food,2024-04-02
14123,758,12131,debit,food,2024-02-06
14124,339,11315,credit,food,2024-07-10
14125,493,11951,debit,transfer,2024-04-04
14126,823,33650,debit,salary,2024-03-11
14127,511,38168,debit,atm,2024-01-06
14128,366,1278,debit,salary,2024-09-03
14129,372,2506,debit,salary,2024-12-20
14130,915,46414,credit,salary,2024-02-24
14131,830,19291,credit,transfer,2024-10-21
14132,599,45320,debit,atm,2024-10-07
14133,219,19248,debit,shopping,2024-04-07
14134,475,31246,credit,shopping,2024-03-23
14135,423,2824,debit,atm,2024-09-16
14136,356,35403,credit,atm,2024-08-03
14137,460,10240,credit,food,2024-10-15
14138,503,22784,credit,salary,2024-08-22
14139,27,24340,credit,food,2024-11-17
14140,942,19630,credit,transfer,2024-06-26
14141,802,23062,debit,transfer,2024-09-23
14142,801,1301,debit,atm,2024-02-03
14143,860,10111,credit,transfer,2024-09-03
14144,223,35757,debit,atm,2024-08-07
14145,864,49896,debit,shopping,2024-05-29
14146,690,10651,credit,salary,2024-10-24
14147,148,20706,debit,transfer,2024-08-17
14148,424,12764,debit,food,2024-08-31
14149,739,48572,debit,transfer,2024-07-24
14150,351,4420,debit,salary,2024-06-14
14151,186,3188,credit,transfer,2024-09-21
14152,415,41556,credit,atm,2024-09-11
14153,806,43076,credit,transfer,2024-12-09
14154,982,8764,debit,shopping,2024-01-29
14155,429,42948,debit,shopping,2024-11-11
14156,41,40793,debit,transfer,2024-12-12
14157,905,1260,debit,food,2024-11-11
14158,393,10814,credit,transfer,2024-05-05
14159,703,4412,debit,atm,2024-11-27
14160,79,41255,debit,atm,2024-05-15
14161,717,20945,debit,atm,2024-04-15
14162,896,19250,debit,food,2024-04-14
14163,790,35315,credit,shopping,2024-05-28
14164,784,22128,debit,atm,2024-07-02
14165,544,31409,debit,atm,2024-06-24
14166,450,37177,debit,transfer,2024-10-29
14167,474,43448,debit,shopping,2024-09-21
14168,142,41178,debit,atm,2024-03-18
14169,251,36364,credit,atm,2024-11-06
14170,294,34584,credit,transfer,2024-10-13
14171,610,27559,debit,transfer,2024-12-01
14172,136,21421,debit,salary,2024-03-31
14173,484,48600,credit,transfer,2024-11-17
14174,789,34540,credit,transfer,2024-01-31
14175,312,42262,debit,salary,2024-06-26
14176,814,1555,debit,atm,2024-11-11
14177,555,14131,debit,transfer,2024-11-13
14178,632,46100,debit,food,2024-06-15
14179,732,23029,credit,salary,2024-03-08
14180,46,32237,debit,salary,2024-01-30
14181,236,49208,debit,atm,2024-03-07
14182,48,39894,debit,transfer,2024-03-08
14183,198,29337,credit,food,2024-07-04
14184,84,48306,debit,atm,2024-03-17
14185,543,36846,credit,transfer,2024-06-29
14186,161,2571,debit,atm,2024-01-14
14187,428,41177,debit,salary,2024-05-17
14188,71,467,debit,salary,2024-10-04
14189,520,13517,debit,transfer,2024-07-09
14190,969,3474,debit,atm,2024-03-01
14191,898,6873,debit,transfer,2024-06-22
14192,913,14305,debit,shopping,2024-10-19
14193,52,36680,debit,transfer,2024-10-03
14194,45,22469,credit,shopping,2024-10-14
14195,293,18681,debit,salary,2024-07-25
14196,938,47219,debit,food,2024-09-10
14197,812,33768,debit,salary,2024-10-06
14198,465,16676,debit,food,2024-11-25
14199,885,2870,credit,atm,2024-12-17
14200,550,44408,debit,food,2024-11-09
14201,867,38048,debit,atm,2024-05-14
14202,380,48176,debit,shopping,2024-02-15
14203,743,39547,debit,atm,2024-05-05
14204,478,3706,debit,transfer,2024-07-31
14205,262,14778,debit,transfer,2024-03-14
14206,580,33125,debit,transfer,2024-03-27
14207,179,14488,credit,salary,2024-01-05
14208,357,17134,debit,transfer,2024-08-28
14209,419,43378,credit,atm,2024-07-05
14210,698,31020,debit,atm,2024-09-06
14211,953,35293,debit,atm,2024-07-16
14212,201,15111,credit,transfer,2024-01-22
14213,902,32447,debit,shopping,2024-01-28
14214,13,31354,debit,shopping,2024-01-19
14215,443,33265,debit,salary,2024-04-22
14216,726,11206,debit,atm,2024-01-14
14217,732,21886,debit,atm,2024-06-24
14218,286,17044,debit,salary,2024-07-25
14219,756,8481,credit,atm,2024-05-29
14220,868,41264,credit,food,2024-10-28
14221,258,11307,debit,salary,2024-12-06
14222,570,28815,debit,atm,2024-07-29
14223,548,3471,credit,salary,2024-05-20
14224,840,31459,debit,food,2024-10-04
14225,941,35909,debit,food,2024-05-17
14226,490,6944,debit,transfer,2024-02-13
14227,498,42765,debit,atm,2024-10-06
14228,905,21882,credit,food,2024-03-12
14229,894,49964,credit,food,2024-04-22
14230,705,36324,credit,food,2024-07-01
14231,333,10976,credit,transfer,2024-08-18
14232,562,23431,debit,atm,2024-02-19
14233,975,37274,debit,salary,2024-08-21
14234,32,46033,debit,transfer,2024-02-27
14235,610,44659,debit,atm,2024-04-06
14236,43,13244,debit,food,2024-06-24
14237,893,7749,debit,transfer,2024-08-16
14238,351,36745,credit,shopping,2024-12-14
14239,334,38519,debit,shopping,2024-12-17
14240,822,12918,debit,food,2024-03-12
14241,559,36980,debit,atm,2024-12-17
14242,270,31873,credit,atm,2024-03-26
14243,944,37433,debit,transfer,2024-06-21
14244,823,25230,credit,shopping,2024-01-26
14245,413,26816,credit,atm,2024-03-21
14246,943,37845,debit,transfer,2024-12-27
14247,575,31397,credit,transfer,2024-03-22
14248,19,19162,debit,shopping,2024-02-28
14249,347,29592,debit,food,2024-05-10
14250,905,41643,debit,transfer,2024-09-30
14251,613,21425,credit,food,2024-12-05
14252,37,10288,debit,shopping,2024-09-02
14253,619,941,debit,transfer,2024-02-11
14254,92,10667,debit,salary,2024-11-13
14255,820,36906,debit,shopping,2024-08-22
14256,185,34672,debit,shopping,2024-01-30
14257,728,9021,credit,salary,2024-03-01
14258,28,4449,debit,shopping,2024-10-18
14259,548,9755,debit,salary,2024-02-24
14260,372,47774,debit,salary,2024-09-16
14261,832,14979,credit,shopping,2024-09-27
14262,530,5046,debit,salary,2024-04-21
14263,345,43227,debit,salary,2024-07-17
14264,419,23602,credit,shopping,2024-04-05
14265,196,29593,debit,salary,2024-04-06
14266,78,6757,debit,food,2024-11-08
14267,167,48857,credit,shopping,2024-11-14
14268,90,13366,debit,shopping,2024-11-28
14269,264,6340,debit,food,2024-11-15
14270,472,21450,debit,atm,2024-05-24
14271,208,42453,debit,transfer,2024-11-04
14272,724,48644,debit,salary,2024-06-16
14273,271,16740,debit,salary,2024-08-17
14274,263,32995,debit,transfer,2024-03-10
14275,506,42442,debit,salary,2024-05-06
14276,785,29951,debit,salary,2024-02-19
14277,512,12020,debit,food,2024-11-19
14278,854,14492,debit,food,2024-09-27
14279,726,15017,debit,food,2024-03-12
14280,886,30743,credit,food,2024-09-02
14281,576,29327,debit,shopping,2024-08-30
14282,524,23351,credit,salary,2024-04-17
14283,722,24338,debit,transfer,2024-01-08
14284,312,27823,debit,salary,2024-10-07
14285,174,35073,credit,shopping,2024-07-23
14286,431,28856,debit,shopping,2024-10-07
14287,768,8613,debit,salary,2024-01-18
14288,463,43416,debit,salary,2024-03-13
14289,101,30325,debit,food,2024-07-16
14290,16,4479,credit,shopping,2024-01-14
14291,709,40935,debit,salary,2024-04-12
14292,258,11405,debit,transfer,2024-08-05
14293,896,31822,debit,transfer,2024-10-18
14294,244,12248,debit,food,2024-02-05
14295,348,13001,credit,food,2024-07-21
14296,249,10988,debit,salary,2024-05-25
14297,105,30199,debit,transfer,2024-01-15
14298,694,42576,credit,shopping,2024-09-12
14299,667,44353,debit,atm,2024-12-10
14300,287,20808,credit,transfer,2024-09-28
14301,169,46985,debit,shopping,2024-03-16
14302,420,27721,debit,transfer,2024-01-14
14303,47,30101,debit,salary,2024-02-16
14304,43,32671,debit,atm,2024-06-30
14305,321,14320,debit,atm,2024-02-27
14306,818,24794,credit,salary,2024-07-23
14307,221,16321,debit,salary,2024-08-18
14308,513,39949,debit,food,2024-06-06
14309,712,2471,debit,shopping,2024-10-28
14310,441,37884,debit,shopping,2024-01-16
14311,144,39170,credit,food,2024-05-08
14312,890,39250,debit,shopping,2024-06-17
14313,28,45475,debit,atm,2024-08-08
14314,854,44320,debit,transfer,2024-10-09
14315,850,22936,debit,atm,2024-07-23
14316,790,27261,debit,food,2024-03-02
14317,553,21280,credit,shopping,2024-02-24
14318,844,15965,debit,shopping,2024-11-02
14319,659,18925,debit,transfer,2024-04-26
14320,857,27375,debit,transfer,2024-03-09
14321,690,1117,debit,transfer,2024-12-09
14322,827,20985,debit,atm,2024-07-19
14323,837,35915,credit,food,2024-04-06
14324,930,46360,credit,food,2024-08-25
14325,167,10360,debit,food,2024-04-10
14326,635,46762,debit,atm,2024-04-06
14327,586,11957,credit,salary,2024-10-20
14328,751,37118,credit,shopping,2024-10-11
14329,249,29330,credit,atm,2024-10-17
14330,775,24869,debit,food,2024-10-02
14331,764,40259,debit,atm,2024-05-26
14332,357,35314,debit,atm,2024-10-07
14333,111,32592,debit,salary,2024-04-02
14334,692,23607,debit,transfer,2024-10-08
14335,700,43579,credit,food,2024-07-12
14336,820,22779,debit,atm,2024-07-07
14337,719,44987,debit,transfer,2024-05-07
14338,234,3787,debit,shopping,2024-02-14
14339,24,49235,debit,shopping,2024-09-18
14340,26,7964,debit,shopping,2024-07-04
14341,381,6227,debit,atm,2024-11-24
14342,730,29573,debit,atm,2024-02-12
14343,346,49804,debit,salary,2024-09-28
14344,378,13934,debit,food,2024-01-14
14345,522,9021,debit,transfer,2024-03-14
14346,17,28673,debit,shopping,2024-01-19
14347,245,37976,credit,transfer,2024-02-20
14348,718,4366,debit,salary,2024-10-30
14349,770,37813,debit,shopping,2024-05-19
14350,624,9085,credit,transfer,2024-07-16
14351,717,22168,debit,food,2024-10-17
14352,539,24800,debit,food,2024-07-16
14353,969,8466,credit,salary,2024-01-06
14354,583,35419,credit,transfer,2024-12-20
14355,688,3948,debit,salary,2024-08-23
14356,202,30572,credit,salary,2024-09-23
14357,248,3556,debit,salary,2024-09-07
14358,118,19242,credit,atm,2024-12-12
14359,9,12131,debit,food,2024-01-26
14360,598,20239,debit,atm,2024-03-12
14361,23,20126,debit,atm,2024-03-29
14362,967,40987,credit,food,2024-03-23
14363,240,28877,credit,salary,2024-11-01
14364,585,43030,credit,transfer,2024-01-26
14365,27,1760,debit,salary,2024-09-27
14366,984,27251,debit,salary,2024-10-06
14367,861,24713,debit,atm,2024-11-28
14368,81,29166,debit,transfer,2024-07-05
14369,596,13308,debit,food,2024-11-08
14370,199,43584,credit,shopping,2024-03-21
14371,555,45877,credit,food,2024-05-08
14372,1000,20060,debit,transfer,2024-05-18
14373,775,30802,credit,food,2024-10-02
14374,92,22942,credit,atm,2024-01-31
14375,851,11827,debit,transfer,2024-08-23
14376,959,46789,debit,shopping,2024-04-08
14377,84,32489,debit,shopping,2024-06-15
14378,300,26904,credit,transfer,2024-01-06
14379,935,13121,debit,food,2024-12-20
14380,296,44101,debit,shopping,2024-10-10
14381,647,19192,debit,transfer,2024-02-22
14382,454,29015,credit,transfer,2024-04-25
14383,281,45468,debit,transfer,2024-10-26
14384,59,10601,debit,salary,2024-03-05
14385,909,41290,credit,food,2024-07-26
14386,871,15839,debit,transfer,2024-08-28
14387,1000,43753,debit,transfer,2024-04-18
14388,342,7576,debit,salary,2024-09-24
14389,753,8031,debit,atm,2024-06-04
14390,465,13799,credit,salary,2024-09-12
14391,880,2904,debit,transfer,2024-03-12
14392,342,49004,credit,food,2024-08-10
14393,610,38443,debit,salary,2024-09-05
14394,62,11875,debit,transfer,2024-04-19
14395,776,43549,debit,food,2024-01-30
14396,625,47786,debit,salary,2024-12-23
14397,429,45974,credit,shopping,2024-03-25
14398,658,31686,debit,food,2024-01-30
14399,728,707,debit,transfer,2024-12-01
14400,256,31729,credit,food,2024-11-14
14401,828,37486,debit,food,2024-09-20
14402,828,14189,credit,transfer,2024-08-06
14403,874,48436,debit,shopping,2024-05-07
14404,770,29808,credit,food,2024-10-15
14405,706,37125,credit,transfer,2024-10-25
14406,347,48799,debit,food,2024-03-16
14407,526,48662,debit,atm,2024-10-25
14408,304,10323,credit,shopping,2024-02-14
14409,615,49453,debit,atm,2024-08-21
14410,245,23043,debit,food,2024-08-31
14411,757,21615,credit,shopping,2024-08-25
14412,824,29719,debit,transfer,2024-04-24
14413,780,34232,debit,atm,2024-06-12
14414,736,851,debit,shopping,2024-10-07
14415,732,46105,debit,shopping,2024-07-31
14416,823,47576,credit,food,2024-10-19
14417,412,40413,debit,atm,2024-04-30
14418,878,5444,credit,transfer,2024-02-25
14419,217,34073,debit,salary,2024-03-20
14420,516,9612,credit,food,2024-12-29
14421,474,36755,debit,shopping,2024-10-08
14422,36,34198,debit,atm,2024-02-26
14423,178,8722,debit,salary,2024-11-21
14424,387,37551,debit,shopping,2024-10-23
14425,769,18758,debit,atm,2024-02-20
14426,17,36233,credit,atm,2024-12-28
14427,711,17747,debit,salary,2024-01-12
14428,830,20720,debit,shopping,2024-04-06
14429,48,37167,debit,salary,2024-04-18
14430,62,3833,debit,transfer,2024-09-13
14431,69,29775,credit,food,2024-05-26
14432,659,1765,debit,food,2024-07-12
14433,871,960,credit,transfer,2024-12-08
14434,366,27718,debit,shopping,2024-08-24
14435,162,28016,credit,salary,2024-03-12
14436,739,11781,debit,food,2024-08-13
14437,945,16620,credit,transfer,2024-05-05
14438,976,22231,debit,atm,2024-09-16
14439,488,22978,debit,food,2024-01-27
14440,431,11524,debit,food,2024-01-26
14441,999,38654,credit,transfer,2024-12-18
14442,859,26896,debit,salary,2024-10-25
14443,489,9445,debit,food,2024-04-13
14444,230,27586,debit,salary,2024-12-30
14445,370,22684,debit,transfer,2024-02-09
14446,178,27086,debit,atm,2024-06-26
14447,857,11698,debit,food,2024-07-19
14448,410,8425,debit,salary,2024-07-20
14449,568,18545,credit,salary,2024-01-29
14450,590,37246,debit,shopping,2024-12-06
14451,270,43913,debit,salary,2024-09-03
14452,206,3830,debit,salary,2024-04-26
14453,793,11784,credit,transfer,2024-08-29
14454,740,38990,debit,salary,2024-09-30
14455,900,34663,credit,shopping,2024-12-02
14456,751,10141,debit,atm,2024-09-03
14457,975,8287,debit,shopping,2024-05-28
14458,800,37708,debit,atm,2024-11-13
14459,82,32724,debit,food,2024-04-05
14460,846,11019,debit,atm,2024-04-15
14461,762,3826,debit,atm,2024-08-08
14462,193,31816,credit,shopping,2024-06-23
14463,618,33127,credit,transfer,2024-01-26
14464,189,1943,debit,transfer,2024-03-31
14465,276,13854,debit,atm,2024-01-16
14466,74,28953,debit,shopping,2024-10-29
14467,10,2380,debit,transfer,2024-02-25
14468,635,25631,debit,transfer,2024-11-17
14469,216,29888,debit,shopping,2024-02-20
14470,290,7896,debit,atm,2024-10-09
14471,445,4667,debit,food,2024-04-19
14472,988,30311,debit,shopping,2024-03-06
14473,923,9400,credit,shopping,2024-03-02
14474,552,32250,debit,shopping,2024-03-11
14475,193,1355,credit,atm,2024-06-14
14476,639,31928,debit,atm,2024-01-06
14477,289,6562,debit,shopping,2024-04-29
14478,964,43300,credit,transfer,2024-02-28
14479,583,18142,debit,food,2024-10-01
14480,649,27660,debit,salary,2024-03-19
14481,144,19132,debit,shopping,2024-08-24
14482,389,47810,debit,shopping,2024-06-04
14483,866,12250,credit,atm,2024-05-17
14484,892,3471,debit,atm,2024-06-21
14485,407,19913,debit,salary,2024-12-16
14486,811,7720,credit,atm,2024-07-11
14487,370,3032,debit,atm,2024-06-26
14488,857,21570,credit,transfer,2024-05-23
14489,441,9878,debit,food,2024-11-13
14490,947,23133,debit,transfer,2024-08-21
14491,781,10404,debit,shopping,2024-11-17
14492,896,8219,credit,transfer,2024-05-26
14493,920,47425,debit,salary,2024-09-16
14494,651,14507,credit,transfer,2024-02-12
14495,564,5083,debit,atm,2024-05-25
14496,529,2621,debit,salary,2024-04-20
14497,677,19186,credit,salary,2024-06-22
14498,13,49270,debit,shopping,2024-12-30
14499,702,49211,debit,shopping,2024-09-02
14500,987,883,credit,atm,2024-10-28
14501,340,42766,debit,food,2024-07-31
14502,865,16898,debit,salary,2024-04-12
14503,874,8655,debit,atm,2024-06-06
14504,864,10867,debit,shopping,2024-07-10
14505,776,1203,debit,shopping,2024-02-10
14506,312,5409,credit,food,2024-05-12
14507,733,34039,debit,salary,2024-01-05
14508,104,8734,debit,salary,2024-07-19
14509,339,39276,debit,atm,2024-03-15
14510,198,12235,debit,food,2024-12-25
14511,300,32144,debit,transfer,2024-04-29
14512,444,21045,credit,atm,2024-02-07
14513,359,46578,debit,salary,2024-09-18
14514,368,39504,debit,atm,2024-07-04
14515,169,2689,credit,atm,2024-09-26
14516,149,10131,debit,atm,2024-08-09
14517,761,9795,debit,atm,2024-12-10
14518,768,15627,debit,salary,2024-01-13
14519,982,5822,debit,food,2024-06-03
14520,42,46270,debit,food,2024-07-02
14521,202,49974,debit,shopping,2024-03-08
14522,970,941,debit,shopping,2024-07-05
14523,244,18831,debit,transfer,2024-08-26
14524,669,745,debit,food,2024-09-07
14525,464,32216,debit,atm,2024-04-04
14526,449,41083,credit,shopping,2024-06-25
14527,913,29502,credit,atm,2024-01-18
14528,798,49258,debit,transfer,2024-07-21
14529,794,31849,debit,food,2024-11-27
14530,437,36569,credit,salary,2024-01-03
14531,893,14008,debit,transfer,2024-07-25
14532,750,42331,credit,salary,2024-02-26
14533,531,45321,debit,food,2024-11-20
14534,565,12815,debit,salary,2024-10-13
14535,597,38498,credit,food,2024-09-20
14536,273,48770,credit,atm,2024-01-10
14537,430,35424,debit,transfer,2024-01-03
14538,872,19438,credit,atm,2024-01-12
14539,213,7487,debit,food,2024-12-13
14540,949,23272,credit,food,2024-04-15
14541,873,26275,debit,atm,2024-12-15
14542,104,30895,debit,atm,2024-10-01
14543,192,42726,debit,atm,2024-07-27
14544,941,46498,debit,transfer,2024-01-14
14545,689,37529,debit,transfer,2024-04-12
14546,659,3901,debit,food,2024-08-30
14547,380,7513,debit,shopping,2024-11-26
14548,967,44939,debit,atm,2024-01-29
14549,81,17765,debit,salary,2024-09-19
14550,705,10956,debit,salary,2024-02-18
14551,549,31200,debit,salary,2024-07-11
14552,377,43955,debit,atm,2024-09-19
14553,838,8287,debit,shopping,2024-09-28
14554,154,25884,credit,shopping,2024-04-08
14555,642,49554,debit,transfer,2024-05-23
14556,571,13905,debit,shopping,2024-12-06
14557,736,41815,debit,salary,2024-12-03
14558,761,42286,debit,salary,2024-11-24
14559,240,7675,debit,atm,2024-03-01
14560,374,42293,credit,transfer,2024-12-30
14561,901,38846,credit,food,2024-09-29
14562,805,47304,debit,transfer,2024-10-13
14563,799,28193,credit,food,2024-02-28
14564,204,9189,debit,transfer,2024-03-28
14565,611,29554,debit,shopping,2024-09-18
14566,350,22574,debit,transfer,2024-10-14
14567,688,8254,debit,atm,2024-10-13
14568,774,41051,credit,food,2024-09-07
14569,783,22164,debit,shopping,2024-08-27
14570,143,27986,debit,shopping,2024-01-09
14571,189,29498,debit,transfer,2024-01-03
14572,272,36230,credit,shopping,2024-05-05
14573,532,43969,debit,salary,2024-03-11
14574,845,9746,debit,salary,2024-06-10
14575,300,25491,debit,salary,2024-10-25
14576,426,28922,credit,transfer,2024-08-08
14577,46,48623,debit,food,2024-06-09
14578,95,37972,debit,transfer,2024-11-20
14579,930,22099,debit,atm,2024-06-12
14580,64,9612,credit,shopping,2024-03-19
14581,413,29440,debit,salary,2024-04-30
14582,643,16169,debit,transfer,2024-07-20
14583,9,49174,debit,transfer,2024-11-19
14584,459,49123,credit,shopping,2024-12-22
14585,715,4602,debit,transfer,2024-02-16
14586,409,32336,debit,salary,2024-08-16
14587,470,48120,debit,shopping,2024-10-27
14588,810,24107,debit,food,2024-12-23
14589,506,21071,credit,salary,2024-04-05
14590,686,6137,debit,atm,2024-08-03
14591,73,42160,debit,atm,2024-12-05
14592,84,27461,debit,shopping,2024-02-10
14593,59,14566,credit,salary,2024-12-25
14594,21,33864,debit,salary,2024-11-19
14595,458,30683,debit,salary,2024-07-21
14596,918,9727,credit,atm,2024-09-23
14597,157,21693,debit,shopping,2024-09-28
14598,831,20184,debit,atm,2024-04-14
14599,329,23249,debit,transfer,2024-03-05
14600,573,37852,credit,food,2024-07-17
14601,576,16837,debit,atm,2024-11-22
14602,837,2418,debit,shopping,2024-01-01
14603,680,46571,debit,atm,2024-08-12
14604,203,45587,debit,transfer,2024-01-04
14605,641,25414,credit,transfer,2024-03-22
14606,757,35387,credit,transfer,2024-09-01
14607,106,30551,credit,transfer,2024-02-06
14608,833,5527,credit,food,2024-08-31
14609,122,37471,credit,salary,2024-11-30
14610,318,24730,debit,transfer,2024-10-07
14611,182,33767,debit,food,2024-12-03
14612,615,26778,credit,atm,2024-05-11
14613,316,25199,debit,transfer,2024-06-19
14614,814,31734,debit,atm,2024-01-26
14615,773,16946,debit,atm,2024-07-30
14616,625,17985,debit,shopping,2024-05-22
14617,406,12168,credit,food,2024-06-13
14618,986,17199,credit,food,2024-05-06
14619,949,38198,debit,transfer,2024-02-11
14620,70,27973,debit,transfer,2024-09-25
14621,160,23658,debit,transfer,2024-05-23
14622,240,30618,debit,food,2024-02-11
14623,523,9280,credit,atm,2024-02-07
14624,138,16695,debit,atm,2024-11-17
14625,495,23840,debit,transfer,2024-07-11
14626,679,27822,credit,atm,2024-05-12
14627,247,48341,credit,transfer,2024-01-30
14628,866,3850,debit,salary,2024-04-04
14629,543,11981,credit,atm,2024-02-01
14630,524,19706,credit,food,2024-07-13
14631,243,16919,credit,shopping,2024-10-24
14632,620,26577,debit,food,2024-01-05
14633,336,28855,debit,food,2024-04-05
14634,422,25911,credit,shopping,2024-07-05
14635,835,37797,debit,transfer,2024-10-05
14636,194,47664,credit,atm,2024-08-17
14637,308,18444,credit,food,2024-12-27
14638,645,20756,debit,atm,2024-11-21
14639,907,26482,debit,shopping,2024-08-06
14640,506,31131,debit,shopping,2024-10-01
14641,281,5913,debit,atm,2024-04-15
14642,803,1824,debit,atm,2024-08-23
14643,675,1594,debit,shopping,2024-12-14
14644,790,18463,credit,transfer,2024-10-20
14645,933,21912,credit,atm,2024-09-15
14646,982,20537,debit,salary,2024-03-20
14647,439,41305,credit,salary,2024-09-10
14648,715,30624,debit,atm,2024-09-12
14649,608,7260,debit,food,2024-03-06
14650,483,41443,credit,shopping,2024-12-28
14651,223,23693,debit,transfer,2024-11-09
14652,749,384,credit,salary,2024-04-08
14653,117,48183,debit,salary,2024-10-10
14654,968,37951,debit,food,2024-06-19
14655,192,20478,credit,atm,2024-08-28
14656,788,8591,debit,food,2024-03-15
14657,618,1000,credit,transfer,2024-04-19
14658,994,1559,debit,atm,2024-08-03
14659,516,13780,credit,salary,2024-01-16
14660,530,19405,debit,salary,2024-03-29
14661,307,35401,debit,shopping,2024-10-05
14662,964,32792,credit,transfer,2024-07-05
14663,532,39447,debit,salary,2024-12-24
14664,122,17289,credit,food,2024-10-17
14665,649,7695,credit,salary,2024-08-04
14666,592,18712,debit,food,2024-05-04
14667,154,2021,credit,food,2024-06-17
14668,870,37840,debit,atm,2024-12-30
14669,537,2487,debit,atm,2024-12-18
14670,452,10830,debit,salary,2024-03-14
14671,169,14930,credit,salary,2024-02-15
14672,59,34864,debit,food,2024-12-23
14673,301,4925,credit,atm,2024-10-04
14674,553,5382,debit,salary,2024-10-14
14675,550,13969,debit,atm,2024-08-02
14676,117,15551,debit,transfer,2024-06-06
14677,787,32972,debit,food,2024-03-27
14678,782,41498,debit,atm,2024-10-25
14679,127,18005,credit,salary,2024-04-20
14680,405,34219,debit,food,2024-01-12
14681,399,2798,debit,shopping,2024-12-04
14682,515,20096,debit,food,2024-05-25
14683,805,16992,credit,transfer,2024-04-01
14684,885,48168,credit,food,2024-11-26
14685,498,38178,debit,atm,2024-03-21
14686,942,6290,credit,atm,2024-07-07
14687,528,13266,debit,salary,2024-06-22
14688,398,29789,debit,salary,2024-01-29
14689,265,35690,debit,food,2024-06-08
14690,751,31704,credit,food,2024-08-29
14691,263,49315,debit,food,2024-05-22
14692,398,4021,credit,atm,2024-07-06
14693,646,29091,debit,atm,2024-07-28
14694,725,17343,debit,shopping,2024-06-04
14695,527,43887,debit,shopping,2024-06-17
14696,436,34415,debit,shopping,2024-04-24
14697,840,32135,credit,salary,2024-10-29
14698,930,34944,debit,atm,2024-10-15
14699,360,46830,debit,food,2024-10-26
14700,129,16920,debit,food,2024-02-19
14701,864,22569,debit,shopping,2024-09-22
14702,634,46776,debit,salary,2024-05-01
14703,241,36525,debit,salary,2024-10-16
14704,627,835,credit,shopping,2024-12-28
14705,709,7314,debit,food,2024-12-12
14706,222,24068,credit,salary,2024-01-20
14707,214,44724,credit,transfer,2024-08-20
14708,916,36962,debit,shopping,2024-10-07
14709,592,4828,debit,food,2024-02-24
14710,775,36597,credit,transfer,2024-08-28
14711,135,7341,debit,atm,2024-08-05
14712,818,17560,debit,food,2024-07-31
14713,754,10572,debit,transfer,2024-06-26
14714,386,34698,debit,atm,2024-02-24
14715,303,42958,debit,salary,2024-06-25
14716,782,17157,debit,food,2024-05-03
14717,287,49800,credit,food,2024-05-17
14718,562,14532,credit,salary,2024-12-13
14719,189,33763,debit,food,2024-09-23
14720,297,19053,debit,shopping,2024-04-28
14721,526,17397,credit,transfer,2024-07-24
14722,389,40141,debit,atm,2024-03-24
14723,459,6796,credit,atm,2024-12-21
14724,744,29447,credit,transfer,2024-08-20
14725,261,21349,debit,shopping,2024-01-20
14726,704,19757,debit,food,2024-03-12
14727,925,23060,debit,salary,2024-11-30
14728,715,47910,debit,salary,2024-03-23
14729,773,47768,credit,food,2024-10-30
14730,113,45302,debit,atm,2024-03-16
14731,886,18006,debit,transfer,2024-10-15
14732,864,40345,credit,transfer,2024-08-30
14733,36,2902,debit,atm,2024-10-02
14734,79,35990,debit,transfer,2024-10-13
14735,275,45650,debit,atm,2024-04-11
14736,960,35324,credit,shopping,2024-04-29
14737,278,18133,debit,food,2024-09-04
14738,674,35188,debit,atm,2024-12-04
14739,312,43565,debit,shopping,2024-10-01
14740,529,17627,debit,atm,2024-11-13
14741,204,12064,debit,shopping,2024-07-23
14742,985,41105,debit,shopping,2024-06-14
14743,952,19798,debit,shopping,2024-10-31
14744,17,4506,debit,food,2024-11-16
14745,714,29102,debit,atm,2024-09-23
14746,476,28782,debit,atm,2024-10-09
14747,511,7691,credit,atm,2024-02-27
14748,210,3219,credit,shopping,2024-08-18
14749,499,21973,credit,transfer,2024-07-11
14750,402,36379,debit,transfer,2024-01-15
14751,429,36696,credit,atm,2024-12-03
14752,992,17049,debit,transfer,2024-12-10
14753,78,7751,credit,transfer,2024-09-13
14754,568,26996,credit,transfer,2024-01-19
14755,80,31760,debit,shopping,2024-07-02
14756,306,41960,debit,atm,2024-07-10
14757,58,10470,debit,atm,2024-10-16
14758,530,44652,debit,salary,2024-03-04
14759,208,35639,debit,salary,2024-09-22
14760,511,6877,debit,transfer,2024-11-27
14761,977,213,debit,atm,2024-07-06
14762,135,631,debit,transfer,2024-06-15
14763,844,9814,credit,shopping,2024-08-24
14764,994,3510,debit,atm,2024-03-06
14765,522,9336,debit,shopping,2024-10-14
14766,581,24708,debit,shopping,2024-02-20
14767,853,8424,credit,atm,2024-10-08
14768,899,11259,debit,transfer,2024-02-26
14769,83,34594,debit,salary,2024-03-24
14770,621,41085,credit,transfer,2024-07-06
14771,44,32207,debit,salary,2024-07-01
14772,483,35516,credit,food,2024-09-18
14773,966,31935,debit,salary,2024-01-07
14774,910,45700,debit,atm,2024-12-02
14775,644,9553,debit,salary,2024-06-02
14776,493,34933,debit,food,2024-04-27
14777,499,28021,debit,salary,2024-12-16
14778,18,1033,credit,transfer,2024-04-28
14779,605,31108,credit,salary,2024-12-19
14780,995,1150,credit,atm,2024-07-28
14781,948,25492,debit,atm,2024-08-20
14782,294,32277,debit,shopping,2024-05-03
14783,976,39984,credit,transfer,2024-03-18
14784,148,22951,credit,transfer,2024-05-12
14785,472,11206,credit,salary,2024-08-02
14786,995,6978,credit,salary,2024-09-12
14787,172,892,credit,atm,2024-01-01
14788,563,11467,debit,shopping,2024-12-05
14789,531,38831,debit,food,2024-08-22
14790,120,9647,debit,salary,2024-05-04
14791,836,34253,credit,transfer,2024-04-10
14792,737,28668,debit,salary,2024-03-05
14793,66,42431,credit,shopping,2024-09-22
14794,141,24407,credit,transfer,2024-09-03
14795,446,4238,credit,shopping,2024-06-26
14796,506,47212,debit,transfer,2024-11-02
14797,189,7793,debit,salary,2024-11-20
14798,158,11494,debit,shopping,2024-10-23
14799,610,23976,credit,atm,2024-03-17
14800,670,39195,credit,transfer,2024-03-08
14801,947,3453,credit,shopping,2024-10-06
14802,246,46232,credit,shopping,2024-04-21
14803,856,15305,debit,food,2024-11-07
14804,944,4728,debit,food,2024-08-15
14805,748,30090,debit,salary,2024-08-22
14806,33,38195,credit,atm,2024-10-18
14807,361,27723,debit,atm,2024-09-14
14808,753,47149,debit,shopping,2024-02-25
14809,330,21533,credit,shopping,2024-09-24
14810,512,49320,credit,shopping,2024-12-06
14811,850,10158,credit,transfer,2024-03-12
14812,787,26624,debit,salary,2024-07-30
14813,71,12193,debit,salary,2024-03-02
14814,313,16784,debit,food,2024-01-28
14815,915,28798,credit,shopping,2024-12-10
14816,728,48855,debit,shopping,2024-06-04
14817,79,19084,credit,transfer,2024-01-04
14818,169,15007,debit,shopping,2024-12-11
14819,810,13021,debit,shopping,2024-03-23
14820,983,20502,credit,salary,2024-04-07
14821,180,46894,debit,shopping,2024-08-24
14822,628,3182,debit,transfer,2024-09-16
14823,260,7174,debit,transfer,2024-03-24
14824,486,29430,debit,atm,2024-12-26
14825,772,17723,debit,atm,2024-04-17
14826,5,43428,debit,food,2024-12-23
14827,297,559,credit,transfer,2024-12-15
14828,620,2901,debit,transfer,2024-05-13
14829,855,28931,debit,salary,2024-08-17
14830,360,16947,debit,atm,2024-11-28
14831,117,1097,debit,food,2024-04-27
14832,357,22125,debit,salary,2024-03-21
14833,957,32479,debit,salary,2024-06-03
14834,843,6484,debit,atm,2024-10-17
14835,439,13323,debit,salary,2024-08-19
14836,331,48167,debit,atm,2024-07-28
14837,525,11298,credit,transfer,2024-07-04
14838,654,34546,debit,transfer,2024-12-05
14839,188,33732,debit,atm,2024-07-09
14840,968,9482,debit,shopping,2024-04-24
14841,281,24220,debit,shopping,2024-12-16
14842,511,35565,debit,food,2024-04-10
14843,466,27050,credit,shopping,2024-12-04
14844,115,44975,debit,food,2024-12-18
14845,940,30068,debit,atm,2024-03-21
14846,236,3026,credit,atm,2024-02-02
14847,338,15835,debit,atm,2024-04-09
14848,522,14323,debit,food,2024-11-20
14849,199,40410,debit,salary,2024-02-09
14850,764,37297,debit,food,2024-09-06
14851,50,15462,debit,salary,2024-02-16
14852,940,46799,debit,transfer,2024-06-21
14853,142,40086,credit,transfer,2024-10-09
14854,783,23509,debit,salary,2024-05-14
14855,528,2497,debit,salary,2024-01-14
14856,514,14551,credit,shopping,2024-04-23
14857,670,5914,credit,salary,2024-07-28
14858,30,22988,debit,salary,2024-06-10
14859,82,7622,debit,atm,2024-12-01
14860,31,22269,debit,food,2024-12-12
14861,748,20482,credit,salary,2024-02-15
14862,333,15688,credit,atm,2024-05-26
14863,660,45227,debit,salary,2024-05-08
14864,177,15862,debit,shopping,2024-08-23
14865,370,15677,credit,salary,2024-05-30
14866,547,21031,debit,salary,2024-04-21
14867,535,10070,credit,atm,2024-07-19
14868,106,39378,credit,salary,2024-10-10
14869,97,20145,credit,atm,2024-12-05
14870,230,47873,debit,food,2024-12-01
14871,227,16019,credit,atm,2024-11-28
14872,371,44429,debit,food,2024-07-25
14873,100,27771,debit,salary,2024-01-16
14874,445,10449,debit,food,2024-05-06
14875,468,49303,debit,transfer,2024-10-12
14876,55,6158,debit,transfer,2024-03-18
14877,195,44421,credit,atm,2024-02-02
14878,520,3615,credit,shopping,2024-02-06
14879,424,3430,credit,salary,2024-06-05
14880,315,34542,debit,transfer,2024-06-13
14881,128,43925,debit,shopping,2024-07-07
14882,32,17845,credit,atm,2024-01-08
14883,93,9078,credit,food,2024-09-13
14884,519,17039,credit,salary,2024-11-14
14885,258,15364,debit,food,2024-08-03
14886,853,26715,credit,salary,2024-04-23
14887,902,32265,credit,transfer,2024-07-11
14888,220,47462,debit,shopping,2024-06-22
14889,752,42822,debit,atm,2024-04-29
14890,106,34980,credit,salary,2024-01-10
14891,548,18694,debit,transfer,2024-07-28
14892,416,15623,debit,atm,2024-07-31
14893,557,1801,debit,salary,2024-09-22
14894,810,32858,debit,transfer,2024-03-02
14895,309,35580,debit,atm,2024-03-26
14896,366,27083,debit,food,2024-02-14
14897,521,35184,debit,shopping,2024-07-19
14898,459,47527,credit,shopping,2024-07-19
14899,599,39337,debit,food,2024-04-13
14900,370,34478,debit,shopping,2024-10-27
14901,331,20836,debit,shopping,2024-03-25
14902,689,6443,credit,salary,2024-07-04
14903,642,15897,debit,transfer,2024-04-04
14904,707,42187,debit,food,2024-07-12
14905,11,21975,debit,transfer,2024-08-30
14906,818,41964,credit,shopping,2024-09-01
14907,507,41223,debit,transfer,2024-01-24
14908,419,9428,debit,atm,2024-08-12
14909,122,37578,credit,food,2024-07-01
14910,911,2125,debit,food,2024-04-22
14911,235,205,debit,food,2024-06-27
14912,331,29470,debit,salary,2024-07-18
14913,543,20943,debit,transfer,2024-11-24
14914,348,19576,debit,transfer,2024-10-03
14915,958,43081,debit,salary,2024-10-29
14916,412,42212,credit,food,2024-10-22
14917,224,48710,debit,salary,2024-05-10
14918,153,798,debit,salary,2024-10-07
14919,212,28543,credit,shopping,2024-07-28
14920,92,44330,credit,food,2024-05-03
14921,921,41806,debit,atm,2024-09-23
14922,331,38939,debit,shopping,2024-04-03
14923,467,22223,debit,food,2024-03-29
14924,860,42020,credit,food,2024-07-21
14925,641,19975,debit,food,2024-08-13
14926,955,3397,debit,transfer,2024-03-28
14927,709,308,credit,food,2024-10-30
14928,970,19800,debit,food,2024-06-08
14929,554,21891,debit,atm,2024-03-29
14930,878,7333,debit,food,2024-05-01
14931,930,1991,credit,salary,2024-04-18
14932,228,47694,credit,food,2024-10-02
14933,194,36374,debit,food,2024-09-04
14934,530,2139,debit,food,2024-11-02
14935,845,19773,credit,transfer,2024-03-21
14936,243,42512,credit,shopping,2024-01-20
14937,389,39513,debit,transfer,2024-01-14
14938,276,28536,debit,atm,2024-08-13
14939,450,34485,credit,atm,2024-12-01
14940,639,8286,debit,salary,2024-02-01
14941,587,534,debit,salary,2024-07-18
14942,574,10619,debit,atm,2024-06-18
14943,478,18130,credit,shopping,2024-05-01
14944,480,11455,debit,shopping,2024-07-10
14945,288,14428,debit,atm,2024-01-04
14946,698,5358,credit,food,2024-08-14
14947,690,45822,debit,transfer,2024-05-03
14948,678,7290,debit,transfer,2024-08-07
14949,695,22579,debit,food,2024-07-09
14950,540,20927,debit,shopping,2024-08-22
14951,330,48464,debit,transfer,2024-11-12
14952,470,45338,debit,transfer,2024-11-29
14953,759,10847,debit,salary,2024-07-12
14954,849,31017,debit,shopping,2024-02-14
14955,534,30477,credit,atm,2024-11-01
14956,939,45056,credit,atm,2024-03-28
14957,467,40581,debit,food,2024-05-10
14958,977,33248,credit,transfer,2024-01-23
14959,984,41884,credit,atm,2024-10-20
14960,420,23657,debit,food,2024-09-18
14961,608,44435,credit,salary,2024-11-21
14962,122,34505,debit,shopping,2024-06-16
14963,762,12579,credit,transfer,2024-09-11
14964,891,24027,credit,transfer,2024-02-04
14965,308,33392,credit,food,2024-01-25
14966,932,19591,debit,transfer,2024-08-01
14967,924,1193,debit,shopping,2024-03-21
14968,334,31108,debit,atm,2024-11-18
14969,954,204,debit,food,2024-03-08
14970,420,18223,debit,shopping,2024-12-20
14971,326,27036,debit,transfer,2024-11-06
14972,649,18160,credit,atm,2024-08-07
14973,789,24388,credit,shopping,2024-06-19
14974,832,43414,credit,atm,2024-01-02
14975,844,24511,debit,atm,2024-02-14
14976,573,37784,debit,food,2024-06-24
14977,250,45191,debit,transfer,2024-03-02
14978,990,13436,debit,salary,2024-02-16
14979,95,38024,debit,salary,2024-01-04
14980,296,11726,debit,salary,2024-07-06
14981,184,3601,credit,shopping,2024-08-26
14982,260,16950,credit,salary,2024-02-18
14983,799,35812,credit,transfer,2024-03-16
14984,667,20778,debit,salary,2024-02-03
14985,186,16005,debit,atm,2024-10-26
14986,409,1691,credit,atm,2024-08-20
14987,69,13622,debit,atm,2024-12-15
14988,838,16253,debit,salary,2024-12-06
14989,773,36940,debit,transfer,2024-02-25
14990,627,3672,credit,transfer,2024-10-24
14991,859,38846,debit,salary,2024-11-01
14992,8,33161,debit,transfer,2024-07-15
14993,265,25597,credit,salary,2024-10-15
14994,783,22342,debit,transfer,2024-08-13
14995,484,1438,credit,food,2024-08-11
14996,761,16251,debit,food,2024-12-12
14997,617,27090,credit,transfer,2024-03-07
14998,775,15480,debit,atm,2024-12-25
14999,736,31135,debit,food,2024-02-11
15000,840,45913,credit,shopping,2024-08-30
15001,371,26217,debit,salary,2024-02-13
15002,783,2598,debit,shopping,2024-04-09
15003,677,47981,debit,transfer,2024-02-05
15004,83,25583,debit,transfer,2024-05-02
15005,807,5828,credit,atm,2024-07-02
15006,646,18977,debit,food,2024-01-03
15007,211,26803,debit,food,2024-02-25
15008,313,3188,debit,shopping,2024-10-21
15009,604,39149,debit,food,2024-06-16
15010,337,23279,debit,transfer,2024-10-21
15011,490,48054,credit,atm,2024-04-17
15012,403,22111,debit,salary,2024-03-07
15013,639,12939,credit,shopping,2024-12-21
15014,191,23725,credit,shopping,2024-08-16
15015,671,18581,debit,salary,2024-04-03
15016,843,31853,credit,transfer,2024-11-16
15017,335,19658,credit,shopping,2024-01-03
15018,522,16871,credit,food,2024-08-17
15019,619,31204,debit,food,2024-05-10
15020,87,33166,debit,food,2024-02-06
15021,579,44520,credit,atm,2024-12-19
15022,62,4161,credit,salary,2024-12-04
15023,387,33341,debit,transfer,2024-08-06
15024,146,16261,credit,food,2024-05-31
15025,153,5157,credit,food,2024-07-16
15026,619,45947,debit,atm,2024-03-05
15027,660,44273,debit,food,2024-04-30
15028,698,49036,debit,atm,2024-12-04
15029,349,5389,credit,salary,2024-05-01
15030,854,41508,debit,shopping,2024-11-25
15031,178,2321,debit,food,2024-06-08
15032,889,43042,credit,food,2024-07-08
15033,847,21735,debit,salary,2024-04-10
15034,487,19126,debit,shopping,2024-10-18
15035,778,7175,debit,atm,2024-03-06
15036,661,22478,debit,shopping,2024-09-26
15037,247,35184,debit,food,2024-02-15
15038,254,13781,debit,salary,2024-07-23
15039,500,47821,credit,transfer,2024-11-01
15040,541,31684,debit,salary,2024-11-12
15041,352,31345,debit,atm,2024-01-27
15042,512,5083,credit,atm,2024-11-05
15043,778,32349,debit,food,2024-01-29
15044,13,31491,debit,salary,2024-09-25
15045,559,30997,debit,transfer,2024-01-25
15046,151,40702,debit,salary,2024-12-09
15047,50,20102,credit,atm,2024-04-09
15048,215,10598,credit,salary,2024-10-08
15049,991,49511,credit,food,2024-02-17
15050,644,3306,credit,atm,2024-06-12
15051,372,48688,debit,salary,2024-07-26
15052,113,42572,debit,salary,2024-03-14
15053,252,13030,debit,food,2024-02-26
15054,963,10420,debit,food,2024-03-31
15055,341,28114,debit,salary,2024-07-12
15056,53,38046,debit,transfer,2024-07-18
15057,130,31917,debit,atm,2024-01-09
15058,836,38226,debit,salary,2024-11-28
15059,193,26852,debit,food,2024-08-31
15060,591,4607,debit,atm,2024-03-12
15061,57,24025,debit,food,2024-10-09
15062,97,36376,debit,atm,2024-02-15
15063,198,23789,debit,salary,2024-11-14
15064,647,45770,debit,shopping,2024-07-31
15065,147,15338,debit,shopping,2024-10-23
15066,684,24907,debit,atm,2024-12-14
15067,575,39622,debit,food,2024-06-06
15068,577,9021,credit,food,2024-06-20
15069,295,11304,debit,food,2024-09-13
15070,723,38384,credit,salary,2024-02-16
15071,621,38667,debit,atm,2024-08-08
15072,794,35797,debit,salary,2024-08-21
15073,684,46753,credit,shopping,2024-06-06
15074,12,24993,debit,shopping,2024-01-15
15075,918,1630,debit,food,2024-03-24
15076,333,31341,debit,food,2024-06-14
15077,220,24397,credit,atm,2024-01-23
15078,398,9402,debit,shopping,2024-07-03
15079,342,49006,debit,atm,2024-07-27
15080,798,815,credit,shopping,2024-02-04
15081,512,9633,debit,transfer,2024-07-12
15082,172,40395,debit,atm,2024-08-26
15083,468,7323,debit,transfer,2024-06-29
15084,748,13521,debit,salary,2024-01-31
15085,987,27796,debit,shopping,2024-10-13
15086,166,14166,debit,transfer,2024-07-18
15087,699,44147,debit,salary,2024-06-29
15088,170,21676,debit,atm,2024-07-02
15089,564,16685,debit,transfer,2024-03-23
15090,512,2240,credit,transfer,2024-02-13
15091,831,42116,debit,salary,2024-02-27
15092,189,36539,debit,transfer,2024-05-20
15093,120,41478,debit,salary,2024-11-12
15094,105,7470,debit,shopping,2024-03-08
15095,674,29616,credit,shopping,2024-06-27
15096,807,12122,debit,shopping,2024-05-04
15097,41,18428,debit,transfer,2024-07-08
15098,889,3029,debit,transfer,2024-12-16
15099,876,43827,debit,food,2024-07-09
15100,677,3483,credit,food,2024-03-12
15101,321,49645,debit,salary,2024-11-23
15102,886,27532,debit,transfer,2024-11-02
15103,335,11211,debit,salary,2024-03-26
15104,160,48438,debit,atm,2024-06-16
15105,264,39878,debit,transfer,2024-06-05
15106,865,31999,credit,atm,2024-11-24
15107,530,23261,debit,transfer,2024-05-24
15108,685,8923,credit,shopping,2024-01-01
15109,477,27532,debit,salary,2024-12-29
15110,352,33189,debit,food,2024-04-05
15111,545,21153,debit,shopping,2024-07-30
15112,773,17547,credit,food,2024-01-01
15113,210,24405,debit,transfer,2024-06-17
15114,496,3211,debit,atm,2024-08-06
15115,895,27593,debit,atm,2024-05-30
15116,842,11085,credit,shopping,2024-09-30
15117,382,3186,credit,food,2024-08-31
15118,676,46303,debit,salary,2024-04-04
15119,481,45030,credit,salary,2024-06-04
15120,919,23564,debit,salary,2024-03-25
15121,936,42018,debit,food,2024-05-19
15122,5,37011,debit,atm,2024-08-16
15123,34,6432,debit,atm,2024-03-28
15124,792,39315,credit,shopping,2024-02-18
15125,145,42642,debit,food,2024-08-30
15126,351,40731,debit,transfer,2024-04-06
15127,583,3276,credit,transfer,2024-01-16
15128,465,2516,debit,salary,2024-09-12
15129,348,40536,debit,atm,2024-06-03
15130,742,8751,debit,atm,2024-06-29
15131,125,10586,debit,food,2024-12-13
15132,790,18795,debit,food,2024-06-12
15133,271,1329,credit,shopping,2024-10-16
15134,357,1630,debit,food,2024-11-16
15135,527,45685,credit,shopping,2024-01-04
15136,754,42447,debit,salary,2024-04-27
15137,498,35665,debit,salary,2024-01-26
15138,153,1463,debit,atm,2024-05-27
15139,53,37370,debit,atm,2024-07-23
15140,149,16936,credit,atm,2024-04-08
15141,503,20388,debit,transfer,2024-05-17
15142,870,22480,debit,shopping,2024-09-20
15143,450,45969,debit,salary,2024-05-24
15144,219,49829,credit,shopping,2024-03-09
15145,625,20403,credit,transfer,2024-10-12
15146,800,44072,debit,transfer,2024-04-04
15147,277,7417,debit,salary,2024-03-01
15148,452,3364,debit,salary,2024-01-24
15149,428,18415,credit,atm,2024-03-21
15150,83,37110,credit,transfer,2024-09-01
15151,962,12793,debit,atm,2024-08-13
15152,218,16666,credit,salary,2024-04-16
15153,738,24911,debit,transfer,2024-02-04
15154,782,33505,credit,transfer,2024-04-27
15155,527,19956,credit,food,2024-07-07
15156,404,49776,credit,transfer,2024-12-19
15157,290,27466,debit,atm,2024-11-23
15158,420,47070,debit,food,2024-09-27
15159,339,35238,credit,transfer,2024-10-18
15160,777,42344,debit,food,2024-05-01
15161,711,42783,debit,transfer,2024-11-06
15162,670,10738,credit,shopping,2024-06-13
15163,845,20916,debit,atm,2024-03-02
15164,987,20698,debit,atm,2024-11-15
15165,959,42641,debit,food,2024-08-05
15166,419,10752,debit,shopping,2024-12-19
15167,909,17063,debit,food,2024-07-21
15168,207,48611,debit,food,2024-09-24
15169,686,32323,debit,salary,2024-11-23
15170,696,31124,debit,food,2024-08-25
15171,265,4041,debit,transfer,2024-05-15
15172,983,8487,credit,salary,2024-10-23
15173,758,8624,debit,salary,2024-03-09
15174,36,35959,credit,food,2024-04-18
15175,373,37586,debit,salary,2024-09-15
15176,488,41717,credit,atm,2024-02-12
15177,259,25379,debit,salary,2024-03-26
15178,994,26125,debit,salary,2024-10-07
15179,531,17736,debit,transfer,2024-01-04
15180,924,41583,credit,atm,2024-02-06
15181,23,43324,credit,salary,2024-05-15
15182,104,13377,credit,transfer,2024-01-09
15183,241,48818,debit,atm,2024-03-19
15184,903,35290,debit,salary,2024-08-30
15185,873,41095,debit,food,2024-12-29
15186,716,41835,debit,salary,2024-09-28
15187,253,49279,debit,atm,2024-06-20
15188,142,7639,debit,salary,2024-08-26
15189,814,32953,debit,atm,2024-03-05
15190,655,26911,credit,food,2024-01-14
15191,451,27028,debit,salary,2024-08-06
15192,783,7009,debit,atm,2024-05-05
15193,307,28169,debit,transfer,2024-01-26
15194,984,46184,credit,salary,2024-09-09
15195,500,37521,credit,food,2024-09-28
15196,622,8133,debit,transfer,2024-08-07
15197,8,10848,debit,salary,2024-12-11
15198,69,46793,debit,atm,2024-07-21
15199,702,5166,debit,shopping,2024-01-23
15200,691,45372,debit,transfer,2024-04-03
15201,575,48764,debit,atm,2024-11-11
15202,68,49508,debit,transfer,2024-08-10
15203,718,12098,credit,salary,2024-05-27
15204,912,13864,debit,food,2024-11-25
15205,980,34315,debit,food,2024-02-28
15206,408,45479,debit,transfer,2024-06-07
15207,518,15958,credit,shopping,2024-05-11
15208,119,38568,debit,salary,2024-09-12
15209,825,36211,debit,atm,2024-01-18
15210,31,17177,credit,salary,2024-07-09
15211,518,10357,debit,shopping,2024-12-29
15212,483,47310,debit,atm,2024-08-10
15213,207,44660,debit,shopping,2024-01-19
15214,669,45280,credit,salary,2024-11-17
15215,579,3765,debit,salary,2024-11-29
15216,971,35542,debit,transfer,2024-12-21
15217,387,43458,debit,shopping,2024-12-28
15218,412,16834,debit,food,2024-04-28
15219,842,8940,debit,shopping,2024-10-28
15220,370,12162,debit,shopping,2024-08-07
15221,353,7144,debit,atm,2024-06-14
15222,944,2163,debit,atm,2024-06-05
15223,336,22413,debit,transfer,2024-09-04
15224,891,27187,debit,food,2024-12-12
15225,906,45879,debit,salary,2024-09-11
15226,289,40281,credit,food,2024-06-24
15227,996,18305,credit,food,2024-06-24
15228,963,12564,debit,food,2024-07-07
15229,965,43650,debit,transfer,2024-06-24
15230,140,27232,debit,transfer,2024-03-22
15231,953,42738,credit,food,2024-09-20
15232,300,37527,credit,salary,2024-11-25
15233,13,35148,debit,salary,2024-08-01
15234,664,3849,credit,salary,2024-03-28
15235,428,35406,credit,transfer,2024-11-18
15236,825,25692,credit,atm,2024-09-26
15237,864,49695,credit,salary,2024-09-12
15238,400,18551,credit,atm,2024-02-16
15239,992,28358,debit,food,2024-01-24
15240,109,44858,debit,salary,2024-12-12
15241,485,35402,credit,food,2024-09-06
15242,888,32956,debit,food,2024-10-13
15243,356,21721,debit,shopping,2024-02-17
15244,149,6677,debit,food,2024-02-14
15245,879,19794,credit,food,2024-06-05
15246,716,8363,debit,transfer,2024-04-28
15247,307,17305,debit,food,2024-04-19
15248,533,8172,debit,salary,2024-07-09
15249,60,45406,credit,transfer,2024-02-17
15250,435,43976,debit,shopping,2024-07-12
15251,21,40230,debit,shopping,2024-02-06
15252,875,43102,debit,food,2024-09-07
15253,382,5791,debit,atm,2024-05-05
15254,245,22213,debit,shopping,2024-02-14
15255,902,2053,credit,shopping,2024-07-03
15256,73,5063,credit,shopping,2024-01-18
15257,449,38854,debit,salary,2024-01-13
15258,76,40620,debit,atm,2024-11-24
15259,698,27969,credit,food,2024-10-11
15260,590,11545,debit,food,2024-11-07
15261,390,37859,debit,transfer,2024-07-20
15262,577,20285,credit,salary,2024-01-20
15263,342,8547,credit,atm,2024-08-16
15264,290,34799,credit,transfer,2024-08-20
15265,568,33740,debit,atm,2024-07-07
15266,331,8054,credit,shopping,2024-03-26
15267,259,18045,debit,atm,2024-04-27
15268,426,38394,debit,transfer,2024-06-19
15269,702,13020,credit,salary,2024-06-23
15270,6,30084,debit,salary,2024-10-08
15271,6,5660,debit,shopping,2024-05-08
15272,191,15489,credit,food,2024-08-10
15273,148,24365,credit,transfer,2024-07-19
15274,405,41953,debit,food,2024-01-26
15275,258,7815,debit,shopping,2024-03-04
15276,730,19168,credit,atm,2024-07-08
15277,479,9538,credit,atm,2024-09-18
15278,90,49998,credit,shopping,2024-09-05
15279,824,5343,debit,salary,2024-04-19
15280,864,28729,debit,transfer,2024-11-13
15281,10,39694,debit,shopping,2024-03-06
15282,87,4185,debit,shopping,2024-06-18
15283,762,38985,debit,transfer,2024-01-27
15284,838,17490,debit,salary,2024-11-16
15285,151,24613,debit,salary,2024-10-12
15286,988,20794,debit,transfer,2024-03-22
15287,625,41950,debit,food,2024-04-07
15288,30,43551,debit,atm,2024-07-31
15289,128,14984,debit,transfer,2024-03-05
15290,78,2976,debit,salary,2024-06-23
15291,421,26307,debit,food,2024-06-08
15292,55,5656,debit,shopping,2024-12-28
15293,480,20591,debit,shopping,2024-06-10
15294,305,38109,credit,shopping,2024-04-26
15295,546,48774,credit,atm,2024-09-26
15296,105,47782,debit,salary,2024-01-05
15297,172,32325,credit,food,2024-02-05
15298,499,38537,debit,salary,2024-05-05
15299,22,5499,debit,atm,2024-09-02
15300,287,41801,credit,atm,2024-12-17
15301,391,13748,debit,transfer,2024-09-21
15302,617,30987,debit,salary,2024-04-18
15303,149,43036,credit,shopping,2024-06-11
15304,272,40363,credit,transfer,2024-11-26
15305,788,48473,credit,salary,2024-02-15
15306,299,21904,credit,transfer,2024-04-14
15307,172,31019,debit,transfer,2024-09-25
15308,47,47072,debit,food,2024-03-01
15309,626,28247,debit,transfer,2024-01-30
15310,787,19395,debit,atm,2024-04-07
15311,816,6997,debit,shopping,2024-02-01
15312,992,11376,credit,food,2024-12-03
15313,207,38353,debit,transfer,2024-08-18
15314,453,5938,debit,food,2024-11-07
15315,395,17257,debit,shopping,2024-07-13
15316,975,2244,debit,shopping,2024-12-24
15317,925,14506,credit,food,2024-11-06
15318,754,42052,debit,salary,2024-04-07
15319,301,26514,debit,shopping,2024-05-15
15320,708,38848,debit,atm,2024-02-01
15321,676,47560,debit,atm,2024-12-25
15322,176,29583,debit,transfer,2024-11-29
15323,855,47747,debit,salary,2024-11-20
15324,783,11613,debit,salary,2024-09-19
15325,110,44902,debit,transfer,2024-10-02
15326,684,26551,credit,shopping,2024-11-13
15327,963,41009,debit,food,2024-05-28
15328,864,48191,debit,salary,2024-04-01
15329,202,41063,debit,salary,2024-02-07
15330,168,22772,debit,shopping,2024-04-14
15331,614,41224,debit,food,2024-06-13
15332,86,12731,credit,atm,2024-01-17
15333,654,34765,debit,salary,2024-06-09
15334,959,32391,debit,shopping,2024-01-10
15335,849,21917,debit,salary,2024-02-06
15336,725,11532,credit,atm,2024-05-06
15337,51,19051,debit,transfer,2024-09-07
15338,112,8230,debit,shopping,2024-10-10
15339,463,44567,debit,food,2024-08-02
15340,442,23236,credit,transfer,2024-06-18
15341,271,2659,debit,food,2024-04-29
15342,577,14844,debit,atm,2024-02-27
15343,344,31255,debit,food,2024-06-24
15344,183,42398,credit,salary,2024-01-16
15345,503,21121,debit,atm,2024-08-22
15346,844,17096,debit,transfer,2024-08-11
15347,10,13287,debit,salary,2024-03-02
15348,494,36002,credit,salary,2024-12-30
15349,234,18106,debit,atm,2024-03-29
15350,298,16475,debit,food,2024-12-22
15351,244,30258,debit,food,2024-05-22
15352,509,47778,credit,transfer,2024-01-16
15353,351,3169,credit,atm,2024-07-27
15354,267,6586,debit,transfer,2024-01-27
15355,630,17739,debit,shopping,2024-02-16
15356,656,35528,debit,atm,2024-06-02
15357,893,28900,credit,shopping,2024-12-26
15358,201,25718,debit,transfer,2024-05-18
15359,239,37320,debit,shopping,2024-03-31
15360,334,11969,debit,shopping,2024-01-09
15361,915,4276,debit,salary,2024-06-30
15362,415,36554,debit,salary,2024-01-11
15363,969,26580,debit,transfer,2024-01-07
15364,484,31600,debit,transfer,2024-01-28
15365,437,5337,credit,food,2024-03-02
15366,999,26553,credit,shopping,2024-06-12
15367,246,890,debit,food,2024-04-24
15368,858,47695,debit,food,2024-03-13
15369,8,47054,credit,atm,2024-04-08
15370,152,41284,debit,food,2024-07-09
15371,392,14854,debit,food,2024-11-02
15372,211,13167,debit,shopping,2024-07-23
15373,367,16709,debit,food,2024-10-30
15374,944,28081,debit,shopping,2024-03-08
15375,670,19663,debit,shopping,2024-09-22
15376,570,9103,debit,food,2024-01-26
15377,86,27168,debit,shopping,2024-08-29
15378,55,47096,debit,transfer,2024-05-24
15379,713,4323,debit,transfer,2024-06-03
15380,634,24004,credit,shopping,2024-10-04
15381,446,36934,credit,transfer,2024-04-17
15382,620,20846,debit,atm,2024-02-05
15383,304,31504,debit,salary,2024-10-15
15384,132,21507,credit,transfer,2024-12-16
15385,421,20793,credit,food,2024-06-29
15386,904,33114,credit,transfer,2024-09-11
15387,385,22221,debit,atm,2024-12-14
15388,988,26503,debit,atm,2024-06-05
15389,198,11737,credit,atm,2024-12-22
15390,47,8712,debit,transfer,2024-05-02
15391,740,30510,debit,salary,2024-11-09
15392,757,5260,debit,food,2024-09-27
15393,203,34239,debit,salary,2024-06-30
15394,261,7828,debit,transfer,2024-08-30
15395,690,4338,debit,salary,2024-07-08
15396,24,26864,credit,shopping,2024-02-26
15397,687,18564,debit,food,2024-05-07
15398,786,32043,debit,shopping,2024-03-19
15399,340,30938,debit,shopping,2024-03-11
15400,412,6019,debit,salary,2024-02-27
15401,973,37192,credit,shopping,2024-10-11
15402,261,7897,debit,food,2024-02-15
15403,286,22567,debit,shopping,2024-08-30
15404,513,23836,debit,transfer,2024-02-23
15405,86,9121,debit,food,2024-07-26
15406,850,3158,debit,transfer,2024-12-19
15407,430,9141,debit,transfer,2024-03-25
15408,581,38202,debit,atm,2024-01-07
15409,31,1253,credit,atm,2024-10-11
15410,710,37808,debit,transfer,2024-05-16
15411,603,47475,debit,shopping,2024-02-18
15412,440,12121,debit,transfer,2024-11-22
15413,985,27358,debit,transfer,2024-11-29
15414,349,35947,debit,atm,2024-12-15
15415,895,49654,credit,salary,2024-12-09
15416,412,19459,debit,salary,2024-11-06
15417,528,26278,debit,salary,2024-07-11
15418,310,13014,debit,transfer,2024-03-24
15419,949,7636,debit,transfer,2024-04-04
15420,396,33848,debit,shopping,2024-01-15
15421,788,39548,debit,atm,2024-06-27
15422,338,46232,debit,transfer,2024-02-03
15423,674,10586,credit,food,2024-03-09
15424,437,2484,debit,food,2024-09-02
15425,704,44412,debit,atm,2024-08-01
15426,663,45188,debit,food,2024-01-12
15427,365,41858,credit,food,2024-06-21
15428,923,10887,debit,atm,2024-06-07
15429,113,34234,debit,transfer,2024-11-05
15430,785,35806,debit,transfer,2024-08-08
15431,176,17746,debit,shopping,2024-05-29
15432,149,6287,credit,transfer,2024-08-27
15433,178,8595,credit,food,2024-03-12
15434,936,9985,credit,food,2024-07-10
15435,382,18800,debit,shopping,2024-11-11
15436,223,15118,debit,atm,2024-08-16
15437,259,30528,debit,food,2024-10-10
15438,785,29171,debit,transfer,2024-11-26
15439,189,31422,credit,transfer,2024-08-21
15440,306,7214,credit,transfer,2024-11-28
15441,378,6674,debit,food,2024-02-12
15442,602,25096,debit,salary,2024-10-05
15443,343,26854,debit,food,2024-08-30
15444,774,38397,credit,food,2024-04-06
15445,156,3909,debit,salary,2024-03-30
15446,712,46404,credit,salary,2024-08-22
15447,55,17650,debit,transfer,2024-04-06
15448,766,29349,credit,transfer,2024-10-20
15449,442,41599,debit,transfer,2024-09-28
15450,685,38199,credit,food,2024-03-14
15451,200,21513,debit,atm,2024-09-08
15452,403,4787,debit,shopping,2024-02-10
15453,614,38225,debit,atm,2024-10-26
15454,797,21223,debit,salary,2024-09-29
15455,663,33195,debit,food,2024-11-03
15456,623,27535,debit,food,2024-10-25
15457,928,21722,credit,shopping,2024-10-05
15458,778,10385,credit,atm,2024-01-01
15459,603,43191,credit,salary,2024-04-02
15460,177,25027,credit,shopping,2024-10-07
15461,449,5391,debit,food,2024-01-06
15462,743,41293,debit,shopping,2024-11-05
15463,541,48408,debit,transfer,2024-11-29
15464,955,3222,credit,atm,2024-10-01
15465,301,4976,debit,salary,2024-04-12
15466,707,19212,debit,transfer,2024-10-20
15467,307,46574,debit,atm,2024-04-16
15468,751,9224,debit,transfer,2024-08-17
15469,869,1923,credit,shopping,2024-07-23
15470,991,36941,debit,salary,2024-06-26
15471,896,10487,credit,shopping,2024-04-07
15472,267,37263,debit,shopping,2024-02-27
15473,214,38919,credit,atm,2024-12-02
15474,594,34344,credit,salary,2024-06-25
15475,640,19080,debit,salary,2024-04-07
15476,483,24324,debit,shopping,2024-08-12
15477,262,7221,credit,salary,2024-08-23
15478,67,2530,debit,food,2024-04-01
15479,574,8054,debit,salary,2024-09-07
15480,133,11981,debit,shopping,2024-12-22
15481,649,17017,debit,food,2024-08-03
15482,540,17740,debit,food,2024-12-01
15483,512,12185,credit,atm,2024-07-23
15484,211,26359,credit,shopping,2024-01-26
15485,988,23197,credit,salary,2024-05-14
15486,987,3078,credit,food,2024-02-13
15487,717,4432,debit,shopping,2024-05-21
15488,253,20137,debit,atm,2024-02-21
15489,38,35881,debit,transfer,2024-06-08
15490,43,15189,credit,transfer,2024-12-26
15491,629,23584,debit,salary,2024-07-21
15492,405,14108,debit,transfer,2024-03-15
15493,987,18248,debit,food,2024-12-05
15494,702,3930,credit,food,2024-07-03
15495,46,3058,credit,shopping,2024-02-21
15496,454,26098,credit,salary,2024-08-26
15497,678,1640,debit,shopping,2024-04-23
15498,305,30777,debit,shopping,2024-07-07
15499,715,29201,debit,salary,2024-03-02
15500,233,41582,debit,shopping,2024-09-02
15501,245,44067,debit,transfer,2024-08-01
15502,721,7153,debit,atm,2024-11-27
15503,760,5770,debit,shopping,2024-12-24
15504,295,43558,credit,food,2024-06-07
15505,839,47130,credit,food,2024-10-13
15506,383,48215,debit,transfer,2024-01-12
15507,158,10381,credit,shopping,2024-10-17
15508,405,18222,debit,shopping,2024-11-08
15509,1,2633,debit,salary,2024-06-17
15510,217,10856,debit,shopping,2024-01-27
15511,928,25174,credit,shopping,2024-11-22
15512,507,18902,debit,food,2024-12-03
15513,761,37944,credit,salary,2024-03-16
15514,904,27422,debit,shopping,2024-06-04
15515,581,49736,credit,transfer,2024-03-15
15516,30,17148,debit,shopping,2024-09-15
15517,627,49879,credit,salary,2024-12-22
15518,520,9976,credit,transfer,2024-01-03
15519,881,37155,credit,transfer,2024-10-11
15520,275,46924,credit,transfer,2024-02-23
15521,492,15271,debit,food,2024-08-10
15522,827,42304,debit,food,2024-11-16
15523,951,5266,credit,transfer,2024-08-16
15524,926,10466,debit,food,2024-05-28
15525,847,20358,credit,transfer,2024-08-25
15526,36,43834,debit,transfer,2024-02-10
15527,311,13083,debit,atm,2024-08-21
15528,44,25815,debit,food,2024-01-20
15529,155,31185,debit,atm,2024-09-02
15530,77,45178,debit,transfer,2024-02-29
15531,590,27878,debit,transfer,2024-07-21
15532,613,11490,debit,atm,2024-07-01
15533,438,21024,credit,salary,2024-09-15
15534,432,45932,debit,transfer,2024-05-03
15535,542,43104,credit,food,2024-09-26
15536,39,40344,debit,shopping,2024-10-27
15537,239,807,credit,shopping,2024-04-18
15538,13,41492,debit,shopping,2024-12-16
15539,122,25148,debit,atm,2024-08-14
15540,144,49193,debit,transfer,2024-07-06
15541,684,32915,debit,salary,2024-06-25
15542,455,34782,credit,food,2024-11-21
15543,368,17589,credit,shopping,2024-12-14
15544,759,48258,debit,shopping,2024-11-03
15545,247,17051,credit,food,2024-03-03
15546,923,41539,debit,shopping,2024-09-01
15547,45,11552,credit,atm,2024-06-28
15548,765,28735,debit,transfer,2024-01-22
15549,375,32847,debit,transfer,2024-11-06
15550,291,33896,debit,salary,2024-04-22
15551,207,28033,credit,atm,2024-04-19
15552,924,34681,debit,salary,2024-01-03
15553,995,38381,debit,shopping,2024-09-14
15554,519,21287,debit,transfer,2024-07-05
15555,958,23053,debit,salary,2024-01-28
15556,242,33918,debit,salary,2024-09-04
15557,622,24802,debit,atm,2024-01-09
15558,114,6378,credit,shopping,2024-07-08
15559,819,44666,credit,food,2024-10-14
15560,302,18136,credit,atm,2024-03-15
15561,276,47595,debit,atm,2024-04-11
15562,96,24683,debit,shopping,2024-10-17
15563,294,4808,debit,food,2024-02-16
15564,701,9576,debit,atm,2024-02-05
15565,360,5418,credit,salary,2024-05-26
15566,288,29369,credit,salary,2024-05-02
15567,154,38727,debit,salary,2024-06-01
15568,570,45541,credit,salary,2024-11-11
15569,423,24854,credit,food,2024-04-30
15570,916,39461,credit,shopping,2024-08-19
15571,850,20079,debit,shopping,2024-04-04
15572,50,5010,debit,food,2024-01-23
15573,207,36122,debit,shopping,2024-04-24
15574,564,4553,credit,salary,2024-06-03
15575,854,21281,credit,food,2024-06-11
15576,883,23465,debit,salary,2024-03-17
15577,662,26426,debit,shopping,2024-10-18
15578,565,40805,credit,atm,2024-08-03
15579,213,4277,debit,food,2024-04-06
15580,66,3529,debit,transfer,2024-07-17
15581,232,33052,debit,transfer,2024-05-16
15582,885,36001,debit,salary,2024-01-21
15583,811,5078,debit,shopping,2024-06-08
15584,850,41566,debit,salary,2024-11-17
15585,663,13873,credit,transfer,2024-10-26
15586,717,6274,debit,food,2024-04-30
15587,320,21896,credit,salary,2024-07-11
15588,767,11977,debit,shopping,2024-12-01
15589,137,17822,credit,transfer,2024-08-02
15590,881,22655,debit,food,2024-05-22
15591,647,47325,debit,salary,2024-06-03
15592,937,13662,debit,food,2024-01-16
15593,566,6646,debit,atm,2024-10-28
15594,65,25358,debit,transfer,2024-12-24
15595,514,11806,debit,salary,2024-07-18
15596,132,29043,debit,food,2024-03-05
15597,334,22415,debit,salary,2024-01-19
15598,32,10452,credit,shopping,2024-03-30
15599,868,34597,debit,shopping,2024-02-06
15600,898,9709,debit,salary,2024-07-04
15601,872,45074,debit,transfer,2024-11-04
15602,498,32886,credit,salary,2024-02-16
15603,243,27328,credit,salary,2024-05-10
15604,192,49716,debit,salary,2024-03-28
15605,142,8982,debit,salary,2024-12-07
15606,660,16368,credit,transfer,2024-03-02
15607,601,5410,credit,atm,2024-05-08
15608,561,46672,debit,atm,2024-02-08
15609,648,24563,debit,food,2024-11-24
15610,988,11353,credit,transfer,2024-06-09
15611,191,20504,debit,transfer,2024-10-05
15612,942,49414,credit,transfer,2024-06-10
15613,149,9927,debit,shopping,2024-02-18
15614,599,11038,debit,transfer,2024-05-04
15615,416,33162,debit,shopping,2024-08-14
15616,520,25254,debit,atm,2024-10-31
15617,735,7340,debit,atm,2024-12-17
15618,869,39712,credit,shopping,2024-11-17
15619,16,1685,debit,salary,2024-03-11
15620,808,10641,debit,atm,2024-11-18
15621,106,5527,debit,salary,2024-09-03
15622,283,26847,debit,food,2024-02-08
15623,104,23296,debit,shopping,2024-04-09
15624,361,15720,credit,food,2024-01-01
15625,658,49446,credit,shopping,2024-06-22
15626,35,9133,debit,food,2024-06-12
15627,113,31170,debit,food,2024-06-20
15628,308,47022,debit,transfer,2024-01-31
15629,911,49204,debit,atm,2024-04-06
15630,959,12299,debit,shopping,2024-04-19
15631,53,12876,debit,atm,2024-07-04
15632,859,22827,debit,transfer,2024-02-22
15633,81,3031,debit,atm,2024-04-12
15634,616,14943,debit,shopping,2024-12-14
15635,834,5799,debit,transfer,2024-07-03
15636,369,21324,debit,salary,2024-07-19
15637,242,27421,debit,transfer,2024-03-18
15638,31,7736,debit,shopping,2024-09-04
15639,829,1960,debit,food,2024-09-17
15640,704,15089,debit,atm,2024-11-03
15641,869,48105,debit,food,2024-02-01
15642,361,37235,debit,salary,2024-05-13
15643,233,46522,credit,food,2024-04-02
15644,610,35039,credit,atm,2024-12-13
15645,34,36162,credit,food,2024-06-29
15646,243,13901,debit,transfer,2024-11-12
15647,951,30498,credit,shopping,2024-05-26
15648,59,4847,credit,food,2024-05-11
15649,771,37260,debit,shopping,2024-06-08
15650,529,5338,debit,shopping,2024-12-05
15651,78,2934,debit,shopping,2024-10-28
15652,718,48303,debit,transfer,2024-03-02
15653,302,45776,credit,shopping,2024-12-13
15654,678,26330,debit,food,2024-11-05
15655,803,7216,credit,shopping,2024-12-21
15656,897,3028,debit,transfer,2024-08-02
15657,112,28279,credit,shopping,2024-11-18
15658,413,22234,debit,food,2024-10-06
15659,900,39362,credit,transfer,2024-03-06
15660,317,34540,debit,salary,2024-01-18
15661,865,8290,debit,salary,2024-08-28
15662,145,23928,debit,food,2024-04-05
15663,668,4450,debit,atm,2024-02-17
15664,690,34155,credit,shopping,2024-02-17
15665,858,43786,debit,atm,2024-11-13
15666,648,16136,debit,transfer,2024-08-27
15667,930,28800,debit,shopping,2024-08-09
15668,827,6710,debit,atm,2024-08-17
15669,18,42118,debit,food,2024-06-03
15670,351,29520,debit,transfer,2024-03-02
15671,955,25277,credit,shopping,2024-04-11
15672,155,27950,credit,salary,2024-12-23
15673,784,39751,credit,shopping,2024-11-29
15674,506,11270,debit,transfer,2024-11-16
15675,778,49382,debit,salary,2024-11-03
15676,360,40912,debit,food,2024-01-01
15677,332,41170,debit,shopping,2024-02-09
15678,918,27247,debit,atm,2024-03-12
15679,528,35602,debit,atm,2024-05-24
15680,12,25506,credit,food,2024-01-01
15681,75,1166,credit,transfer,2024-03-18
15682,212,5070,credit,food,2024-07-23
15683,691,49536,debit,transfer,2024-07-23
15684,641,23450,debit,salary,2024-11-18
15685,283,29335,credit,transfer,2024-01-22
15686,195,40662,debit,salary,2024-10-17
15687,780,4214,debit,shopping,2024-11-07
15688,30,28254,credit,shopping,2024-08-19
15689,9,45702,debit,food,2024-02-14
15690,309,49299,credit,food,2024-12-07
15691,445,39006,debit,shopping,2024-10-15
15692,310,28990,credit,atm,2024-07-15
15693,677,21345,debit,salary,2024-05-09
15694,705,43138,debit,shopping,2024-11-10
15695,426,43366,debit,atm,2024-12-16
15696,817,24326,debit,transfer,2024-08-25
15697,772,36283,debit,shopping,2024-10-11
15698,704,12695,credit,atm,2024-08-08
15699,591,27818,credit,shopping,2024-11-06
15700,691,39318,debit,transfer,2024-12-15
15701,91,25243,debit,transfer,2024-05-29
15702,456,46278,debit,salary,2024-07-31
15703,444,6264,debit,transfer,2024-04-14
15704,727,32740,credit,transfer,2024-06-25
15705,79,7887,debit,salary,2024-07-17
15706,475,16024,credit,shopping,2024-08-04
15707,927,45386,debit,shopping,2024-01-16
15708,103,20549,debit,salary,2024-06-16
15709,623,181,credit,shopping,2024-06-21
15710,456,3105,debit,shopping,2024-03-04
15711,990,8508,debit,atm,2024-07-09
15712,314,434,debit,salary,2024-06-27
15713,247,11203,debit,salary,2024-08-24
15714,234,41812,debit,food,2024-01-10
15715,594,44821,debit,atm,2024-03-16
15716,644,25269,debit,shopping,2024-08-01
15717,235,30594,debit,food,2024-04-30
15718,790,43811,debit,atm,2024-06-21
15719,387,23552,credit,shopping,2024-12-06
15720,847,26354,debit,atm,2024-02-25
15721,611,3997,debit,transfer,2024-08-17
15722,943,4748,debit,shopping,2024-03-13
15723,38,9774,debit,atm,2024-07-30
15724,161,17266,debit,atm,2024-01-13
15725,462,26810,credit,food,2024-03-04
15726,944,20070,debit,atm,2024-04-24
15727,449,3894,debit,transfer,2024-08-03
15728,117,29284,debit,transfer,2024-06-06
15729,241,25659,debit,atm,2024-11-03
15730,26,15444,debit,shopping,2024-04-23
15731,648,45742,debit,food,2024-02-23
15732,562,38465,credit,shopping,2024-11-08
15733,976,31317,debit,atm,2024-01-18
15734,806,39918,debit,transfer,2024-01-25
15735,906,5151,credit,salary,2024-06-29
15736,298,17226,credit,food,2024-10-02
15737,805,4644,debit,shopping,2024-01-11
15738,154,12975,credit,transfer,2024-06-16
15739,732,4455,credit,shopping,2024-03-30
15740,652,20092,debit,atm,2024-03-27
15741,468,41153,debit,shopping,2024-06-23
15742,49,46176,debit,food,2024-02-25
15743,654,31174,debit,salary,2024-10-15
15744,46,2616,debit,salary,2024-08-04
15745,675,22722,credit,atm,2024-04-07
15746,285,46023,debit,food,2024-10-08
15747,780,49342,credit,salary,2024-12-24
15748,628,48271,credit,transfer,2024-11-20
15749,82,1579,debit,shopping,2024-01-29
15750,44,17438,credit,atm,2024-12-30
15751,706,27107,credit,transfer,2024-11-11
15752,770,41082,debit,atm,2024-06-01
15753,955,45178,credit,food,2024-04-16
15754,273,21936,debit,atm,2024-06-20
15755,394,29346,debit,salary,2024-04-30
15756,786,2647,debit,food,2024-01-12
15757,790,37791,credit,atm,2024-12-14
15758,595,28230,credit,transfer,2024-02-08
15759,58,49440,debit,food,2024-05-26
15760,565,49075,debit,food,2024-05-26
15761,1,559,debit,atm,2024-01-29
15762,216,2336,debit,atm,2024-07-12
15763,317,20930,debit,food,2024-03-30
15764,228,680,credit,shopping,2024-12-22
15765,473,14539,credit,shopping,2024-08-30
15766,484,4815,debit,salary,2024-08-13
15767,766,26207,debit,food,2024-08-09
15768,671,26044,credit,shopping,2024-11-27
15769,287,31864,credit,transfer,2024-01-20
15770,511,43494,debit,food,2024-12-18
15771,578,27667,debit,shopping,2024-09-21
15772,915,38765,credit,atm,2024-01-02
15773,821,32525,debit,transfer,2024-06-04
15774,972,41532,credit,salary,2024-02-03
15775,458,17342,credit,shopping,2024-10-03
15776,95,44049,debit,atm,2024-12-04
15777,493,18924,credit,transfer,2024-07-24
15778,765,11998,debit,transfer,2024-12-02
15779,150,34580,debit,salary,2024-12-06
15780,23,49767,debit,atm,2024-10-04
15781,756,40223,debit,shopping,2024-07-05
15782,215,43453,debit,food,2024-03-24
15783,399,17859,debit,transfer,2024-07-09
15784,410,23168,debit,shopping,2024-10-27
15785,131,3769,debit,food,2024-12-04
15786,855,14482,credit,shopping,2024-08-07
15787,148,15536,debit,shopping,2024-02-02
15788,381,18874,credit,transfer,2024-10-17
15789,109,36130,debit,transfer,2024-10-28
15790,552,4738,debit,shopping,2024-05-06
15791,121,2966,debit,shopping,2024-12-27
15792,295,9351,debit,salary,2024-06-12
15793,120,9048,debit,food,2024-12-29
15794,456,22978,debit,atm,2024-07-08
15795,530,287,debit,atm,2024-03-23
15796,169,32370,debit,salary,2024-08-05
15797,710,43441,debit,shopping,2024-12-21
15798,923,21062,credit,shopping,2024-12-28
15799,996,30011,debit,salary,2024-01-26
15800,143,19198,debit,atm,2024-05-14
15801,37,7508,debit,transfer,2024-12-08
15802,698,16779,credit,transfer,2024-05-12
15803,261,3633,debit,shopping,2024-08-02
15804,231,4240,debit,food,2024-11-30
15805,254,36910,credit,atm,2024-03-21
15806,329,26718,debit,food,2024-12-05
15807,903,20754,credit,shopping,2024-07-26
15808,297,30875,debit,atm,2024-04-21
15809,980,40601,debit,transfer,2024-05-02
15810,10,14776,credit,transfer,2024-08-10
15811,446,6105,debit,food,2024-05-01
15812,922,5970,credit,atm,2024-03-20
15813,836,4004,debit,shopping,2024-05-07
15814,230,48335,credit,salary,2024-11-29
15815,536,12073,debit,salary,2024-03-14
15816,78,47076,debit,salary,2024-08-12
15817,425,2361,debit,shopping,2024-10-23
15818,193,45913,debit,salary,2024-03-26
15819,401,17904,debit,food,2024-11-17
15820,109,23177,debit,transfer,2024-07-10
15821,792,47376,debit,salary,2024-09-19
15822,923,24780,debit,transfer,2024-05-02
15823,263,16962,debit,food,2024-05-06
15824,329,22002,debit,atm,2024-01-30
15825,363,39445,credit,atm,2024-06-15
15826,867,39653,debit,shopping,2024-05-26
15827,378,8984,debit,transfer,2024-09-10
15828,780,3138,debit,shopping,2024-02-07
15829,341,33061,debit,salary,2024-04-10
15830,259,31662,credit,shopping,2024-03-19
15831,335,26165,debit,food,2024-08-29
15832,85,32184,debit,shopping,2024-04-11
15833,522,49310,credit,salary,2024-12-20
15834,801,11901,debit,salary,2024-09-16
15835,814,21057,debit,food,2024-06-11
15836,571,2680,debit,transfer,2024-03-25
15837,308,26644,debit,atm,2024-04-19
15838,262,45747,credit,food,2024-07-06
15839,898,45113,credit,atm,2024-08-25
15840,797,32554,credit,food,2024-02-05
15841,631,46501,credit,food,2024-12-23
15842,680,11377,credit,shopping,2024-07-30
15843,865,40491,credit,shopping,2024-11-08
15844,701,33088,debit,shopping,2024-12-27
15845,452,975,debit,food,2024-12-30
15846,251,11754,debit,shopping,2024-03-24
15847,324,1296,debit,food,2024-03-30
15848,925,49587,debit,shopping,2024-05-11
15849,229,41284,credit,atm,2024-11-02
15850,702,23498,debit,transfer,2024-03-24
15851,828,14470,debit,shopping,2024-04-15
15852,636,28617,debit,salary,2024-06-28
15853,596,28959,debit,transfer,2024-07-21
15854,297,1347,debit,salary,2024-11-22
15855,727,24664,debit,transfer,2024-11-06
15856,237,46118,credit,shopping,2024-04-17
15857,978,7211,credit,atm,2024-01-31
15858,625,21073,debit,shopping,2024-02-19
15859,217,34754,debit,food,2024-03-27
15860,833,410,credit,salary,2024-05-22
15861,246,10860,debit,transfer,2024-03-05
15862,448,18088,debit,atm,2024-08-26
15863,847,22143,debit,salary,2024-09-22
15864,319,25044,debit,atm,2024-03-28
15865,994,36414,credit,salary,2024-11-30
15866,432,38219,debit,shopping,2024-06-24
15867,404,24501,debit,food,2024-05-28
15868,886,17481,debit,salary,2024-01-24
15869,37,33364,credit,atm,2024-05-30
15870,576,22169,debit,shopping,2024-11-20
15871,731,43064,debit,transfer,2024-10-15
15872,342,1298,debit,transfer,2024-02-05
15873,389,43405,credit,shopping,2024-08-19
15874,34,6010,credit,transfer,2024-07-04
15875,39,5584,credit,atm,2024-03-30
15876,579,46265,debit,food,2024-11-17
15877,209,676,debit,shopping,2024-08-13
15878,830,32921,credit,food,2024-10-13
15879,856,48857,credit,food,2024-12-25
15880,152,44492,debit,shopping,2024-07-09
15881,899,48703,debit,salary,2024-06-21
15882,365,33096,debit,atm,2024-03-23
15883,199,25454,debit,shopping,2024-04-30
15884,601,49058,credit,atm,2024-06-26
15885,760,30329,debit,food,2024-11-18
15886,835,12122,credit,food,2024-07-17
15887,79,1084,debit,salary,2024-12-08
15888,477,12760,debit,food,2024-08-16
15889,434,25144,debit,shopping,2024-05-08
15890,797,18951,debit,atm,2024-08-29
15891,842,42909,credit,salary,2024-11-22
15892,32,33399,debit,shopping,2024-12-07
15893,87,13811,debit,atm,2024-03-23
15894,551,11327,debit,atm,2024-12-15
15895,393,8128,debit,transfer,2024-05-16
15896,613,17045,debit,transfer,2024-04-08
15897,244,32957,debit,shopping,2024-06-11
15898,232,38603,debit,salary,2024-05-20
15899,910,26082,debit,atm,2024-06-02
15900,580,36013,debit,atm,2024-06-21
15901,192,1392,debit,shopping,2024-06-27
15902,916,23980,debit,salary,2024-12-13
15903,540,32638,credit,food,2024-06-01
15904,270,7659,debit,salary,2024-02-25
15905,940,36649,debit,food,2024-10-21
15906,738,35259,debit,atm,2024-05-10
15907,77,21639,debit,transfer,2024-02-22
15908,735,13304,credit,transfer,2024-03-02
15909,993,2352,credit,shopping,2024-08-13
15910,884,36759,debit,salary,2024-04-14
15911,167,9966,debit,salary,2024-07-13
15912,284,38097,debit,food,2024-11-20
15913,704,24900,debit,shopping,2024-07-18
15914,89,7653,credit,salary,2024-11-10
15915,544,32931,debit,shopping,2024-06-14
15916,649,1887,debit,food,2024-08-03
15917,156,44910,debit,atm,2024-10-13
15918,250,40937,credit,shopping,2024-10-31
15919,95,11826,credit,transfer,2024-08-04
15920,17,4015,credit,atm,2024-02-07
15921,117,47523,debit,salary,2024-09-09
15922,983,45512,credit,food,2024-10-31
15923,333,192,debit,food,2024-08-05
15924,823,11034,debit,transfer,2024-04-09
15925,522,30095,debit,shopping,2024-01-23
15926,80,32569,credit,transfer,2024-12-05
15927,646,1777,debit,shopping,2024-10-09
15928,432,28342,credit,transfer,2024-03-21
15929,203,21992,debit,transfer,2024-05-21
15930,116,22214,credit,food,2024-05-10
15931,963,36732,debit,shopping,2024-04-13
15932,220,27157,credit,transfer,2024-01-27
15933,253,45016,debit,salary,2024-07-08
15934,169,44131,debit,food,2024-09-08
15935,847,47981,debit,food,2024-09-26
15936,316,37455,debit,food,2024-08-07
15937,717,31632,debit,food,2024-06-20
15938,810,10269,debit,transfer,2024-01-25
15939,372,34666,debit,transfer,2024-07-07
15940,760,46650,credit,food,2024-07-21
15941,877,30840,debit,transfer,2024-02-21
15942,977,46276,debit,transfer,2024-05-19
15943,583,10130,debit,shopping,2024-09-02
15944,156,10852,credit,salary,2024-10-05
15945,614,7151,credit,shopping,2024-04-29
15946,13,42723,debit,atm,2024-08-15
15947,508,10689,credit,shopping,2024-09-13
15948,465,11495,debit,salary,2024-07-11
15949,783,12933,debit,salary,2024-05-05
15950,804,698,debit,shopping,2024-05-12
15951,220,14467,credit,shopping,2024-07-03
15952,15,18528,credit,atm,2024-05-29
15953,750,16742,credit,food,2024-09-14
15954,117,21055,debit,salary,2024-08-23
15955,331,40871,debit,food,2024-10-03
15956,56,10197,debit,atm,2024-11-22
15957,351,13307,debit,transfer,2024-02-28
15958,132,22660,debit,transfer,2024-09-21
15959,995,23526,credit,food,2024-04-29
15960,226,44692,debit,shopping,2024-03-13
15961,308,897,debit,salary,2024-09-07
15962,475,43563,debit,food,2024-04-24
15963,906,5813,credit,shopping,2024-04-09
15964,222,40179,debit,atm,2024-03-13
15965,173,20504,debit,shopping,2024-05-17
15966,340,6011,debit,atm,2024-04-22
15967,797,4054,debit,food,2024-03-14
15968,506,42687,debit,transfer,2024-08-23
15969,821,4412,debit,salary,2024-09-29
15970,157,30975,debit,food,2024-08-17
15971,151,41848,debit,transfer,2024-09-16
15972,697,18540,credit,atm,2024-03-04
15973,178,15928,credit,salary,2024-05-23
15974,533,30998,debit,shopping,2024-10-31
15975,112,46820,credit,food,2024-04-09
15976,683,39970,credit,shopping,2024-06-03
15977,138,45528,debit,salary,2024-01-06
15978,233,15527,debit,food,2024-04-13
15979,332,29741,debit,food,2024-01-09
15980,542,22269,credit,shopping,2024-11-09
15981,893,34315,debit,shopping,2024-09-08
15982,307,49766,debit,transfer,2024-02-01
15983,161,45519,debit,shopping,2024-01-30
15984,402,47980,debit,atm,2024-10-27
15985,590,2051,credit,transfer,2024-08-07
15986,278,22054,credit,shopping,2024-05-29
15987,320,13927,debit,food,2024-10-13
15988,533,9065,debit,shopping,2024-07-27
15989,897,33196,debit,salary,2024-05-07
15990,497,9085,debit,transfer,2024-01-17
15991,363,32741,debit,food,2024-05-04
15992,372,22997,credit,shopping,2024-02-23
15993,892,45752,debit,salary,2024-03-19
15994,655,6073,debit,transfer,2024-10-29
15995,36,17894,debit,transfer,2024-06-08
15996,303,7814,debit,transfer,2024-06-04
15997,438,1237,debit,food,2024-11-27
15998,726,37340,debit,shopping,2024-06-15
15999,32,36142,debit,food,2024-08-31
16000,186,3373,credit,atm,2024-07-19
16001,174,22727,debit,shopping,2024-06-01
16002,566,32293,debit,atm,2024-10-08
16003,673,15251,credit,shopping,2024-11-19
16004,250,10255,debit,transfer,2024-07-08
16005,763,26841,debit,food,2024-05-26
16006,935,23048,debit,atm,2024-01-13
16007,279,38230,credit,transfer,2024-10-11
16008,683,4736,debit,transfer,2024-11-05
16009,695,38214,debit,atm,2024-08-26
16010,2,31749,debit,shopping,2024-03-13
16011,194,43806,debit,atm,2024-06-18
16012,166,37076,debit,food,2024-08-19
16013,759,37336,credit,salary,2024-07-17
16014,925,2446,debit,shopping,2024-07-17
16015,756,14084,debit,transfer,2024-01-21
16016,110,1142,debit,atm,2024-09-21
16017,380,13163,debit,salary,2024-06-21
16018,835,20590,debit,atm,2024-10-30
16019,999,41067,debit,salary,2024-12-06
16020,583,36599,credit,shopping,2024-07-15
16021,676,42633,credit,atm,2024-05-12
16022,285,7402,debit,atm,2024-11-23
16023,887,21976,debit,salary,2024-09-27
16024,421,49712,debit,food,2024-03-17
16025,113,16394,credit,transfer,2024-04-06
16026,228,2402,credit,salary,2024-06-20
16027,471,19117,debit,atm,2024-02-01
16028,813,42411,debit,salary,2024-02-05
16029,528,461,credit,salary,2024-06-25
16030,496,38361,debit,atm,2024-05-25
16031,31,17271,credit,atm,2024-12-08
16032,162,49460,credit,food,2024-05-09
16033,818,41326,credit,food,2024-08-23
16034,705,29427,debit,food,2024-06-03
16035,722,5192,debit,atm,2024-06-26
16036,378,17037,debit,shopping,2024-12-07
16037,446,40893,credit,food,2024-03-09
16038,744,13917,debit,transfer,2024-05-24
16039,427,9879,debit,shopping,2024-02-12
16040,696,4616,debit,food,2024-05-25
16041,504,39319,debit,transfer,2024-09-11
16042,527,30214,credit,atm,2024-07-12
16043,944,14630,credit,transfer,2024-10-13
16044,817,9410,credit,food,2024-03-03
16045,721,34381,credit,salary,2024-10-10
16046,684,23909,debit,salary,2024-07-13
16047,778,46204,debit,transfer,2024-04-06
16048,532,21835,debit,atm,2024-01-28
16049,582,44463,debit,shopping,2024-09-04
16050,520,6849,debit,salary,2024-05-22
16051,941,27737,credit,shopping,2024-09-17
16052,34,7105,debit,atm,2024-10-23
16053,736,29998,credit,salary,2024-04-19
16054,691,23638,credit,atm,2024-08-06
16055,758,37306,debit,food,2024-03-16
16056,490,45748,debit,shopping,2024-07-20
16057,772,21808,credit,food,2024-07-19
16058,620,45124,debit,atm,2024-09-12
16059,754,43044,credit,atm,2024-11-17
16060,423,25567,debit,transfer,2024-11-24
16061,468,49227,credit,transfer,2024-04-29
16062,24,14512,credit,salary,2024-06-27
16063,216,29478,debit,food,2024-05-06
16064,55,47155,debit,food,2024-05-23
16065,26,28202,debit,atm,2024-07-11
16066,281,13144,debit,transfer,2024-08-29
16067,804,31409,debit,shopping,2024-02-26
16068,327,18339,debit,atm,2024-06-15
16069,970,2535,credit,food,2024-03-05
16070,186,44034,credit,food,2024-02-16
16071,495,23264,credit,atm,2024-10-22
16072,12,35966,debit,atm,2024-10-30
16073,641,3486,debit,atm,2024-08-23
16074,884,5540,credit,food,2024-10-21
16075,434,45603,credit,shopping,2024-04-10
16076,921,42876,debit,food,2024-06-09
16077,208,6536,debit,atm,2024-04-29
16078,133,7503,debit,transfer,2024-06-02
16079,339,23342,credit,shopping,2024-02-12
16080,196,43564,credit,salary,2024-02-13
16081,262,3039,debit,food,2024-03-18
16082,282,17322,debit,shopping,2024-11-27
16083,369,27377,debit,shopping,2024-04-17
16084,103,21243,credit,atm,2024-01-07
16085,632,3238,credit,shopping,2024-12-06
16086,183,49427,credit,food,2024-02-27
16087,423,21089,debit,transfer,2024-12-12
16088,9,3262,debit,shopping,2024-01-10
16089,557,2852,credit,food,2024-08-15
16090,244,25865,credit,atm,2024-06-18
16091,782,45757,debit,shopping,2024-02-03
16092,624,937,debit,salary,2024-07-28
16093,567,28574,debit,salary,2024-06-02
16094,393,12143,debit,transfer,2024-11-11
16095,527,48665,debit,atm,2024-05-09
16096,37,47254,debit,food,2024-07-19
16097,178,35601,debit,shopping,2024-02-14
16098,639,44870,credit,food,2024-01-05
16099,629,47469,debit,salary,2024-01-26
16100,852,24172,debit,atm,2024-08-20
16101,72,38074,debit,food,2024-11-30
16102,352,2753,credit,shopping,2024-10-08
16103,623,22624,debit,atm,2024-04-01
16104,149,19833,credit,shopping,2024-08-02
16105,697,36178,credit,shopping,2024-03-25
16106,105,37548,debit,atm,2024-01-22
16107,659,18870,credit,atm,2024-09-22
16108,221,38059,debit,shopping,2024-02-11
16109,826,49625,debit,salary,2024-06-07
16110,863,37543,credit,shopping,2024-06-07
16111,374,12904,credit,atm,2024-12-20
16112,518,16310,credit,transfer,2024-09-06
16113,260,34129,credit,food,2024-11-26
16114,299,7733,debit,shopping,2024-12-02
16115,861,8412,debit,food,2024-08-12
16116,42,38400,credit,shopping,2024-08-01
16117,771,20329,debit,shopping,2024-12-28
16118,897,2984,debit,transfer,2024-08-27
16119,492,43677,debit,atm,2024-10-14
16120,439,20622,debit,salary,2024-03-07
16121,783,5723,debit,atm,2024-12-23
16122,47,11560,debit,food,2024-07-09
16123,85,10334,debit,food,2024-10-05
16124,686,18603,debit,shopping,2024-02-19
16125,58,24200,debit,atm,2024-11-16
16126,991,16974,debit,transfer,2024-07-15
16127,711,47005,debit,salary,2024-06-20
16128,209,29520,debit,atm,2024-07-04
16129,248,35913,credit,shopping,2024-07-03
16130,211,482,credit,food,2024-06-13
16131,39,38453,debit,atm,2024-01-18
16132,252,9469,credit,food,2024-04-08
16133,643,35085,debit,shopping,2024-04-27
16134,926,42355,debit,food,2024-09-02
16135,803,23761,credit,shopping,2024-04-05
16136,762,45586,credit,salary,2024-10-15
16137,953,47983,debit,transfer,2024-10-24
16138,413,750,debit,food,2024-08-03
16139,946,41037,debit,atm,2024-06-03
16140,446,21399,debit,salary,2024-07-29
16141,52,26962,debit,transfer,2024-03-22
16142,374,31253,debit,atm,2024-03-19
16143,526,16412,debit,atm,2024-03-31
16144,931,11043,debit,shopping,2024-04-30
16145,156,3298,debit,transfer,2024-10-06
16146,954,17425,debit,atm,2024-09-15
16147,542,8832,debit,atm,2024-06-15
16148,90,5905,debit,atm,2024-11-22
16149,903,19013,credit,salary,2024-02-02
16150,679,1302,debit,transfer,2024-10-04
16151,351,17134,debit,shopping,2024-09-26
16152,69,3106,debit,salary,2024-11-05
16153,163,8605,debit,salary,2024-01-31
16154,242,20598,debit,salary,2024-03-09
16155,495,42243,debit,shopping,2024-04-08
16156,383,45973,debit,shopping,2024-04-05
16157,52,16605,debit,salary,2024-05-11
16158,654,6703,debit,salary,2024-09-22
16159,63,24844,debit,food,2024-08-09
16160,509,3782,credit,shopping,2024-04-28
16161,292,13560,debit,atm,2024-12-22
16162,91,13659,credit,transfer,2024-05-16
16163,664,28644,debit,transfer,2024-07-07
16164,424,6964,debit,transfer,2024-08-05
16165,669,23878,debit,salary,2024-05-28
16166,821,14334,debit,shopping,2024-05-06
16167,365,28693,debit,food,2024-08-27
16168,150,44757,debit,food,2024-10-05
16169,840,1829,debit,transfer,2024-03-01
16170,271,44615,debit,atm,2024-04-04
16171,881,22436,debit,atm,2024-12-25
16172,581,35036,debit,atm,2024-12-30
16173,116,12513,credit,atm,2024-10-03
16174,704,47752,credit,food,2024-02-16
16175,516,29864,credit,food,2024-06-17
16176,587,45841,debit,shopping,2024-04-06
16177,914,7768,debit,food,2024-05-22
16178,810,13360,debit,shopping,2024-08-11
16179,241,11408,credit,shopping,2024-11-10
16180,30,8996,credit,salary,2024-01-29
16181,143,39508,debit,food,2024-01-11
16182,326,19383,credit,atm,2024-01-29
16183,695,19691,credit,transfer,2024-08-20
16184,949,25382,debit,shopping,2024-03-26
16185,16,14019,credit,transfer,2024-07-28
16186,111,7774,debit,atm,2024-12-10
16187,872,30799,debit,shopping,2024-12-06
16188,713,30940,debit,shopping,2024-04-23
16189,107,18492,debit,food,2024-09-07
16190,379,32060,credit,salary,2024-02-25
16191,162,4821,credit,transfer,2024-08-07
16192,283,29297,debit,atm,2024-06-29
16193,269,26273,debit,salary,2024-01-03
16194,484,1166,debit,salary,2024-01-13
16195,667,43006,debit,food,2024-11-21
16196,73,27475,debit,shopping,2024-09-23
16197,197,2018,debit,atm,2024-02-25
16198,243,9557,debit,salary,2024-09-21
16199,598,10826,credit,salary,2024-05-02
16200,799,14382,debit,transfer,2024-12-04
16201,259,24915,debit,atm,2024-08-14
16202,798,22694,debit,atm,2024-06-04
16203,149,7548,debit,salary,2024-08-25
16204,867,1242,credit,shopping,2024-03-19
16205,390,20332,debit,atm,2024-10-01
16206,988,1515,debit,atm,2024-12-18
16207,416,6474,debit,transfer,2024-08-07
16208,426,27074,credit,transfer,2024-09-16
16209,997,33628,debit,transfer,2024-10-29
16210,702,3742,debit,shopping,2024-12-20
16211,217,18036,debit,shopping,2024-05-03
16212,928,32014,credit,atm,2024-10-15
16213,867,9447,debit,shopping,2024-10-30
16214,86,25032,debit,transfer,2024-06-08
16215,216,23693,debit,shopping,2024-04-21
16216,423,1428,debit,atm,2024-11-30
16217,320,18860,debit,salary,2024-04-10
16218,118,19725,debit,food,2024-08-13
16219,926,26667,debit,shopping,2024-02-16
16220,959,12163,credit,salary,2024-05-16
16221,882,31730,credit,atm,2024-12-26
16222,992,27061,debit,salary,2024-06-11
16223,415,3240,debit,salary,2024-02-16
16224,599,17365,credit,salary,2024-03-28
16225,40,8830,debit,transfer,2024-12-03
16226,161,14157,credit,shopping,2024-09-29
16227,703,3657,credit,salary,2024-02-24
16228,537,29214,debit,atm,2024-09-23
16229,420,13311,debit,food,2024-02-02
16230,664,47254,debit,food,2024-11-15
16231,95,18680,credit,food,2024-02-27
16232,442,18434,debit,transfer,2024-04-17
16233,935,9902,debit,shopping,2024-09-30
16234,558,22421,debit,food,2024-11-29
16235,973,36031,debit,transfer,2024-06-21
16236,650,37331,debit,atm,2024-05-02
16237,983,4107,debit,atm,2024-02-12
16238,466,4775,debit,transfer,2024-05-27
16239,288,14158,debit,shopping,2024-11-08
16240,865,49101,debit,atm,2024-07-28
16241,676,37619,debit,shopping,2024-09-01
16242,412,6319,debit,transfer,2024-09-30
16243,400,15545,credit,atm,2024-05-24
16244,528,8518,debit,atm,2024-11-11
16245,18,24014,debit,salary,2024-03-29
16246,136,29730,debit,atm,2024-09-17
16247,464,40603,debit,food,2024-12-21
16248,759,41651,credit,salary,2024-08-12
16249,248,28795,debit,transfer,2024-09-27
16250,843,30534,debit,food,2024-02-08
16251,710,14556,debit,food,2024-06-15
16252,1,30285,credit,shopping,2024-12-09
16253,702,24256,debit,salary,2024-05-28
16254,381,46008,debit,shopping,2024-08-17
16255,509,43731,debit,salary,2024-09-25
16256,460,48093,debit,salary,2024-10-11
16257,505,2178,debit,food,2024-12-19
16258,806,30450,debit,atm,2024-09-17
16259,476,45010,debit,shopping,2024-07-13
16260,557,12173,debit,shopping,2024-10-03
16261,954,23878,debit,food,2024-05-16
16262,849,23497,debit,atm,2024-07-13
16263,897,3421,debit,salary,2024-06-20
16264,32,12437,debit,salary,2024-07-08
16265,904,47929,debit,atm,2024-08-09
16266,118,6111,credit,salary,2024-11-18
16267,808,39955,credit,shopping,2024-04-22
16268,184,10096,credit,shopping,2024-07-08
16269,191,34598,debit,shopping,2024-07-06
16270,747,46945,debit,food,2024-06-15
16271,750,20146,debit,salary,2024-06-17
16272,728,21594,credit,food,2024-11-01
16273,74,6718,credit,salary,2024-01-17
16274,623,6999,debit,shopping,2024-02-22
16275,103,31422,debit,shopping,2024-07-01
16276,871,33897,debit,atm,2024-07-24
16277,586,15228,debit,salary,2024-08-28
16278,420,33279,credit,transfer,2024-11-26
16279,473,2081,credit,food,2024-09-13
16280,764,42407,credit,shopping,2024-07-11
16281,114,34173,debit,atm,2024-05-22
16282,379,12578,credit,atm,2024-09-14
16283,313,46114,credit,shopping,2024-01-12
16284,330,26529,credit,salary,2024-07-03
16285,339,37463,debit,atm,2024-10-24
16286,238,11797,debit,salary,2024-09-14
16287,173,15522,debit,atm,2024-08-02
16288,79,42536,debit,food,2024-07-08
16289,464,38480,debit,salary,2024-06-10
16290,898,30441,debit,atm,2024-09-29
16291,605,2137,credit,shopping,2024-10-23
16292,964,9622,debit,transfer,2024-07-24
16293,501,21359,credit,shopping,2024-12-05
16294,562,12098,debit,salary,2024-12-29
16295,285,7186,debit,shopping,2024-07-17
16296,223,1249,debit,shopping,2024-11-16
16297,593,22892,debit,transfer,2024-04-29
16298,266,16490,credit,shopping,2024-09-11
16299,667,34304,debit,atm,2024-08-27
16300,373,36118,debit,food,2024-01-15
16301,233,28215,debit,transfer,2024-12-30
16302,911,24147,credit,salary,2024-06-14
16303,828,17178,debit,atm,2024-12-19
16304,236,21571,credit,salary,2024-11-16
16305,671,14363,debit,transfer,2024-09-21
16306,917,4943,credit,transfer,2024-06-18
16307,828,12533,debit,shopping,2024-08-01
16308,763,11659,debit,transfer,2024-12-10
16309,314,5052,debit,salary,2024-06-27
16310,937,40710,debit,transfer,2024-03-18
16311,942,32893,credit,food,2024-08-14
16312,813,21031,debit,shopping,2024-07-26
16313,380,2253,debit,transfer,2024-12-26
16314,794,29011,debit,food,2024-01-31
16315,614,8119,credit,salary,2024-07-12
16316,563,19973,credit,salary,2024-06-08
16317,420,41391,credit,food,2024-04-09
16318,52,31731,debit,food,2024-07-21
16319,721,38029,credit,transfer,2024-01-08
16320,819,17128,debit,shopping,2024-07-15
16321,643,34720,debit,shopping,2024-02-01
16322,509,40591,debit,atm,2024-10-29
16323,782,48574,credit,food,2024-01-08
16324,945,10723,debit,salary,2024-06-10
16325,205,20068,debit,atm,2024-09-16
16326,731,3909,debit,food,2024-10-18
16327,257,34179,credit,food,2024-06-20
16328,185,27471,debit,atm,2024-06-01
16329,145,44066,credit,shopping,2024-10-08
16330,690,39106,debit,food,2024-10-15
16331,994,31839,debit,atm,2024-10-29
16332,14,7888,credit,transfer,2024-07-18
16333,246,7077,debit,transfer,2024-05-24
16334,187,39277,credit,salary,2024-01-15
16335,337,34938,debit,shopping,2024-06-18
16336,259,2756,credit,atm,2024-11-05
16337,866,4234,credit,shopping,2024-08-27
16338,40,29531,debit,shopping,2024-06-26
16339,601,3584,debit,atm,2024-02-13
16340,637,49665,credit,food,2024-09-15
16341,962,43722,debit,transfer,2024-06-29
16342,418,47412,debit,salary,2024-11-07
16343,986,45177,debit,food,2024-02-23
16344,351,39016,debit,shopping,2024-07-03
16345,9,27374,debit,shopping,2024-05-19
16346,350,20793,credit,atm,2024-12-14
16347,84,38659,debit,transfer,2024-07-05
16348,533,17403,credit,transfer,2024-11-16
16349,989,19694,credit,salary,2024-12-17
16350,793,19203,debit,food,2024-10-19
16351,358,11958,credit,salary,2024-05-27
16352,378,15102,credit,shopping,2024-10-19
16353,172,4995,debit,shopping,2024-06-07
16354,25,43424,credit,transfer,2024-01-25
16355,393,25251,debit,shopping,2024-11-01
16356,103,10019,credit,food,2024-08-19
16357,702,44287,credit,food,2024-04-18
16358,236,22027,debit,salary,2024-02-18
16359,410,28247,debit,food,2024-01-08
16360,825,12478,debit,shopping,2024-04-03
16361,549,36593,debit,atm,2024-04-30
16362,784,21645,debit,transfer,2024-12-12
16363,805,44426,credit,transfer,2024-01-13
16364,332,13157,credit,transfer,2024-10-03
16365,664,1460,credit,atm,2024-03-13
16366,794,2148,debit,shopping,2024-05-31
16367,532,39120,debit,food,2024-02-02
16368,649,44035,debit,shopping,2024-09-13
16369,983,22582,debit,salary,2024-11-23
16370,871,25763,debit,shopping,2024-09-10
16371,29,33073,debit,shopping,2024-09-15
16372,543,44546,credit,transfer,2024-05-21
16373,19,15285,credit,shopping,2024-06-25
16374,148,19799,debit,atm,2024-05-01
16375,471,41682,credit,transfer,2024-02-02
16376,491,18161,debit,salary,2024-09-16
16377,283,11579,debit,atm,2024-02-07
16378,862,44072,credit,atm,2024-06-01
16379,853,46707,debit,salary,2024-10-29
16380,812,44697,debit,food,2024-09-01
16381,675,10992,debit,shopping,2024-05-20
16382,113,24031,debit,shopping,2024-04-28
16383,455,34739,debit,food,2024-10-07
16384,662,24754,debit,salary,2024-08-17
16385,330,23042,credit,food,2024-07-19
16386,255,7034,debit,transfer,2024-12-23
16387,599,29833,debit,transfer,2024-02-12
16388,399,19712,credit,transfer,2024-06-14
16389,862,35203,credit,food,2024-02-04
16390,610,31955,debit,atm,2024-04-02
16391,909,34593,debit,transfer,2024-11-01
16392,508,9406,debit,food,2024-11-29
16393,644,38853,debit,transfer,2024-08-17
16394,466,40084,credit,transfer,2024-10-16
16395,824,16644,credit,shopping,2024-04-01
16396,407,1525,debit,food,2024-06-27
16397,609,1833,debit,shopping,2024-12-15
16398,98,45475,debit,salary,2024-09-03
16399,290,10703,debit,transfer,2024-06-13
16400,868,12252,debit,transfer,2024-08-26
16401,739,15901,credit,shopping,2024-08-21
16402,657,19006,debit,food,2024-09-08
16403,156,29537,debit,atm,2024-03-06
16404,782,17085,debit,atm,2024-12-06
16405,162,27035,credit,salary,2024-02-03
16406,624,42615,credit,food,2024-08-19
16407,843,21168,credit,food,2024-06-02
16408,697,13631,debit,shopping,2024-11-27
16409,717,46853,debit,transfer,2024-06-24
16410,97,34388,debit,transfer,2024-05-06
16411,377,35258,credit,food,2024-05-04
16412,567,25581,debit,atm,2024-12-16
16413,450,26326,credit,salary,2024-03-19
16414,994,1217,credit,shopping,2024-01-10
16415,117,32761,debit,food,2024-02-05
16416,605,40168,debit,salary,2024-06-16
16417,805,42584,debit,food,2024-05-16
16418,964,12559,debit,salary,2024-06-29
16419,716,21205,debit,salary,2024-07-27
16420,794,39009,debit,transfer,2024-03-26
16421,506,19564,credit,shopping,2024-07-26
16422,189,32654,credit,shopping,2024-08-01
16423,476,40807,debit,transfer,2024-11-04
16424,323,4877,credit,atm,2024-06-15
16425,596,11532,debit,shopping,2024-11-12
16426,970,14371,debit,transfer,2024-02-21
16427,180,3901,debit,salary,2024-07-14
16428,786,7157,credit,salary,2024-07-14
16429,181,26611,debit,shopping,2024-07-19
16430,959,7610,debit,salary,2024-07-24
16431,693,8199,debit,shopping,2024-06-18
16432,795,15293,debit,food,2024-08-30
16433,287,20111,credit,transfer,2024-08-05
16434,475,49000,debit,atm,2024-07-13
16435,618,20864,credit,shopping,2024-12-17
16436,641,4550,debit,atm,2024-03-15
16437,262,14649,credit,transfer,2024-06-27
16438,523,7060,debit,transfer,2024-12-29
16439,162,16683,debit,food,2024-04-29
16440,487,7096,credit,transfer,2024-03-01
16441,980,18667,credit,salary,2024-10-06
16442,959,14301,debit,atm,2024-05-27
16443,181,5143,debit,transfer,2024-03-14
16444,725,20520,debit,transfer,2024-08-02
16445,469,40702,credit,atm,2024-04-06
16446,786,42424,credit,atm,2024-02-04
16447,21,34720,debit,food,2024-03-18
16448,275,49131,debit,transfer,2024-12-01
16449,260,12729,debit,salary,2024-10-12
16450,333,28775,credit,salary,2024-03-23
16451,466,1762,debit,food,2024-02-10
16452,116,14834,debit,transfer,2024-04-11
16453,413,7689,debit,atm,2024-06-25
16454,537,43518,credit,salary,2024-09-20
16455,952,49464,debit,transfer,2024-03-24
16456,845,4755,credit,food,2024-07-31
16457,766,8849,credit,food,2024-09-04
16458,959,10897,credit,atm,2024-03-05
16459,923,32030,debit,food,2024-03-25
16460,956,6745,debit,food,2024-04-30
16461,723,11995,debit,food,2024-07-21
16462,817,34862,debit,salary,2024-05-16
16463,833,47734,credit,atm,2024-08-28
16464,934,21532,credit,atm,2024-04-05
16465,851,47990,debit,atm,2024-10-21
16466,948,16958,debit,food,2024-05-30
16467,257,8333,debit,food,2024-06-25
16468,168,43711,debit,salary,2024-07-01
16469,849,32104,debit,food,2024-04-28
16470,533,26771,debit,salary,2024-12-15
16471,598,36860,credit,atm,2024-03-03
16472,15,28541,credit,salary,2024-09-08
16473,50,28333,debit,transfer,2024-12-16
16474,999,37691,debit,shopping,2024-04-17
16475,304,36385,debit,food,2024-01-26
16476,487,2368,debit,atm,2024-06-24
16477,416,26320,credit,shopping,2024-05-09
16478,305,48874,debit,shopping,2024-01-29
16479,196,4538,debit,atm,2024-06-08
16480,876,44369,debit,shopping,2024-04-17
16481,813,39166,debit,salary,2024-08-30
16482,800,19469,debit,atm,2024-09-07
16483,388,45996,debit,atm,2024-06-14
16484,757,26703,credit,salary,2024-10-03
16485,961,11419,debit,transfer,2024-10-09
16486,865,14822,debit,transfer,2024-08-03
16487,455,37857,debit,shopping,2024-02-03
16488,713,6128,debit,atm,2024-10-05
16489,705,46494,debit,salary,2024-08-31
16490,848,45193,debit,atm,2024-11-29
16491,658,26040,debit,salary,2024-06-15
16492,310,31548,debit,transfer,2024-03-09
16493,127,8522,credit,transfer,2024-04-26
16494,175,43541,credit,shopping,2024-03-13
16495,134,20788,credit,salary,2024-10-27
16496,66,46380,debit,transfer,2024-11-14
16497,393,14572,debit,food,2024-01-08
16498,964,15000,debit,transfer,2024-10-12
16499,365,35771,debit,atm,2024-01-12
16500,279,7863,credit,salary,2024-10-02
16501,758,11060,debit,food,2024-07-10
16502,363,11184,credit,transfer,2024-07-01
16503,749,43143,debit,transfer,2024-09-24
16504,171,2174,debit,salary,2024-03-24
16505,51,7925,debit,food,2024-01-22
16506,328,34933,credit,salary,2024-08-25
16507,871,25305,debit,transfer,2024-06-24
16508,665,36076,debit,shopping,2024-10-27
16509,592,4774,debit,salary,2024-01-26
16510,931,41962,debit,transfer,2024-04-18
16511,145,47005,debit,salary,2024-04-16
16512,274,48178,debit,transfer,2024-10-10
16513,155,42113,debit,salary,2024-08-19
16514,911,222,debit,transfer,2024-03-13
16515,508,21580,debit,food,2024-07-15
16516,849,9543,debit,atm,2024-01-02
16517,363,4533,debit,atm,2024-04-15
16518,325,1090,debit,salary,2024-01-28
16519,848,5656,debit,transfer,2024-11-28
16520,655,26762,debit,atm,2024-06-29
16521,298,29197,debit,atm,2024-05-21
16522,494,47518,credit,salary,2024-04-16
16523,546,4809,debit,salary,2024-06-22
16524,304,24457,credit,salary,2024-08-18
16525,467,36448,debit,shopping,2024-11-29
16526,904,19286,debit,food,2024-11-18
16527,239,33739,debit,food,2024-07-16
16528,650,19308,credit,food,2024-02-04
16529,766,47460,credit,transfer,2024-10-02
16530,517,22579,debit,transfer,2024-04-22
16531,884,27578,debit,food,2024-02-25
16532,176,13022,credit,salary,2024-04-17
16533,885,27179,debit,shopping,2024-01-03
16534,410,30866,debit,food,2024-11-19
16535,726,19887,debit,salary,2024-03-02
16536,364,22637,debit,atm,2024-12-26
16537,23,10483,debit,shopping,2024-03-01
16538,318,38418,credit,transfer,2024-07-04
16539,525,31995,credit,atm,2024-01-29
16540,905,45642,debit,atm,2024-12-05
16541,753,3307,credit,atm,2024-09-07
16542,276,28334,debit,salary,2024-12-09
16543,604,30668,credit,food,2024-03-27
16544,620,3197,debit,atm,2024-10-04
16545,953,19122,credit,food,2024-10-23
16546,229,44146,debit,atm,2024-07-30
16547,664,34492,credit,salary,2024-04-19
16548,108,16068,credit,food,2024-11-14
16549,801,11249,debit,transfer,2024-05-04
16550,916,9817,debit,shopping,2024-06-26
16551,956,16742,debit,atm,2024-12-26
16552,176,13740,debit,atm,2024-08-29
16553,320,16937,credit,salary,2024-12-29
16554,286,9090,debit,shopping,2024-04-10
16555,876,4270,debit,food,2024-09-11
16556,329,24917,debit,atm,2024-10-11
16557,877,5236,debit,transfer,2024-11-18
16558,753,1812,credit,transfer,2024-12-24
16559,657,28894,debit,salary,2024-08-08
16560,356,34870,debit,atm,2024-12-01
16561,14,8251,debit,salary,2024-05-29
16562,275,48538,credit,shopping,2024-12-06
16563,71,39122,debit,transfer,2024-03-26
16564,827,10573,credit,transfer,2024-05-16
16565,195,15403,credit,salary,2024-12-08
16566,865,19595,debit,shopping,2024-07-19
16567,812,21725,credit,food,2024-10-18
16568,928,13861,debit,shopping,2024-08-26
16569,879,9018,credit,salary,2024-09-17
16570,523,34699,debit,salary,2024-08-05
16571,106,1921,debit,shopping,2024-01-04
16572,770,34684,debit,salary,2024-01-24
16573,986,48746,debit,transfer,2024-12-28
16574,893,49343,debit,salary,2024-09-26
16575,196,36300,credit,food,2024-08-06
16576,145,18453,credit,transfer,2024-01-12
16577,977,48350,credit,atm,2024-03-22
16578,732,18868,debit,transfer,2024-10-26
16579,350,36547,debit,transfer,2024-05-16
16580,424,29284,credit,transfer,2024-03-06
16581,471,49854,credit,shopping,2024-06-14
16582,686,16911,debit,atm,2024-04-05
16583,216,26695,credit,food,2024-03-17
16584,93,26132,debit,transfer,2024-11-08
16585,260,41066,debit,shopping,2024-06-23
16586,934,39131,credit,salary,2024-08-03
16587,575,17857,credit,atm,2024-12-23
16588,541,41700,debit,food,2024-08-25
16589,787,12054,debit,atm,2024-12-04
16590,859,29893,debit,food,2024-08-26
16591,285,38030,credit,food,2024-05-25
16592,484,26906,debit,salary,2024-12-29
16593,931,23324,credit,food,2024-03-06
16594,372,29336,debit,salary,2024-07-03
16595,70,3911,debit,transfer,2024-08-31
16596,379,30468,debit,atm,2024-03-04
16597,279,36174,credit,food,2024-08-03
16598,743,32819,debit,salary,2024-06-03
16599,302,8737,debit,transfer,2024-11-04
16600,255,12233,debit,atm,2024-04-27
16601,684,47086,debit,transfer,2024-01-29
16602,944,28971,debit,shopping,2024-03-12
16603,692,27671,debit,atm,2024-09-01
16604,264,41572,debit,salary,2024-08-10
16605,695,48753,debit,food,2024-08-13
16606,834,1501,debit,salary,2024-09-26
16607,717,10104,credit,salary,2024-03-08
16608,424,33413,debit,salary,2024-02-12
16609,761,35401,credit,atm,2024-01-29
16610,213,34877,debit,atm,2024-02-26
16611,671,28108,credit,shopping,2024-04-27
16612,944,6001,debit,transfer,2024-02-02
16613,100,4185,debit,salary,2024-10-03
16614,829,2315,debit,shopping,2024-05-08
16615,112,48909,debit,shopping,2024-01-02
16616,308,15863,debit,atm,2024-11-15
16617,678,2284,debit,transfer,2024-06-27
16618,475,10454,credit,shopping,2024-05-05
16619,548,34143,debit,food,2024-08-22
16620,112,9604,debit,shopping,2024-03-14
16621,87,3623,credit,atm,2024-03-14
16622,183,8807,debit,salary,2024-05-08
16623,597,21267,debit,atm,2024-08-27
16624,781,33887,credit,atm,2024-06-05
16625,165,25971,credit,transfer,2024-05-20
16626,815,24082,debit,food,2024-08-19
16627,90,1149,debit,food,2024-10-25
16628,1000,13481,debit,transfer,2024-02-10
16629,455,2440,debit,transfer,2024-08-03
16630,238,42317,credit,shopping,2024-12-10
16631,999,48490,credit,food,2024-07-04
16632,534,35853,debit,atm,2024-11-28
16633,679,12161,debit,shopping,2024-02-10
16634,727,5805,debit,food,2024-09-18
16635,58,24114,credit,salary,2024-02-15
16636,542,33573,credit,atm,2024-07-23
16637,914,28247,debit,atm,2024-10-11
16638,618,2584,debit,shopping,2024-07-24
16639,402,1845,debit,food,2024-07-04
16640,842,22248,debit,transfer,2024-12-08
16641,679,16316,debit,salary,2024-05-10
16642,862,32647,debit,atm,2024-11-11
16643,666,42029,debit,transfer,2024-04-07
16644,839,46842,credit,transfer,2024-10-05
16645,519,22112,credit,transfer,2024-07-08
16646,197,877,credit,transfer,2024-09-22
16647,833,9625,debit,shopping,2024-01-04
16648,46,43177,credit,atm,2024-02-08
16649,530,43448,debit,transfer,2024-04-22
16650,397,3214,debit,transfer,2024-12-09
16651,665,45273,debit,food,2024-02-03
16652,1000,35804,debit,atm,2024-08-03
16653,776,20594,debit,salary,2024-04-29
16654,74,1445,debit,transfer,2024-10-07
16655,416,2141,debit,shopping,2024-09-27
16656,657,14430,credit,transfer,2024-09-24
16657,614,13298,credit,transfer,2024-05-08
16658,335,40372,debit,transfer,2024-12-27
16659,847,9847,debit,atm,2024-11-10
16660,633,17173,debit,atm,2024-05-21
16661,688,30386,credit,transfer,2024-04-14
16662,575,28128,debit,shopping,2024-10-13
16663,296,26210,debit,salary,2024-08-03
16664,84,23540,debit,food,2024-02-22
16665,15,32987,debit,salary,2024-08-31
16666,867,39037,credit,shopping,2024-04-15
16667,134,38700,debit,shopping,2024-06-19
16668,478,47517,credit,salary,2024-05-25
16669,633,12346,debit,salary,2024-03-07
16670,319,27528,debit,transfer,2024-11-10
16671,392,1713,credit,salary,2024-11-27
16672,479,48443,credit,salary,2024-12-20
16673,640,7723,credit,transfer,2024-12-29
16674,368,35901,debit,shopping,2024-09-02
16675,367,5759,credit,atm,2024-10-05
16676,288,45123,debit,transfer,2024-03-26
16677,813,29753,credit,salary,2024-10-28
16678,378,12180,debit,food,2024-06-25
16679,692,12076,debit,salary,2024-05-30
16680,463,43686,debit,food,2024-10-11
16681,594,15818,debit,transfer,2024-08-04
16682,13,9441,debit,atm,2024-03-28
16683,536,48064,debit,atm,2024-02-28
16684,168,16396,credit,food,2024-11-04
16685,270,26385,credit,shopping,2024-11-19
16686,988,14234,debit,food,2024-12-22
16687,971,45109,debit,food,2024-07-09
16688,70,29437,debit,transfer,2024-01-29
16689,318,555,credit,salary,2024-01-03
16690,376,7743,debit,shopping,2024-12-16
16691,89,4720,debit,food,2024-03-29
16692,701,8967,credit,transfer,2024-03-03
16693,257,25677,debit,shopping,2024-10-05
16694,217,28747,debit,atm,2024-09-03
16695,450,48994,credit,atm,2024-03-26
16696,894,25571,credit,transfer,2024-08-08
16697,544,5199,debit,shopping,2024-03-17
16698,141,13987,debit,salary,2024-05-10
16699,161,43414,debit,transfer,2024-04-19
16700,32,48303,credit,salary,2024-09-01
16701,824,27769,debit,food,2024-02-05
16702,152,159,debit,salary,2024-04-29
16703,859,12773,debit,transfer,2024-09-21
16704,260,22795,debit,shopping,2024-11-07
16705,728,5631,credit,salary,2024-11-23
16706,279,2864,credit,food,2024-02-02
16707,285,1894,credit,shopping,2024-10-17
16708,610,10821,debit,atm,2024-01-31
16709,917,5786,credit,atm,2024-04-28
16710,542,47543,debit,shopping,2024-10-28
16711,602,29567,debit,transfer,2024-03-18
16712,148,37855,debit,salary,2024-09-22
16713,656,12988,credit,salary,2024-11-18
16714,67,39448,debit,shopping,2024-06-10
16715,945,13633,debit,salary,2024-02-20
16716,869,22016,debit,atm,2024-10-21
16717,570,3653,debit,shopping,2024-08-05
16718,1000,8244,credit,salary,2024-07-14
16719,940,42142,debit,food,2024-11-18
16720,793,45307,debit,transfer,2024-03-30
16721,279,25609,credit,food,2024-05-09
16722,748,5537,debit,food,2024-01-12
16723,443,24647,debit,salary,2024-11-10
16724,897,32618,debit,shopping,2024-02-01
16725,865,23930,debit,atm,2024-02-20
16726,399,45145,debit,shopping,2024-12-23
16727,128,8849,debit,salary,2024-09-23
16728,337,46653,debit,salary,2024-10-14
16729,482,22449,credit,atm,2024-02-23
16730,721,29389,credit,food,2024-01-06
16731,948,6015,credit,food,2024-10-08
16732,186,28795,debit,shopping,2024-01-08
16733,169,9834,debit,transfer,2024-10-20
16734,684,14803,debit,salary,2024-05-15
16735,260,22599,debit,atm,2024-01-17
16736,717,21578,debit,shopping,2024-12-24
16737,964,2482,debit,atm,2024-12-04
16738,647,30228,debit,food,2024-07-19
16739,558,25683,credit,food,2024-11-04
16740,507,42341,debit,shopping,2024-04-19
16741,521,37226,credit,transfer,2024-12-18
16742,471,41180,debit,food,2024-04-05
16743,161,46899,credit,atm,2024-08-11
16744,289,28792,debit,salary,2024-08-28
16745,340,33007,debit,salary,2024-11-13
16746,900,7744,debit,transfer,2024-11-04
16747,833,34683,credit,shopping,2024-12-14
16748,502,37169,debit,transfer,2024-09-10
16749,106,45198,debit,atm,2024-04-10
16750,802,15285,debit,transfer,2024-07-27
16751,475,40153,debit,salary,2024-08-29
16752,853,42088,debit,food,2024-12-04
16753,600,10546,debit,food,2024-12-16
16754,463,23262,credit,shopping,2024-12-04
16755,483,14250,debit,atm,2024-05-30
16756,704,41404,credit,shopping,2024-06-11
16757,153,29937,debit,transfer,2024-09-26
16758,823,36103,debit,transfer,2024-03-05
16759,649,1487,debit,transfer,2024-02-18
16760,785,12309,credit,atm,2024-06-12
16761,149,1083,debit,food,2024-05-08
16762,188,47214,credit,salary,2024-12-05
16763,653,32251,debit,salary,2024-01-22
16764,131,21903,debit,transfer,2024-01-03
16765,452,19478,debit,transfer,2024-08-22
16766,516,7648,credit,transfer,2024-11-09
16767,491,39721,debit,atm,2024-11-28
16768,476,875,debit,salary,2024-09-24
16769,263,21465,debit,shopping,2024-09-14
16770,538,30807,debit,food,2024-12-05
16771,459,49987,credit,shopping,2024-07-11
16772,536,24237,debit,food,2024-11-11
16773,778,21631,debit,atm,2024-02-10
16774,741,17970,debit,food,2024-08-03
16775,781,49647,debit,atm,2024-08-31
16776,637,45838,debit,salary,2024-04-11
16777,684,2101,debit,food,2024-09-23
16778,746,44507,debit,transfer,2024-06-28
16779,295,14856,debit,transfer,2024-06-28
16780,915,40930,debit,atm,2024-12-28
16781,435,27963,debit,salary,2024-11-13
16782,275,10146,debit,atm,2024-07-09
16783,588,23752,debit,shopping,2024-09-27
16784,308,37056,credit,shopping,2024-03-10
16785,726,13986,debit,shopping,2024-02-09
16786,943,20845,credit,transfer,2024-01-09
16787,997,39217,debit,shopping,2024-04-23
16788,376,31923,debit,food,2024-05-24
16789,158,39048,debit,shopping,2024-05-30
16790,814,13422,debit,transfer,2024-11-09
16791,204,7894,debit,food,2024-08-10
16792,989,46269,credit,salary,2024-03-20
16793,661,49995,debit,atm,2024-02-20
16794,75,6262,debit,atm,2024-11-08
16795,380,48791,debit,food,2024-03-26
16796,741,16857,credit,food,2024-05-23
16797,304,6005,debit,atm,2024-06-21
16798,62,28865,debit,atm,2024-07-07
16799,570,45144,debit,food,2024-09-24
16800,786,38557,credit,atm,2024-07-19
16801,108,19504,debit,salary,2024-01-06
16802,187,15480,debit,shopping,2024-04-11
16803,987,15608,credit,shopping,2024-09-04
16804,229,19776,debit,salary,2024-07-20
16805,48,23360,credit,shopping,2024-08-19
16806,831,6997,debit,shopping,2024-06-11
16807,268,1664,debit,shopping,2024-02-16
16808,727,49202,debit,transfer,2024-03-25
16809,802,13970,credit,salary,2024-04-26
16810,254,14319,debit,atm,2024-10-01
16811,957,16541,debit,food,2024-10-09
16812,870,19980,credit,salary,2024-05-18
16813,87,10479,debit,salary,2024-11-21
16814,181,3048,credit,transfer,2024-07-05
16815,25,29693,debit,transfer,2024-02-10
16816,958,36002,debit,shopping,2024-06-19
16817,388,18071,debit,transfer,2024-01-28
16818,222,9069,debit,atm,2024-03-03
16819,990,20746,credit,atm,2024-11-18
16820,397,3778,debit,shopping,2024-10-06
16821,938,43608,credit,transfer,2024-12-22
16822,511,27619,debit,shopping,2024-07-23
16823,561,3443,debit,food,2024-11-30
16824,846,4114,debit,transfer,2024-10-21
16825,440,5207,debit,transfer,2024-05-01
16826,175,44738,debit,transfer,2024-02-14
16827,904,37196,debit,transfer,2024-11-12
16828,311,37523,credit,atm,2024-06-19
16829,984,38726,debit,shopping,2024-07-13
16830,274,38488,debit,atm,2024-12-13
16831,35,41980,debit,shopping,2024-10-23
16832,217,32432,debit,food,2024-02-16
16833,721,39872,credit,transfer,2024-05-01
16834,672,34110,debit,salary,2024-05-30
16835,408,23499,debit,atm,2024-10-14
16836,519,49332,debit,salary,2024-03-14
16837,269,2761,debit,food,2024-12-23
16838,638,4898,debit,salary,2024-07-03
16839,475,640,debit,food,2024-06-14
16840,880,22429,debit,atm,2024-03-17
16841,325,25950,debit,food,2024-09-27
16842,356,19269,credit,atm,2024-01-13
16843,90,3257,debit,atm,2024-10-17
16844,42,37585,debit,salary,2024-05-09
16845,365,5436,debit,shopping,2024-03-01
16846,671,7265,debit,shopping,2024-11-16
16847,202,27718,debit,shopping,2024-04-05
16848,366,42380,credit,transfer,2024-03-26
16849,794,47596,debit,salary,2024-01-04
16850,982,13854,debit,food,2024-04-19
16851,844,5309,debit,shopping,2024-01-14
16852,288,14590,debit,salary,2024-05-24
16853,603,27701,credit,transfer,2024-05-21
16854,481,7745,debit,salary,2024-08-19
16855,637,38608,debit,food,2024-02-10
16856,501,37022,credit,shopping,2024-11-13
16857,638,35533,credit,food,2024-11-03
16858,52,6118,credit,transfer,2024-10-09
16859,916,26474,debit,food,2024-12-06
16860,103,5813,debit,transfer,2024-02-09
16861,361,45939,debit,food,2024-02-04
16862,424,30172,debit,transfer,2024-04-04
16863,699,21635,debit,salary,2024-07-05
16864,205,31420,credit,salary,2024-06-25
16865,14,27663,debit,salary,2024-07-09
16866,940,48195,debit,salary,2024-01-11
16867,616,19062,debit,food,2024-09-07
16868,629,1126,debit,atm,2024-09-06
16869,470,4573,debit,transfer,2024-03-20
16870,466,4767,credit,transfer,2024-12-19
16871,304,27989,credit,atm,2024-10-23
16872,605,26240,debit,transfer,2024-06-08
16873,427,17070,credit,transfer,2024-01-21
16874,656,16041,debit,salary,2024-12-14
16875,110,29128,debit,transfer,2024-11-26
16876,675,33552,debit,transfer,2024-11-08
16877,565,22526,debit,shopping,2024-09-04
16878,930,3368,credit,transfer,2024-04-23
16879,515,15293,debit,atm,2024-09-07
16880,68,28166,debit,transfer,2024-11-28
16881,246,758,credit,atm,2024-12-28
16882,389,34164,debit,transfer,2024-11-21
16883,650,34393,debit,atm,2024-12-15
16884,308,43142,debit,transfer,2024-06-29
16885,925,40018,debit,transfer,2024-02-17
16886,352,7892,debit,shopping,2024-02-27
16887,799,6704,credit,shopping,2024-05-16
16888,66,47921,debit,transfer,2024-11-06
16889,460,38657,debit,shopping,2024-10-27
16890,347,7520,debit,food,2024-06-04
16891,325,38621,debit,food,2024-06-04
16892,933,48412,credit,salary,2024-06-22
16893,667,23118,credit,salary,2024-10-08
16894,599,5208,debit,food,2024-09-07
16895,33,27250,debit,salary,2024-11-13
16896,68,5347,credit,transfer,2024-07-14
16897,187,8501,debit,transfer,2024-07-13
16898,192,17107,debit,salary,2024-08-17
16899,213,10097,debit,food,2024-02-13
16900,600,5361,debit,atm,2024-11-27
16901,428,4368,debit,transfer,2024-08-04
16902,351,6084,debit,shopping,2024-10-03
16903,108,21026,debit,atm,2024-02-05
16904,240,31962,debit,shopping,2024-03-10
16905,216,32558,debit,transfer,2024-06-29
16906,177,110,debit,salary,2024-09-11
16907,565,17244,credit,shopping,2024-05-27
16908,330,26003,credit,food,2024-08-10
16909,561,1277,debit,shopping,2024-04-24
16910,881,27046,debit,food,2024-05-06
16911,626,9268,credit,atm,2024-04-03
16912,450,2489,debit,atm,2024-09-15
16913,607,6464,credit,salary,2024-07-30
16914,447,27133,credit,food,2024-01-08
16915,537,48645,debit,salary,2024-09-12
16916,644,11965,debit,shopping,2024-10-30
16917,179,19036,credit,salary,2024-04-27
16918,395,12427,debit,shopping,2024-01-01
16919,145,32352,debit,atm,2024-01-02
16920,876,35178,debit,salary,2024-03-14
16921,962,3841,debit,atm,2024-10-19
16922,198,40153,credit,shopping,2024-09-06
16923,969,24101,debit,food,2024-04-03
16924,837,3939,debit,transfer,2024-02-20
16925,84,40449,credit,shopping,2024-06-20
16926,669,19239,credit,shopping,2024-05-31
16927,85,47005,credit,transfer,2024-06-08
16928,457,25498,debit,transfer,2024-07-02
16929,476,25136,credit,atm,2024-11-01
16930,253,38105,debit,shopping,2024-07-10
16931,887,45372,credit,shopping,2024-06-06
16932,72,1840,debit,salary,2024-06-14
16933,223,18608,credit,transfer,2024-04-28
16934,276,31711,debit,food,2024-05-05
16935,795,5391,debit,shopping,2024-11-29
16936,776,31209,debit,salary,2024-07-01
16937,246,19581,credit,food,2024-02-14
16938,341,5347,credit,atm,2024-07-08
16939,573,41713,debit,salary,2024-05-14
16940,924,21483,debit,food,2024-12-02
16941,471,44601,credit,shopping,2024-06-03
16942,454,25419,debit,salary,2024-08-17
16943,771,39434,debit,transfer,2024-08-17
16944,965,23828,credit,food,2024-01-23
16945,969,33720,debit,shopping,2024-06-08
16946,7,30542,debit,salary,2024-01-02
16947,188,21410,debit,food,2024-07-21
16948,4,42621,credit,atm,2024-06-10
16949,743,21552,debit,atm,2024-07-07
16950,645,12237,debit,transfer,2024-04-20
16951,907,43736,debit,salary,2024-10-16
16952,125,15005,debit,salary,2024-09-19
16953,15,21873,debit,transfer,2024-09-22
16954,960,30124,debit,salary,2024-05-09
16955,994,17802,debit,atm,2024-08-28
16956,525,16605,debit,atm,2024-03-21
16957,630,4354,debit,transfer,2024-06-05
16958,240,49107,debit,shopping,2024-07-28
16959,775,8598,credit,transfer,2024-08-25
16960,360,12274,debit,atm,2024-11-11
16961,518,29522,credit,transfer,2024-01-17
16962,952,29833,credit,atm,2024-07-02
16963,320,1996,debit,shopping,2024-03-26
16964,231,45746,debit,atm,2024-09-28
16965,946,38844,debit,salary,2024-06-01
16966,30,4011,debit,food,2024-09-27
16967,534,49205,debit,shopping,2024-04-10
16968,921,8440,debit,food,2024-03-19
16969,156,17523,credit,shopping,2024-09-27
16970,630,42450,credit,shopping,2024-07-02
16971,852,36772,debit,shopping,2024-03-22
16972,935,4976,debit,shopping,2024-02-06
16973,963,41177,debit,atm,2024-05-07
16974,901,803,debit,salary,2024-03-05
16975,705,38338,debit,atm,2024-10-15
16976,399,6540,debit,atm,2024-05-10
16977,346,32037,credit,salary,2024-10-31
16978,195,2124,debit,shopping,2024-06-30
16979,168,15851,debit,salary,2024-05-28
16980,377,12830,credit,food,2024-04-19
16981,489,21480,debit,salary,2024-04-14
16982,751,29072,debit,atm,2024-01-27
16983,362,37213,debit,shopping,2024-04-24
16984,482,10249,debit,atm,2024-08-14
16985,244,38502,credit,food,2024-05-08
16986,581,17481,debit,shopping,2024-09-16
16987,607,49657,debit,transfer,2024-01-24
16988,589,32459,debit,atm,2024-04-19
16989,171,43908,credit,atm,2024-06-05
16990,513,343,debit,salary,2024-01-22
16991,406,2514,credit,shopping,2024-05-30
16992,574,3956,debit,atm,2024-07-31
16993,207,6363,debit,food,2024-11-29
16994,154,48053,debit,shopping,2024-01-08
16995,786,15899,credit,shopping,2024-11-09
16996,48,41492,debit,salary,2024-03-20
16997,649,12570,debit,atm,2024-03-28
16998,1,13872,debit,atm,2024-02-28
16999,747,27482,debit,transfer,2024-03-30
17000,905,34009,debit,transfer,2024-09-19
17001,768,4226,debit,shopping,2024-10-07
17002,407,19508,debit,atm,2024-04-11
17003,107,14963,debit,salary,2024-06-21
17004,173,13684,credit,atm,2024-08-05
17005,506,23491,credit,salary,2024-09-12
17006,130,19940,debit,transfer,2024-06-02
17007,398,37065,debit,food,2024-06-06
17008,294,25771,debit,atm,2024-07-12
17009,552,38692,debit,transfer,2024-08-22
17010,447,12197,credit,food,2024-02-22
17011,850,18939,debit,food,2024-07-19
17012,16,44983,credit,transfer,2024-06-15
17013,639,17874,debit,transfer,2024-04-17
17014,885,37793,debit,transfer,2024-05-19
17015,349,49869,debit,salary,2024-05-07
17016,203,2569,debit,shopping,2024-06-26
17017,134,12568,credit,shopping,2024-02-25
17018,771,35570,credit,shopping,2024-06-25
17019,526,39125,debit,salary,2024-10-14
17020,508,40973,debit,transfer,2024-03-22
17021,66,3265,debit,shopping,2024-07-31
17022,480,11470,debit,salary,2024-11-22
17023,863,43351,debit,salary,2024-06-20
17024,459,47626,debit,transfer,2024-06-17
17025,342,37298,debit,food,2024-04-06
17026,707,42106,credit,salary,2024-08-10
17027,626,38860,debit,atm,2024-12-06
17028,159,29042,debit,salary,2024-07-13
17029,161,45117,debit,food,2024-05-29
17030,254,32309,credit,food,2024-08-29
17031,984,39465,credit,atm,2024-03-29
17032,897,1507,credit,shopping,2024-12-26
17033,940,26076,debit,salary,2024-06-26
17034,527,42069,credit,transfer,2024-07-30
17035,549,38425,debit,transfer,2024-06-07
17036,155,15615,debit,atm,2024-02-20
17037,486,36274,credit,food,2024-09-04
17038,432,11894,credit,shopping,2024-10-15
17039,27,5800,debit,salary,2024-12-26
17040,12,8227,debit,salary,2024-01-20
17041,67,27491,debit,salary,2024-06-24
17042,542,10840,credit,transfer,2024-03-12
17043,96,1645,credit,shopping,2024-08-17
17044,215,23791,debit,atm,2024-11-25
17045,194,16618,credit,transfer,2024-04-30
17046,647,35727,debit,food,2024-05-21
17047,290,28154,credit,shopping,2024-03-02
17048,544,13157,credit,food,2024-06-27
17049,885,6103,debit,salary,2024-07-24
17050,39,34132,debit,transfer,2024-05-06
17051,864,18256,debit,shopping,2024-07-16
17052,939,49416,debit,transfer,2024-04-07
17053,939,45480,credit,shopping,2024-05-06
17054,206,48887,debit,salary,2024-03-21
17055,899,48445,debit,shopping,2024-08-18
17056,942,27663,credit,salary,2024-12-13
17057,928,41679,debit,transfer,2024-10-20
17058,555,6825,debit,transfer,2024-05-22
17059,484,21782,debit,transfer,2024-02-05
17060,337,27827,credit,salary,2024-08-15
17061,496,39682,credit,food,2024-01-09
17062,771,16285,debit,food,2024-08-23
17063,249,36840,credit,shopping,2024-08-14
17064,74,7694,credit,transfer,2024-11-10
17065,373,49654,credit,food,2024-08-24
17066,831,7299,debit,atm,2024-12-03
17067,879,39132,debit,transfer,2024-11-05
17068,808,27450,debit,atm,2024-05-24
17069,786,15974,credit,food,2024-03-22
17070,835,4580,debit,salary,2024-01-04
17071,871,30535,debit,atm,2024-03-24
17072,702,30220,debit,atm,2024-01-13
17073,138,6719,credit,transfer,2024-04-24
17074,948,2707,debit,shopping,2024-10-25
17075,457,9482,credit,salary,2024-09-20
17076,814,8680,debit,transfer,2024-08-22
17077,823,19888,debit,transfer,2024-05-02
17078,942,22126,debit,food,2024-07-28
17079,843,17273,debit,shopping,2024-07-17
17080,444,23380,debit,shopping,2024-11-12
17081,353,34362,credit,salary,2024-02-13
17082,996,47256,debit,salary,2024-06-27
17083,794,6810,debit,shopping,2024-04-26
17084,411,33688,debit,atm,2024-09-03
17085,678,12328,debit,atm,2024-12-20
17086,790,26155,debit,transfer,2024-12-05
17087,538,31252,credit,shopping,2024-04-10
17088,982,20549,debit,transfer,2024-01-10
17089,453,27806,debit,atm,2024-08-09
17090,419,30566,debit,salary,2024-10-07
17091,450,22685,debit,shopping,2024-04-12
17092,995,44125,debit,food,2024-06-10
17093,585,24379,debit,transfer,2024-02-13
17094,115,11937,credit,shopping,2024-09-02
17095,51,24309,debit,food,2024-03-30
17096,369,12320,credit,transfer,2024-12-29
17097,914,4065,debit,atm,2024-07-14
17098,683,45906,debit,transfer,2024-06-19
17099,780,42376,debit,salary,2024-11-23
17100,515,49433,debit,transfer,2024-09-14
17101,210,38868,debit,transfer,2024-04-23
17102,888,27330,debit,shopping,2024-06-03
17103,998,23729,debit,shopping,2024-10-16
17104,903,42020,debit,atm,2024-11-06
17105,993,27970,debit,salary,2024-06-12
17106,902,17473,credit,salary,2024-08-02
17107,850,29255,debit,atm,2024-04-16
17108,813,42785,debit,food,2024-11-23
17109,895,47522,debit,transfer,2024-03-09
17110,854,33574,debit,shopping,2024-04-13
17111,627,23136,debit,atm,2024-11-16
17112,679,4947,debit,atm,2024-03-25
17113,435,20814,debit,shopping,2024-10-25
17114,777,12993,credit,shopping,2024-03-14
17115,227,4749,credit,food,2024-10-03
17116,663,30671,credit,salary,2024-05-20
17117,268,11713,credit,shopping,2024-04-17
17118,116,39464,credit,atm,2024-01-28
17119,600,24528,debit,transfer,2024-06-06
17120,830,46806,debit,food,2024-03-22
17121,754,41482,credit,transfer,2024-04-15
17122,360,22633,debit,transfer,2024-05-09
17123,329,10206,debit,salary,2024-11-09
17124,845,32413,debit,transfer,2024-07-29
17125,40,20494,debit,atm,2024-01-21
17126,182,12377,debit,atm,2024-12-11
17127,490,15548,debit,shopping,2024-06-22
17128,209,13233,debit,salary,2024-08-04
17129,903,44242,debit,shopping,2024-12-04
17130,273,4746,credit,transfer,2024-01-25
17131,119,13808,debit,atm,2024-11-08
17132,382,6190,credit,shopping,2024-05-27
17133,946,26734,credit,atm,2024-09-18
17134,536,26321,debit,shopping,2024-09-30
17135,258,45652,credit,food,2024-06-25
17136,483,44147,debit,salary,2024-12-24
17137,509,15492,credit,shopping,2024-06-10
17138,92,43852,debit,transfer,2024-10-15
17139,979,35404,credit,atm,2024-04-24
17140,161,19743,credit,atm,2024-07-12
17141,149,39747,debit,salary,2024-02-16
17142,117,14893,credit,salary,2024-06-25
17143,458,31894,debit,food,2024-01-30
17144,565,7538,debit,shopping,2024-07-29
17145,814,18995,credit,food,2024-11-10
17146,45,18574,credit,shopping,2024-09-02
17147,777,37502,debit,shopping,2024-10-13
17148,998,17051,credit,salary,2024-10-03
17149,774,16604,debit,salary,2024-09-29
17150,819,6868,debit,shopping,2024-08-16
17151,234,8607,debit,salary,2024-08-20
17152,375,48225,credit,shopping,2024-04-07
17153,547,29910,debit,salary,2024-06-23
17154,850,720,credit,transfer,2024-10-02
17155,949,20547,credit,shopping,2024-09-28
17156,915,33321,credit,atm,2024-11-09
17157,197,19218,debit,transfer,2024-02-18
17158,25,46699,debit,food,2024-06-17
17159,395,1058,debit,salary,2024-02-29
17160,714,10300,debit,food,2024-10-06
17161,785,29418,credit,atm,2024-09-25
17162,36,33630,debit,salary,2024-10-16
17163,474,47937,debit,food,2024-08-17
17164,223,46565,credit,transfer,2024-03-25
17165,864,29940,credit,food,2024-11-18
17166,789,23004,debit,salary,2024-08-28
17167,530,18535,debit,transfer,2024-09-26
17168,188,47997,credit,atm,2024-04-16
17169,402,32171,debit,food,2024-08-17
17170,257,41256,debit,shopping,2024-09-02
17171,654,24291,credit,salary,2024-04-10
17172,136,49512,debit,shopping,2024-10-23
17173,962,6846,debit,shopping,2024-04-17
17174,819,28584,debit,food,2024-06-06
17175,591,38758,credit,shopping,2024-02-14
17176,444,6153,credit,transfer,2024-03-14
17177,418,34148,credit,atm,2024-09-13
17178,292,16619,debit,atm,2024-04-12
17179,574,40745,debit,shopping,2024-04-01
17180,129,2645,debit,salary,2024-09-02
17181,341,14547,debit,shopping,2024-08-24
17182,810,30059,credit,salary,2024-07-29
17183,257,11777,debit,atm,2024-04-03
17184,992,8660,debit,transfer,2024-03-24
17185,724,3762,credit,salary,2024-01-20
17186,566,48605,credit,atm,2024-01-23
17187,687,13155,debit,food,2024-12-16
17188,100,39597,credit,shopping,2024-04-05
17189,39,12898,debit,salary,2024-12-11
17190,926,4908,debit,transfer,2024-09-18
17191,263,8148,credit,shopping,2024-06-09
17192,150,13207,credit,atm,2024-01-08
17193,633,6620,debit,atm,2024-11-14
17194,690,17028,debit,atm,2024-05-03
17195,813,23601,debit,salary,2024-05-11
17196,330,36291,debit,food,2024-02-04
17197,120,29576,credit,food,2024-04-02
17198,584,27048,debit,atm,2024-11-07
17199,219,4583,debit,shopping,2024-05-18
17200,906,45395,debit,transfer,2024-10-20
17201,910,39987,credit,shopping,2024-08-08
17202,814,17581,debit,salary,2024-03-26
17203,123,10818,credit,food,2024-04-27
17204,244,15473,debit,transfer,2024-06-10
17205,886,23344,debit,atm,2024-04-19
17206,587,38303,credit,atm,2024-11-26
17207,518,45223,debit,salary,2024-04-01
17208,21,27729,debit,salary,2024-07-18
17209,190,31357,debit,salary,2024-05-31
17210,225,18427,credit,salary,2024-03-14
17211,915,34587,credit,atm,2024-11-14
17212,615,5868,credit,atm,2024-04-18
17213,856,24966,debit,salary,2024-08-15
17214,466,44749,credit,atm,2024-08-29
17215,99,9266,debit,salary,2024-10-30
17216,830,30843,debit,transfer,2024-12-05
17217,363,16898,debit,salary,2024-09-03
17218,997,9142,credit,salary,2024-01-02
17219,83,12069,debit,transfer,2024-04-20
17220,693,7303,debit,food,2024-09-19
17221,664,4741,debit,shopping,2024-04-14
17222,56,28636,credit,salary,2024-08-05
17223,702,14474,debit,transfer,2024-10-01
17224,930,14646,credit,transfer,2024-01-21
17225,22,49993,credit,atm,2024-11-09
17226,580,14202,credit,salary,2024-10-18
17227,185,33459,debit,transfer,2024-10-26
17228,522,33617,credit,food,2024-11-15
17229,578,35087,debit,food,2024-01-27
17230,264,9129,debit,shopping,2024-05-15
17231,225,47645,credit,atm,2024-12-11
17232,635,11422,debit,atm,2024-05-06
17233,38,44541,credit,atm,2024-10-05
17234,123,41593,credit,salary,2024-03-13
17235,830,12754,credit,food,2024-01-31
17236,156,10065,debit,salary,2024-01-09
17237,906,7608,credit,transfer,2024-07-17
17238,301,47959,debit,shopping,2024-05-23
17239,833,35438,debit,shopping,2024-07-20
17240,994,22232,credit,salary,2024-11-25
17241,67,364,credit,shopping,2024-06-22
17242,905,16125,debit,salary,2024-08-04
17243,645,46217,credit,atm,2024-08-20
17244,874,41441,credit,transfer,2024-10-12
17245,394,11588,credit,atm,2024-07-29
17246,652,42226,debit,shopping,2024-06-07
17247,594,43538,credit,transfer,2024-01-30
17248,570,488,debit,food,2024-10-16
17249,661,2171,debit,salary,2024-08-07
17250,405,25070,credit,transfer,2024-10-01
17251,449,47836,debit,salary,2024-01-06
17252,131,14554,debit,transfer,2024-05-24
17253,69,7940,debit,shopping,2024-04-10
17254,345,29754,debit,atm,2024-03-31
17255,762,11949,debit,shopping,2024-12-28
17256,320,20503,credit,food,2024-06-12
17257,177,10531,credit,shopping,2024-01-01
17258,584,22542,debit,transfer,2024-05-23
17259,529,6730,debit,food,2024-02-16
17260,841,47836,debit,transfer,2024-01-23
17261,160,13108,debit,atm,2024-08-11
17262,582,47587,credit,salary,2024-07-13
17263,625,2959,debit,atm,2024-03-25
17264,744,2493,debit,atm,2024-12-09
17265,533,29244,credit,atm,2024-03-07
17266,135,14191,debit,transfer,2024-10-25
17267,775,22555,debit,salary,2024-04-07
17268,111,34918,credit,transfer,2024-06-20
17269,999,3221,debit,food,2024-08-19
17270,758,9216,credit,transfer,2024-01-26
17271,283,5071,debit,atm,2024-07-13
17272,520,44635,credit,shopping,2024-06-08
17273,969,29744,debit,shopping,2024-11-15
17274,796,24179,debit,transfer,2024-02-12
17275,719,28427,debit,atm,2024-04-21
17276,194,36222,debit,atm,2024-08-22
17277,967,37342,debit,shopping,2024-11-13
17278,47,3497,debit,salary,2024-08-28
17279,978,39149,debit,salary,2024-04-27
17280,342,12512,credit,atm,2024-05-16
17281,242,48619,debit,food,2024-02-17
17282,522,5621,debit,food,2024-08-28
17283,370,29251,debit,food,2024-02-23
17284,801,3572,credit,food,2024-11-13
17285,903,5581,debit,food,2024-05-06
17286,131,39077,debit,shopping,2024-04-30
17287,270,19983,debit,atm,2024-12-19
17288,940,23479,debit,transfer,2024-08-22
17289,814,24365,debit,shopping,2024-02-25
17290,61,41491,credit,shopping,2024-12-03
17291,164,23756,credit,atm,2024-03-27
17292,525,9404,debit,salary,2024-05-10
17293,272,21180,debit,shopping,2024-09-11
17294,720,46011,debit,shopping,2024-03-01
17295,758,43113,debit,transfer,2024-08-16
17296,133,12545,debit,food,2024-09-15
17297,244,40414,debit,shopping,2024-06-05
17298,985,22957,debit,food,2024-10-13
17299,806,28994,debit,atm,2024-07-17
17300,998,38670,debit,shopping,2024-11-22
17301,434,644,credit,transfer,2024-02-24
17302,38,39520,debit,transfer,2024-04-01
17303,871,16152,debit,atm,2024-08-15
17304,568,27834,debit,food,2024-04-19
17305,319,35496,debit,salary,2024-12-25
17306,510,36319,debit,atm,2024-10-07
17307,376,41597,debit,salary,2024-02-19
17308,560,1536,debit,transfer,2024-02-07
17309,617,11107,credit,transfer,2024-11-11
17310,474,28441,credit,shopping,2024-03-25
17311,59,31114,debit,transfer,2024-06-28
17312,589,35930,debit,food,2024-12-05
17313,940,49511,credit,transfer,2024-07-16
17314,499,7651,credit,shopping,2024-03-16
17315,218,13213,debit,atm,2024-06-21
17316,895,48531,credit,shopping,2024-08-12
17317,567,37279,debit,atm,2024-04-09
17318,567,4941,credit,shopping,2024-04-21
17319,129,40829,debit,transfer,2024-01-19
17320,904,17202,debit,salary,2024-09-12
17321,383,38064,debit,food,2024-05-12
17322,388,19211,debit,salary,2024-08-24
17323,85,11193,debit,food,2024-05-01
17324,510,7646,debit,transfer,2024-04-02
17325,726,31899,debit,shopping,2024-12-22
17326,627,21684,debit,shopping,2024-01-30
17327,437,19461,credit,atm,2024-11-16
17328,826,14584,credit,salary,2024-03-16
17329,293,47971,debit,food,2024-09-17
17330,49,47548,debit,shopping,2024-10-20
17331,67,14201,debit,transfer,2024-05-18
17332,787,42874,debit,shopping,2024-12-05
17333,129,36348,credit,atm,2024-10-11
17334,29,42801,debit,shopping,2024-09-26
17335,343,13361,debit,transfer,2024-08-05
17336,545,13309,credit,shopping,2024-03-14
17337,119,28747,debit,food,2024-12-12
17338,692,8321,credit,food,2024-09-05
17339,937,47933,debit,shopping,2024-04-17
17340,663,19977,debit,transfer,2024-08-20
17341,133,25657,debit,transfer,2024-08-20
17342,327,33098,credit,shopping,2024-09-22
17343,185,7626,credit,transfer,2024-02-08
17344,506,38149,debit,food,2024-02-29
17345,646,1351,debit,food,2024-04-05
17346,689,32688,debit,food,2024-08-13
17347,534,6989,debit,atm,2024-04-06
17348,241,46252,credit,salary,2024-12-08
17349,589,45554,credit,food,2024-07-29
17350,716,28866,credit,shopping,2024-10-04
17351,516,29246,debit,atm,2024-08-09
17352,840,34646,debit,shopping,2024-10-01
17353,960,8152,debit,transfer,2024-01-22
17354,165,32648,debit,salary,2024-05-06
17355,927,37738,debit,atm,2024-06-10
17356,933,1247,debit,transfer,2024-01-26
17357,640,2947,debit,transfer,2024-01-04
17358,557,20334,debit,food,2024-06-24
17359,218,19554,debit,shopping,2024-02-14
17360,747,33488,debit,transfer,2024-09-24
17361,648,33831,debit,transfer,2024-04-01
17362,680,40083,debit,transfer,2024-10-19
17363,993,43920,credit,salary,2024-06-04
17364,749,26176,debit,atm,2024-08-08
17365,605,30852,debit,food,2024-05-09
17366,5,16103,debit,atm,2024-10-28
17367,668,7518,debit,transfer,2024-04-20
17368,757,17810,debit,salary,2024-08-15
17369,872,221,debit,transfer,2024-08-21
17370,81,37181,credit,shopping,2024-07-19
17371,247,27873,credit,atm,2024-02-06
17372,855,17666,debit,food,2024-02-23
17373,493,46850,debit,salary,2024-10-07
17374,649,33662,debit,atm,2024-04-14
17375,386,42684,debit,transfer,2024-12-04
17376,575,20755,debit,food,2024-07-08
17377,992,8583,debit,salary,2024-06-01
17378,307,32788,debit,transfer,2024-06-28
17379,628,40194,credit,transfer,2024-08-28
17380,625,41550,debit,atm,2024-07-09
17381,543,25309,debit,transfer,2024-10-28
17382,7,46416,debit,transfer,2024-02-25
17383,926,18656,credit,salary,2024-04-23
17384,954,28062,debit,transfer,2024-01-26
17385,515,15738,debit,shopping,2024-04-19
17386,819,38854,debit,shopping,2024-06-01
17387,755,36775,credit,food,2024-10-03
17388,568,21183,credit,shopping,2024-06-10
17389,73,7181,debit,shopping,2024-04-11
17390,10,13453,debit,atm,2024-12-26
17391,573,19952,debit,shopping,2024-01-25
17392,562,5860,credit,transfer,2024-07-11
17393,122,13871,credit,atm,2024-10-14
17394,687,590,debit,shopping,2024-09-12
17395,986,4363,debit,transfer,2024-06-11
17396,513,7869,credit,food,2024-09-28
17397,990,25434,debit,atm,2024-02-01
17398,441,17681,debit,transfer,2024-08-26
17399,38,32849,debit,atm,2024-01-10
17400,702,11735,debit,food,2024-12-28
17401,591,2004,debit,food,2024-11-23
17402,345,5369,credit,atm,2024-03-19
17403,966,31068,credit,transfer,2024-10-02
17404,338,1750,debit,salary,2024-12-10
17405,961,12567,credit,atm,2024-03-30
17406,702,36059,debit,salary,2024-11-25
17407,184,32895,debit,transfer,2024-08-27
17408,67,47000,debit,shopping,2024-03-01
17409,17,22744,credit,atm,2024-01-05
17410,383,35618,debit,food,2024-06-08
17411,368,27380,credit,shopping,2024-04-05
17412,904,2979,debit,transfer,2024-10-04
17413,316,4457,debit,food,2024-01-12
17414,497,28401,debit,atm,2024-11-15
17415,808,10965,credit,transfer,2024-11-26
17416,721,49123,debit,atm,2024-12-09
17417,345,2932,credit,shopping,2024-08-22
17418,958,35977,debit,atm,2024-04-18
17419,553,28968,debit,food,2024-07-26
17420,908,42520,debit,atm,2024-01-16
17421,989,31503,credit,shopping,2024-11-02
17422,473,5858,debit,shopping,2024-08-02
17423,115,3021,debit,food,2024-02-01
17424,100,34301,debit,salary,2024-04-24
17425,885,4528,debit,salary,2024-05-05
17426,438,40566,debit,atm,2024-08-15
17427,345,8211,credit,shopping,2024-08-16
17428,349,23347,credit,transfer,2024-12-13
17429,139,48387,debit,transfer,2024-11-09
17430,828,30547,credit,shopping,2024-02-14
17431,324,48603,debit,transfer,2024-01-24
17432,846,12466,debit,food,2024-01-13
17433,302,47023,debit,atm,2024-01-05
17434,294,30664,debit,shopping,2024-03-21
17435,957,45352,credit,atm,2024-06-26
17436,529,10075,debit,food,2024-06-25
17437,834,45381,debit,transfer,2024-10-15
17438,968,2742,debit,shopping,2024-07-04
17439,292,40445,debit,food,2024-06-10
17440,74,13949,debit,food,2024-12-15
17441,775,36579,debit,atm,2024-12-17
17442,484,19444,debit,shopping,2024-01-31
17443,16,21314,debit,atm,2024-12-20
17444,526,38326,credit,atm,2024-03-19
17445,336,26255,credit,food,2024-10-09
17446,793,22622,debit,atm,2024-07-05
17447,873,6780,debit,transfer,2024-01-27
17448,516,12607,credit,transfer,2024-03-16
17449,925,9519,debit,food,2024-07-14
17450,127,49107,credit,atm,2024-09-10
17451,824,49453,debit,transfer,2024-12-19
17452,518,38853,credit,salary,2024-11-03
17453,129,22659,debit,salary,2024-03-27
17454,511,3260,debit,atm,2024-05-02
17455,423,44333,credit,food,2024-07-09
17456,385,7972,credit,transfer,2024-09-11
17457,883,7939,credit,shopping,2024-07-30
17458,232,15752,debit,shopping,2024-08-08
17459,959,6959,debit,transfer,2024-11-28
17460,825,33620,credit,atm,2024-10-10
17461,195,13404,debit,salary,2024-10-06
17462,65,49366,debit,salary,2024-09-10
17463,833,47925,credit,transfer,2024-10-04
17464,615,4080,credit,salary,2024-06-16
17465,277,39193,debit,transfer,2024-07-21
17466,670,49720,debit,food,2024-04-05
17467,224,525,credit,salary,2024-08-03
17468,801,8241,debit,atm,2024-09-24
17469,944,10157,debit,salary,2024-04-13
17470,278,31903,debit,transfer,2024-05-28
17471,990,47184,credit,shopping,2024-11-18
17472,694,47688,debit,salary,2024-06-15
17473,366,4206,credit,transfer,2024-04-18
17474,516,20187,debit,salary,2024-11-13
17475,215,1508,debit,salary,2024-12-03
17476,439,19965,debit,salary,2024-02-27
17477,428,38689,debit,shopping,2024-07-16
17478,729,43230,debit,transfer,2024-06-21
17479,396,39712,credit,food,2024-05-07
17480,209,39263,debit,atm,2024-11-30
17481,501,41663,debit,shopping,2024-09-27
17482,463,15943,debit,atm,2024-11-13
17483,586,49464,debit,atm,2024-06-14
17484,227,28577,debit,food,2024-03-04
17485,375,32557,credit,salary,2024-04-17
17486,500,48209,debit,food,2024-04-25
17487,948,27430,credit,atm,2024-08-31
17488,93,29311,debit,shopping,2024-12-09
17489,460,37669,credit,atm,2024-07-17
17490,577,32767,debit,atm,2024-07-21
17491,321,48214,credit,food,2024-03-18
17492,10,1858,credit,transfer,2024-01-28
17493,914,38648,debit,atm,2024-10-31
17494,303,29269,debit,transfer,2024-08-17
17495,322,11360,credit,salary,2024-10-16
17496,817,32450,debit,atm,2024-07-19
17497,456,41841,debit,food,2024-01-20
17498,278,32778,debit,salary,2024-04-16
17499,598,45281,credit,shopping,2024-08-31
17500,538,18010,credit,atm,2024-12-23
17501,730,940,debit,food,2024-08-10
17502,393,17825,debit,atm,2024-01-22
17503,917,12399,credit,food,2024-07-23
17504,95,30089,credit,food,2024-02-16
17505,756,24605,debit,transfer,2024-01-25
17506,959,5659,debit,atm,2024-05-29
17507,107,38794,debit,food,2024-04-11
17508,390,32697,debit,food,2024-11-12
17509,760,8807,credit,salary,2024-06-28
17510,526,49043,credit,atm,2024-04-28
17511,673,44522,debit,salary,2024-05-27
17512,71,46859,credit,transfer,2024-07-26
17513,664,44139,credit,transfer,2024-01-20
17514,969,40543,debit,food,2024-04-14
17515,587,42207,debit,food,2024-04-15
17516,376,28119,debit,food,2024-12-23
17517,727,22941,debit,atm,2024-06-21
17518,368,19740,debit,atm,2024-02-06
17519,51,35462,debit,shopping,2024-05-22
17520,898,36524,credit,food,2024-11-27
17521,143,32726,credit,salary,2024-05-16
17522,419,9840,debit,shopping,2024-04-10
17523,548,3255,debit,atm,2024-06-20
17524,500,23672,debit,atm,2024-05-22
17525,886,1078,credit,food,2024-02-13
17526,988,10597,credit,salary,2024-04-29
17527,167,44943,debit,salary,2024-04-27
17528,748,19531,credit,transfer,2024-12-07
17529,260,35457,debit,food,2024-08-26
17530,192,23267,debit,atm,2024-06-01
17531,202,6042,debit,food,2024-07-20
17532,774,19083,debit,food,2024-09-05
17533,185,35376,debit,transfer,2024-12-29
17534,158,45379,debit,transfer,2024-02-19
17535,758,17677,debit,shopping,2024-09-09
17536,622,6015,debit,food,2024-11-23
17537,99,26433,debit,atm,2024-05-18
17538,241,2145,debit,transfer,2024-12-24
17539,491,24280,debit,shopping,2024-12-04
17540,202,41307,debit,shopping,2024-10-05
17541,634,42444,debit,shopping,2024-03-28
17542,509,9664,debit,atm,2024-05-22
17543,629,11205,credit,transfer,2024-03-03
17544,96,48633,debit,salary,2024-05-27
17545,746,20156,debit,atm,2024-12-10
17546,490,47661,credit,food,2024-09-04
17547,579,47789,debit,salary,2024-01-10
17548,888,32235,debit,atm,2024-04-21
17549,218,40049,debit,transfer,2024-08-29
17550,527,32912,debit,shopping,2024-02-18
17551,273,4611,debit,atm,2024-02-18
17552,219,22872,debit,food,2024-11-27
17553,786,15521,debit,food,2024-02-02
17554,883,27216,credit,food,2024-03-27
17555,659,7875,credit,salary,2024-11-29
17556,332,27046,debit,shopping,2024-10-05
17557,856,10807,debit,atm,2024-06-29
17558,453,13472,debit,salary,2024-10-19
17559,152,40816,debit,atm,2024-10-04
17560,347,29914,debit,transfer,2024-08-08
17561,816,22707,credit,transfer,2024-05-09
17562,414,28057,debit,atm,2024-01-05
17563,527,30378,credit,salary,2024-09-15
17564,431,43947,debit,food,2024-12-03
17565,379,8316,credit,salary,2024-07-23
17566,998,10106,debit,salary,2024-07-23
17567,895,34093,debit,atm,2024-09-24
17568,428,34116,debit,salary,2024-03-10
17569,866,25454,debit,transfer,2024-02-09
17570,923,48737,credit,atm,2024-12-22
17571,84,19326,debit,atm,2024-05-13
17572,192,38566,credit,atm,2024-03-03
17573,41,18066,credit,salary,2024-03-31
17574,864,4948,debit,shopping,2024-07-15
17575,836,42773,credit,food,2024-09-05
17576,773,11883,debit,food,2024-12-04
17577,309,46256,debit,transfer,2024-11-01
17578,378,36006,credit,atm,2024-01-01
17579,136,11024,credit,food,2024-06-22
17580,790,4742,debit,salary,2024-11-24
17581,106,5296,credit,salary,2024-05-17
17582,519,11255,debit,salary,2024-04-22
17583,918,12155,credit,transfer,2024-08-22
17584,814,20252,debit,atm,2024-10-31
17585,542,39066,debit,food,2024-01-14
17586,126,8172,debit,atm,2024-02-15
17587,357,16065,debit,atm,2024-02-09
17588,400,42556,credit,salary,2024-04-23
17589,79,44787,debit,food,2024-05-26
17590,389,32090,debit,transfer,2024-08-29
17591,579,22042,debit,atm,2024-01-17
17592,535,42795,debit,shopping,2024-07-28
17593,701,46927,debit,salary,2024-08-19
17594,74,47517,debit,shopping,2024-07-11
17595,5,26943,debit,transfer,2024-03-10
17596,919,5590,debit,transfer,2024-10-20
17597,463,21819,debit,transfer,2024-12-23
17598,82,49300,debit,transfer,2024-12-24
17599,537,38784,credit,food,2024-05-24
17600,776,18994,debit,shopping,2024-03-13
17601,991,30937,debit,salary,2024-05-04
17602,405,44394,debit,shopping,2024-09-23
17603,514,1846,credit,food,2024-11-04
17604,278,25171,debit,atm,2024-05-25
17605,840,8270,debit,transfer,2024-12-30
17606,855,33501,credit,atm,2024-08-25
17607,224,12989,debit,transfer,2024-08-16
17608,584,19204,debit,salary,2024-05-14
17609,68,49427,debit,transfer,2024-06-20
17610,320,15240,credit,transfer,2024-11-22
17611,606,27836,debit,atm,2024-10-21
17612,19,8252,debit,atm,2024-01-11
17613,640,48586,debit,atm,2024-05-04
17614,343,19841,debit,food,2024-09-22
17615,594,37260,credit,transfer,2024-05-07
17616,766,38247,credit,atm,2024-12-19
17617,949,22454,debit,food,2024-12-09
17618,733,8766,debit,salary,2024-03-16
17619,343,28503,credit,salary,2024-12-23
17620,97,42706,debit,transfer,2024-04-19
17621,52,34826,debit,atm,2024-08-11
17622,175,39547,debit,transfer,2024-01-08
17623,338,48789,debit,transfer,2024-06-24
17624,694,46216,debit,transfer,2024-01-21
17625,940,40216,debit,food,2024-07-26
17626,353,5984,debit,transfer,2024-04-06
17627,391,12412,debit,salary,2024-12-10
17628,115,41696,debit,atm,2024-08-30
17629,348,20098,credit,shopping,2024-04-12
17630,1,3920,credit,shopping,2024-09-18
17631,63,4422,debit,shopping,2024-02-28
17632,760,38335,debit,atm,2024-01-23
17633,743,45193,credit,transfer,2024-11-24
17634,226,38370,credit,atm,2024-04-09
17635,423,39317,debit,atm,2024-04-27
17636,19,25023,debit,food,2024-08-14
17637,31,23042,debit,atm,2024-07-03
17638,845,33850,debit,food,2024-06-05
17639,633,32433,debit,salary,2024-07-31
17640,24,41791,debit,food,2024-11-18
17641,837,47857,credit,shopping,2024-03-01
17642,983,23012,debit,food,2024-09-09
17643,211,22083,debit,salary,2024-03-01
17644,961,46297,credit,atm,2024-08-03
17645,161,22174,debit,shopping,2024-01-30
17646,255,47264,debit,food,2024-09-11
17647,571,43660,credit,transfer,2024-10-09
17648,114,6005,debit,atm,2024-01-30
17649,504,25128,debit,shopping,2024-12-21
17650,929,4173,debit,shopping,2024-07-01
17651,672,2334,debit,food,2024-05-30
17652,955,15373,debit,atm,2024-10-19
17653,220,7731,debit,atm,2024-08-29
17654,357,12161,debit,transfer,2024-08-07
17655,169,49353,credit,transfer,2024-03-03
17656,524,23918,credit,shopping,2024-11-19
17657,969,44767,debit,shopping,2024-12-14
17658,242,23804,debit,salary,2024-07-24
17659,375,29462,debit,shopping,2024-12-29
17660,139,46606,debit,transfer,2024-07-09
17661,97,10950,credit,food,2024-10-19
17662,147,30738,credit,salary,2024-04-06
17663,182,17019,debit,shopping,2024-04-24
17664,57,23984,debit,transfer,2024-01-31
17665,42,31580,debit,salary,2024-07-24
17666,866,30797,credit,food,2024-06-01
17667,711,18184,debit,food,2024-06-01
17668,543,39907,debit,transfer,2024-12-26
17669,692,30401,credit,atm,2024-06-22
17670,2,7214,credit,transfer,2024-10-12
17671,979,30650,debit,transfer,2024-10-05
17672,934,45279,debit,transfer,2024-05-06
17673,288,7569,debit,atm,2024-05-22
17674,138,47871,debit,shopping,2024-01-21
17675,617,6592,debit,shopping,2024-10-12
17676,512,37212,debit,food,2024-09-11
17677,904,2071,debit,shopping,2024-01-11
17678,730,46450,debit,transfer,2024-04-23
17679,222,9744,credit,shopping,2024-08-05
17680,331,26269,debit,atm,2024-05-16
17681,617,17196,debit,shopping,2024-03-09
17682,404,36523,credit,transfer,2024-02-16
17683,508,48210,credit,shopping,2024-08-26
17684,916,12634,debit,food,2024-06-10
17685,127,12868,debit,shopping,2024-02-02
17686,265,22725,debit,food,2024-03-05
17687,712,39340,debit,salary,2024-06-27
17688,764,28760,credit,atm,2024-11-07
17689,15,24244,debit,food,2024-07-22
17690,226,9740,debit,salary,2024-02-14
17691,984,20132,credit,salary,2024-02-02
17692,865,37992,credit,transfer,2024-04-15
17693,105,26689,debit,salary,2024-02-20
17694,745,8750,credit,atm,2024-05-12
17695,493,2943,debit,atm,2024-10-20
17696,319,24457,debit,atm,2024-05-12
17697,1000,17076,credit,atm,2024-02-25
17698,219,597,debit,transfer,2024-12-02
17699,277,2234,debit,shopping,2024-03-29
17700,773,18933,debit,food,2024-11-03
17701,893,5512,credit,transfer,2024-10-18
17702,931,32766,credit,transfer,2024-05-30
17703,341,4392,debit,food,2024-11-14
17704,452,27487,debit,food,2024-01-21
17705,369,31926,debit,shopping,2024-08-24
17706,944,126,debit,shopping,2024-04-08
17707,848,12208,debit,atm,2024-12-26
17708,991,14570,debit,shopping,2024-04-15
17709,474,29885,debit,shopping,2024-11-01
17710,190,2353,debit,food,2024-11-11
17711,884,20126,debit,salary,2024-10-26
17712,419,44358,debit,atm,2024-08-04
17713,710,29374,credit,atm,2024-09-14
17714,865,46247,debit,transfer,2024-04-17
17715,789,45517,debit,shopping,2024-12-26
17716,848,42343,credit,shopping,2024-12-19
17717,495,47861,debit,food,2024-05-22
17718,39,1186,debit,shopping,2024-08-18
17719,162,24506,debit,transfer,2024-06-23
17720,121,34883,debit,food,2024-07-22
17721,892,21551,debit,atm,2024-11-03
17722,399,10007,debit,shopping,2024-12-09
17723,262,7223,credit,shopping,2024-05-13
17724,962,46802,debit,transfer,2024-07-16
17725,728,26402,debit,transfer,2024-06-24
17726,824,7184,debit,food,2024-07-04
17727,561,19947,debit,atm,2024-04-10
17728,604,22905,debit,transfer,2024-08-05
17729,129,14348,debit,transfer,2024-05-10
17730,833,4567,debit,atm,2024-12-17
17731,540,25484,debit,salary,2024-06-22
17732,356,2996,credit,food,2024-05-25
17733,660,10462,debit,salary,2024-07-02
17734,432,19612,debit,atm,2024-12-13
17735,840,20739,debit,shopping,2024-05-24
17736,65,42210,credit,food,2024-10-14
17737,218,17818,credit,atm,2024-03-16
17738,563,25193,credit,atm,2024-12-22
17739,427,23562,credit,food,2024-07-31
17740,817,17772,credit,salary,2024-06-02
17741,921,9037,credit,shopping,2024-06-15
17742,74,47491,debit,salary,2024-04-25
17743,460,45575,debit,transfer,2024-04-09
17744,425,28643,credit,salary,2024-02-03
17745,711,22131,credit,transfer,2024-01-19
17746,192,38796,credit,food,2024-11-13
17747,189,17181,debit,transfer,2024-11-01
17748,12,11326,credit,atm,2024-03-26
17749,239,16958,credit,transfer,2024-10-27
17750,872,45036,debit,atm,2024-08-18
17751,593,30432,debit,atm,2024-03-22
17752,453,47057,credit,salary,2024-12-09
17753,383,39400,debit,shopping,2024-09-13
17754,782,41570,debit,salary,2024-11-17
17755,802,25213,debit,salary,2024-06-16
17756,48,43320,debit,atm,2024-05-31
17757,317,22116,credit,shopping,2024-08-19
17758,209,5484,debit,atm,2024-02-21
17759,547,17850,debit,shopping,2024-01-02
17760,119,17545,debit,transfer,2024-07-07
17761,577,29004,credit,atm,2024-07-12
17762,315,35175,credit,salary,2024-12-08
17763,754,16791,debit,atm,2024-10-14
17764,36,29174,credit,food,2024-09-15
17765,463,9288,debit,food,2024-02-24
17766,764,25960,debit,food,2024-10-09
17767,915,30271,debit,salary,2024-07-22
17768,755,29521,credit,salary,2024-01-08
17769,554,42189,debit,food,2024-10-02
17770,581,32090,credit,salary,2024-06-28
17771,403,403,debit,salary,2024-09-29
17772,107,6586,debit,salary,2024-04-18
17773,39,5666,debit,food,2024-10-15
17774,581,21641,credit,transfer,2024-11-06
17775,180,3991,debit,transfer,2024-07-21
17776,12,9146,debit,shopping,2024-11-24
17777,339,29841,credit,atm,2024-04-07
17778,943,5824,debit,transfer,2024-12-29
17779,716,48447,credit,shopping,2024-12-12
17780,548,22764,debit,transfer,2024-03-19
17781,126,5450,debit,food,2024-11-15
17782,63,41877,debit,shopping,2024-03-28
17783,844,14125,debit,food,2024-12-22
17784,82,28325,debit,food,2024-06-16
17785,819,9264,debit,shopping,2024-07-04
17786,299,37001,debit,shopping,2024-03-23
17787,34,9470,debit,transfer,2024-01-23
17788,752,48730,debit,transfer,2024-04-12
17789,609,32972,credit,atm,2024-12-16
17790,49,24930,debit,transfer,2024-12-15
17791,658,24055,debit,shopping,2024-01-07
17792,637,47137,debit,transfer,2024-04-18
17793,701,23085,debit,shopping,2024-11-10
17794,57,23155,debit,atm,2024-09-15
17795,861,25266,debit,shopping,2024-04-21
17796,109,41429,debit,atm,2024-10-12
17797,517,12489,debit,atm,2024-09-08
17798,985,19447,debit,atm,2024-04-07
17799,24,41723,debit,food,2024-01-13
17800,221,16460,credit,salary,2024-06-15
17801,960,49941,debit,shopping,2024-03-17
17802,315,14314,debit,transfer,2024-10-07
17803,294,27322,debit,salary,2024-06-17
17804,929,6843,debit,salary,2024-08-13
17805,10,35456,credit,food,2024-11-13
17806,677,34403,credit,shopping,2024-02-09
17807,481,14798,credit,shopping,2024-11-30
17808,727,34896,debit,transfer,2024-01-03
17809,638,29702,credit,food,2024-09-07
17810,267,15047,debit,salary,2024-10-28
17811,792,35637,debit,shopping,2024-12-07
17812,88,22569,debit,food,2024-04-07
17813,455,6586,debit,atm,2024-11-20
17814,626,7341,debit,shopping,2024-10-23
17815,533,30954,debit,salary,2024-11-11
17816,148,19471,debit,atm,2024-06-05
17817,757,41003,debit,atm,2024-12-19
17818,778,32624,debit,atm,2024-01-04
17819,729,47041,credit,salary,2024-10-07
17820,431,22574,debit,food,2024-09-08
17821,996,12767,credit,shopping,2024-09-11
17822,752,13901,credit,food,2024-12-19
17823,943,42208,debit,salary,2024-11-21
17824,911,47241,debit,transfer,2024-04-07
17825,940,4505,debit,shopping,2024-05-28
17826,744,2253,debit,shopping,2024-04-17
17827,744,25231,credit,transfer,2024-12-15
17828,242,19780,debit,atm,2024-05-02
17829,702,19797,credit,shopping,2024-11-07
17830,902,39164,debit,shopping,2024-09-15
17831,741,35451,credit,shopping,2024-03-19
17832,66,28383,debit,salary,2024-07-29
17833,972,28544,credit,transfer,2024-06-25
17834,378,35911,credit,shopping,2024-10-28
17835,388,22463,debit,transfer,2024-11-29
17836,791,44904,debit,atm,2024-03-08
17837,781,19746,debit,shopping,2024-10-13
17838,209,39904,credit,food,2024-10-28
17839,415,16136,debit,food,2024-10-27
17840,16,6826,debit,food,2024-09-16
17841,297,36890,debit,food,2024-05-04
17842,986,41260,debit,salary,2024-07-26
17843,220,18374,debit,atm,2024-11-07
17844,769,24687,debit,shopping,2024-06-14
17845,367,21655,debit,atm,2024-09-18
17846,780,10268,debit,food,2024-12-03
17847,229,15203,debit,atm,2024-08-04
17848,631,26001,debit,atm,2024-10-21
17849,440,30667,debit,salary,2024-04-20
17850,690,45130,debit,food,2024-03-13
17851,532,13307,credit,transfer,2024-06-13
17852,450,39532,debit,atm,2024-04-07
17853,36,23791,debit,atm,2024-02-09
17854,847,3656,debit,food,2024-09-04
17855,422,40172,debit,salary,2024-06-16
17856,918,33233,debit,shopping,2024-10-19
17857,620,15993,credit,food,2024-05-05
17858,189,15966,debit,shopping,2024-02-19
17859,178,756,debit,transfer,2024-09-23
17860,608,41220,credit,shopping,2024-07-24
17861,315,15196,debit,atm,2024-11-10
17862,20,15547,debit,salary,2024-09-08
17863,676,19954,debit,transfer,2024-01-08
17864,382,22083,debit,salary,2024-10-10
17865,609,49796,credit,salary,2024-07-30
17866,143,31296,debit,shopping,2024-02-29
17867,62,12146,debit,salary,2024-09-12
17868,242,39294,debit,transfer,2024-12-10
17869,238,34629,debit,salary,2024-09-22
17870,131,1056,credit,transfer,2024-03-03
17871,605,24660,debit,atm,2024-07-07
17872,603,24275,credit,atm,2024-11-26
17873,645,41141,debit,shopping,2024-06-02
17874,123,21395,credit,food,2024-05-30
17875,440,14955,debit,atm,2024-05-26
17876,927,49698,debit,food,2024-05-25
17877,342,18103,credit,transfer,2024-06-26
17878,419,13136,debit,food,2024-05-26
17879,630,42233,credit,salary,2024-08-18
17880,455,38873,debit,transfer,2024-08-19
17881,198,13944,debit,salary,2024-09-27
17882,282,745,credit,food,2024-01-16
17883,886,33246,credit,salary,2024-05-26
17884,1,39977,credit,transfer,2024-12-09
17885,723,44793,credit,salary,2024-10-13
17886,775,17624,debit,food,2024-06-24
17887,932,20219,debit,salary,2024-01-08
17888,332,47779,credit,salary,2024-02-19
17889,212,26689,debit,shopping,2024-07-07
17890,87,17145,credit,transfer,2024-03-28
17891,665,13263,debit,shopping,2024-01-13
17892,862,24687,debit,food,2024-07-20
17893,699,21693,debit,atm,2024-05-26
17894,61,33255,debit,food,2024-12-27
17895,797,30902,debit,food,2024-12-18
17896,95,28509,debit,food,2024-06-06
17897,786,10211,credit,food,2024-03-01
17898,553,45551,debit,shopping,2024-02-04
17899,147,21219,debit,food,2024-10-07
17900,246,24775,credit,salary,2024-04-15
17901,644,47178,credit,food,2024-11-15
17902,961,48077,debit,atm,2024-04-19
17903,297,35639,credit,transfer,2024-10-19
17904,123,37037,debit,shopping,2024-10-20
17905,655,23747,credit,shopping,2024-09-20
17906,694,27053,credit,shopping,2024-11-26
17907,704,42923,debit,shopping,2024-10-05
17908,456,4119,credit,food,2024-08-11
17909,399,20754,credit,atm,2024-06-21
17910,719,38724,debit,food,2024-05-08
17911,946,47518,debit,transfer,2024-09-02
17912,231,28434,debit,transfer,2024-01-09
17913,534,48795,debit,food,2024-10-22
17914,402,45583,credit,food,2024-06-04
17915,592,16518,debit,food,2024-04-06
17916,130,26842,debit,atm,2024-12-17
17917,292,13782,credit,shopping,2024-05-15
17918,276,48128,credit,transfer,2024-10-19
17919,912,44699,credit,transfer,2024-07-28
17920,835,12264,debit,shopping,2024-09-30
17921,376,7718,debit,shopping,2024-04-21
17922,926,3480,debit,transfer,2024-07-22
17923,55,24027,debit,transfer,2024-03-17
17924,578,15263,debit,atm,2024-03-15
17925,739,19660,credit,transfer,2024-03-20
17926,26,14825,debit,food,2024-02-13
17927,441,41235,debit,food,2024-03-18
17928,765,4787,debit,shopping,2024-06-29
17929,197,46342,credit,shopping,2024-08-01
17930,642,46069,debit,food,2024-09-30
17931,243,30062,debit,shopping,2024-07-07
17932,824,1686,debit,food,2024-10-07
17933,724,8156,debit,atm,2024-02-04
17934,190,46458,credit,shopping,2024-03-11
17935,802,5522,debit,salary,2024-07-30
17936,738,20142,debit,transfer,2024-10-09
17937,758,1052,credit,food,2024-08-08
17938,568,29632,debit,transfer,2024-05-17
17939,567,38233,debit,transfer,2024-03-15
17940,276,12621,debit,shopping,2024-06-09
17941,818,11006,debit,transfer,2024-08-22
17942,409,3078,credit,salary,2024-09-02
17943,340,46618,debit,shopping,2024-07-23
17944,153,42869,debit,food,2024-12-01
17945,565,31375,debit,transfer,2024-11-18
17946,398,43866,credit,transfer,2024-07-05
17947,444,12443,credit,atm,2024-05-17
17948,623,12051,credit,food,2024-01-06
17949,427,14791,debit,atm,2024-07-31
17950,958,11620,credit,food,2024-04-04
17951,487,37776,debit,transfer,2024-02-18
17952,204,11426,debit,transfer,2024-09-11
17953,112,30621,credit,salary,2024-10-14
17954,325,34827,credit,shopping,2024-10-11
17955,959,38050,credit,salary,2024-08-17
17956,258,905,credit,food,2024-09-29
17957,950,35968,credit,food,2024-04-07
17958,528,34443,debit,food,2024-02-18
17959,951,12022,debit,food,2024-05-23
17960,350,8891,debit,shopping,2024-05-14
17961,939,35483,debit,transfer,2024-08-15
17962,957,44431,credit,salary,2024-09-25
17963,678,15140,credit,transfer,2024-07-30
17964,813,25287,debit,atm,2024-11-14
17965,894,30960,credit,salary,2024-07-15
17966,435,26625,debit,food,2024-05-03
17967,426,38494,credit,food,2024-11-24
17968,280,25236,credit,atm,2024-08-22
17969,371,43606,debit,salary,2024-11-27
17970,670,17110,debit,shopping,2024-03-18
17971,933,39752,debit,shopping,2024-09-27
17972,249,44322,credit,food,2024-10-24
17973,891,12074,debit,food,2024-09-30
17974,181,8966,debit,food,2024-11-23
17975,703,49300,debit,atm,2024-05-15
17976,999,18386,debit,atm,2024-11-19
17977,651,15115,credit,transfer,2024-06-02
17978,78,37240,credit,atm,2024-03-15
17979,919,26770,debit,salary,2024-11-21
17980,885,36710,debit,atm,2024-01-22
17981,336,20795,debit,salary,2024-09-12
17982,50,24905,debit,shopping,2024-03-09
17983,85,24290,debit,transfer,2024-05-08
17984,695,8097,debit,atm,2024-12-07
17985,695,44552,debit,shopping,2024-02-04
17986,4,22852,debit,salary,2024-07-02
17987,993,18169,debit,transfer,2024-08-10
17988,950,30608,debit,shopping,2024-05-05
17989,317,21617,debit,salary,2024-11-18
17990,111,41692,credit,transfer,2024-05-10
17991,334,49135,debit,food,2024-07-17
17992,851,8624,credit,atm,2024-05-08
17993,763,10171,credit,food,2024-10-24
17994,133,39177,debit,food,2024-02-27
17995,612,41566,debit,food,2024-12-09
17996,991,20696,debit,shopping,2024-08-16
17997,914,9881,debit,food,2024-08-09
17998,684,40339,debit,food,2024-08-11
17999,799,47660,debit,shopping,2024-12-17
18000,119,34859,credit,atm,2024-03-25
18001,350,46024,debit,transfer,2024-08-27
18002,917,42794,debit,transfer,2024-09-16
18003,687,26939,credit,atm,2024-01-17
18004,542,49364,credit,shopping,2024-03-17
18005,55,2363,debit,food,2024-12-20
18006,361,25102,debit,transfer,2024-01-11
18007,708,38122,debit,atm,2024-10-22
18008,453,25742,debit,atm,2024-05-20
18009,553,35679,credit,food,2024-05-31
18010,685,12671,debit,atm,2024-04-09
18011,330,17317,debit,shopping,2024-10-16
18012,219,48325,debit,shopping,2024-05-15
18013,208,7327,debit,transfer,2024-09-03
18014,670,41289,debit,salary,2024-07-28
18015,845,14307,credit,atm,2024-11-13
18016,740,46822,debit,shopping,2024-02-15
18017,85,12772,debit,food,2024-08-01
18018,685,41883,debit,food,2024-07-17
18019,245,35386,credit,salary,2024-05-06
18020,872,20151,credit,salary,2024-01-13
18021,685,28979,credit,salary,2024-08-23
18022,335,28945,credit,food,2024-09-14
18023,212,10115,credit,atm,2024-01-29
18024,596,42164,debit,shopping,2024-12-12
18025,685,17525,debit,food,2024-12-03
18026,183,21596,debit,shopping,2024-01-02
18027,955,807,debit,salary,2024-07-14
18028,133,17867,credit,transfer,2024-11-12
18029,892,26567,debit,atm,2024-06-22
18030,800,17786,debit,salary,2024-11-23
18031,774,7218,debit,salary,2024-04-09
18032,350,11313,debit,shopping,2024-02-28
18033,282,31585,debit,food,2024-10-30
18034,293,15601,debit,transfer,2024-11-01
18035,269,8968,debit,atm,2024-12-07
18036,861,29433,credit,transfer,2024-08-24
18037,197,42623,debit,salary,2024-07-21
18038,537,34128,debit,transfer,2024-06-03
18039,653,10645,credit,atm,2024-11-17
18040,984,457,debit,salary,2024-03-06
18041,735,21888,credit,atm,2024-08-09
18042,20,38280,credit,transfer,2024-10-04
18043,759,36102,credit,salary,2024-12-07
18044,840,16902,credit,salary,2024-05-31
18045,956,20439,debit,atm,2024-12-12
18046,713,1693,debit,food,2024-07-21
18047,405,4702,debit,salary,2024-08-06
18048,115,46837,debit,atm,2024-05-22
18049,895,9677,debit,atm,2024-05-24
18050,701,45467,debit,atm,2024-10-21
18051,980,30429,credit,food,2024-07-19
18052,975,11043,debit,shopping,2024-03-27
18053,26,33112,debit,salary,2024-01-04
18054,566,4672,debit,transfer,2024-01-15
18055,682,49866,credit,atm,2024-06-19
18056,395,16350,credit,transfer,2024-09-18
18057,933,16733,debit,atm,2024-11-16
18058,381,44153,credit,atm,2024-12-07
18059,523,39488,debit,salary,2024-01-30
18060,539,26271,debit,food,2024-11-09
18061,862,5969,debit,food,2024-03-26
18062,83,6071,debit,transfer,2024-08-12
18063,802,49762,credit,shopping,2024-02-25
18064,550,14057,debit,food,2024-07-15
18065,445,6068,debit,food,2024-10-28
18066,87,21353,credit,shopping,2024-09-01
18067,949,26041,credit,food,2024-03-07
18068,833,7747,debit,salary,2024-05-04
18069,387,25599,debit,salary,2024-01-10
18070,963,31885,debit,transfer,2024-01-01
18071,668,16557,debit,transfer,2024-10-01
18072,398,9100,credit,transfer,2024-12-03
18073,820,38009,debit,salary,2024-08-24
18074,286,34994,credit,transfer,2024-04-04
18075,698,18688,debit,transfer,2024-07-01
18076,694,6570,debit,salary,2024-06-25
18077,965,15573,credit,shopping,2024-07-01
18078,369,16261,debit,transfer,2024-08-01
18079,655,20163,debit,food,2024-11-19
18080,422,13008,credit,salary,2024-10-23
18081,718,11950,debit,shopping,2024-07-01
18082,654,1084,debit,food,2024-07-25
18083,697,7287,debit,food,2024-03-09
18084,443,27956,debit,atm,2024-06-19
18085,753,20439,credit,shopping,2024-03-22
18086,520,43713,credit,atm,2024-11-08
18087,584,38581,debit,salary,2024-10-30
18088,915,14183,credit,shopping,2024-11-01
18089,288,48387,debit,atm,2024-07-02
18090,95,44006,credit,salary,2024-04-19
18091,669,25535,credit,transfer,2024-08-04
18092,41,2185,debit,food,2024-04-25
18093,331,30937,credit,salary,2024-04-18
18094,813,39401,debit,shopping,2024-10-05
18095,781,16283,debit,food,2024-02-10
18096,155,35595,debit,food,2024-03-27
18097,504,33244,credit,salary,2024-04-02
18098,275,39860,credit,transfer,2024-08-12
18099,666,47053,debit,salary,2024-11-10
18100,565,22184,debit,atm,2024-09-11
18101,179,37558,debit,atm,2024-09-30
18102,933,1165,debit,atm,2024-11-22
18103,752,3782,debit,shopping,2024-08-11
18104,137,47661,debit,salary,2024-07-17
18105,767,32588,debit,food,2024-05-15
18106,988,31560,debit,shopping,2024-04-23
18107,736,8920,debit,atm,2024-12-27
18108,180,18857,debit,shopping,2024-09-29
18109,182,46688,credit,food,2024-11-02
18110,259,23246,debit,shopping,2024-10-12
18111,243,8158,debit,transfer,2024-03-06
18112,96,22952,debit,atm,2024-07-06
18113,197,14218,debit,salary,2024-06-22
18114,904,36842,credit,atm,2024-10-04
18115,526,6759,debit,atm,2024-02-01
18116,632,4941,debit,salary,2024-08-28
18117,387,18435,credit,salary,2024-05-15
18118,408,47451,credit,food,2024-03-03
18119,269,20405,credit,food,2024-01-29
18120,171,3524,debit,transfer,2024-07-27
18121,925,47601,debit,shopping,2024-02-09
18122,584,14638,debit,shopping,2024-06-21
18123,691,42385,debit,shopping,2024-01-02
18124,170,45376,debit,atm,2024-09-12
18125,159,3869,credit,atm,2024-10-31
18126,509,31686,debit,salary,2024-08-27
18127,447,26547,credit,transfer,2024-08-28
18128,666,20115,credit,transfer,2024-01-31
18129,914,35178,credit,shopping,2024-03-08
18130,82,2443,debit,salary,2024-08-21
18131,57,3486,debit,shopping,2024-12-11
18132,519,35207,credit,atm,2024-01-10
18133,112,783,debit,salary,2024-02-20
18134,998,25551,debit,shopping,2024-07-16
18135,48,1154,debit,transfer,2024-06-20
18136,592,23695,credit,food,2024-01-26
18137,887,20498,debit,atm,2024-07-21
18138,376,23785,debit,shopping,2024-11-30
18139,828,448,credit,salary,2024-04-30
18140,33,28990,credit,salary,2024-08-23
18141,504,16462,debit,shopping,2024-04-17
18142,627,33890,debit,transfer,2024-03-31
18143,896,25125,debit,shopping,2024-01-30
18144,3,603,debit,atm,2024-07-17
18145,486,41145,credit,salary,2024-08-16
18146,516,44382,credit,atm,2024-05-22
18147,868,13676,credit,food,2024-03-20
18148,772,33390,debit,transfer,2024-05-02
18149,42,11984,credit,shopping,2024-08-22
18150,9,25305,credit,shopping,2024-03-24
18151,1000,32885,credit,transfer,2024-04-22
18152,819,1368,credit,salary,2024-12-23
18153,657,1276,credit,shopping,2024-12-05
18154,913,18116,debit,transfer,2024-11-21
18155,609,12845,credit,shopping,2024-12-29
18156,788,12061,debit,salary,2024-04-13
18157,142,36481,debit,transfer,2024-05-27
18158,790,49366,credit,salary,2024-07-15
18159,436,41812,debit,shopping,2024-11-04
18160,27,39458,debit,transfer,2024-07-21
18161,43,6868,credit,food,2024-05-09
18162,131,19072,credit,shopping,2024-06-06
18163,216,33189,credit,transfer,2024-05-15
18164,606,7726,credit,food,2024-10-22
18165,520,45381,credit,transfer,2024-05-15
18166,598,28503,credit,atm,2024-05-24
18167,345,29132,debit,atm,2024-08-18
18168,508,30326,debit,transfer,2024-04-08
18169,650,28883,debit,transfer,2024-01-30
18170,881,8503,debit,atm,2024-07-15
18171,413,42316,credit,shopping,2024-03-04
18172,936,29719,debit,atm,2024-02-05
18173,246,49410,credit,atm,2024-03-19
18174,449,2719,debit,atm,2024-06-25
18175,21,1447,debit,salary,2024-03-21
18176,999,3264,debit,shopping,2024-07-23
18177,408,13659,credit,salary,2024-01-24
18178,457,27888,debit,shopping,2024-04-16
18179,444,33778,debit,salary,2024-08-27
18180,922,7266,credit,salary,2024-05-11
18181,265,35319,debit,transfer,2024-08-26
18182,660,44863,debit,atm,2024-04-19
18183,184,503,debit,transfer,2024-03-17
18184,227,10133,debit,transfer,2024-05-16
18185,804,27324,credit,transfer,2024-10-08
18186,548,18174,debit,food,2024-10-29
18187,246,3585,credit,shopping,2024-08-21
18188,73,46619,debit,transfer,2024-06-13
18189,150,9548,credit,transfer,2024-04-16
18190,513,20772,debit,food,2024-09-23
18191,69,13510,debit,food,2024-05-02
18192,969,14362,debit,atm,2024-03-23
18193,805,27860,debit,transfer,2024-10-05
18194,230,9934,credit,shopping,2024-06-23
18195,723,32379,debit,transfer,2024-11-13
18196,72,28028,debit,atm,2024-11-27
18197,875,49774,debit,transfer,2024-02-08
18198,608,20929,credit,food,2024-11-11
18199,397,22943,credit,food,2024-04-19
18200,84,34812,credit,atm,2024-11-30
18201,740,20055,debit,atm,2024-10-18
18202,299,34428,debit,food,2024-03-17
18203,748,31732,debit,food,2024-11-23
18204,293,37615,credit,transfer,2024-12-09
18205,734,7254,credit,atm,2024-06-07
18206,970,28270,debit,transfer,2024-06-16
18207,223,46957,debit,food,2024-02-29
18208,793,49844,debit,shopping,2024-12-14
18209,733,31263,credit,atm,2024-08-22
18210,216,12185,credit,transfer,2024-02-06
18211,231,27344,debit,atm,2024-09-07
18212,405,5427,credit,shopping,2024-03-01
18213,169,17239,credit,salary,2024-05-25
18214,329,25975,debit,food,2024-11-05
18215,426,33364,debit,shopping,2024-10-13
18216,554,13160,debit,salary,2024-03-19
18217,770,15756,debit,transfer,2024-06-13
18218,196,18905,debit,shopping,2024-12-05
18219,904,34466,debit,salary,2024-12-13
18220,608,28955,debit,shopping,2024-03-08
18221,829,4227,debit,salary,2024-07-28
18222,526,45991,debit,transfer,2024-12-17
18223,625,38419,debit,transfer,2024-03-27
18224,77,3690,debit,transfer,2024-03-02
18225,277,13073,debit,transfer,2024-03-19
18226,920,16945,debit,transfer,2024-08-23
18227,946,37834,debit,salary,2024-09-19
18228,466,48187,debit,transfer,2024-06-07
18229,941,27381,credit,shopping,2024-09-11
18230,448,44383,debit,shopping,2024-12-17
18231,320,16649,debit,transfer,2024-02-09
18232,1000,27723,credit,shopping,2024-03-18
18233,922,34596,debit,transfer,2024-12-04
18234,160,24180,debit,shopping,2024-06-26
18235,492,4797,debit,atm,2024-03-20
18236,313,15830,debit,food,2024-07-11
18237,631,28345,debit,shopping,2024-01-25
18238,949,44234,debit,shopping,2024-05-15
18239,161,31413,credit,food,2024-10-21
18240,308,18657,debit,atm,2024-06-08
18241,863,137,credit,food,2024-09-20
18242,146,30008,credit,shopping,2024-05-20
18243,675,40354,credit,transfer,2024-07-13
18244,396,2121,debit,atm,2024-07-12
18245,691,39748,debit,shopping,2024-12-30
18246,89,37389,credit,transfer,2024-01-04
18247,735,8939,debit,transfer,2024-10-05
18248,778,31105,debit,atm,2024-10-16
18249,751,3402,debit,shopping,2024-11-22
18250,308,8611,debit,salary,2024-04-03
18251,546,21091,debit,transfer,2024-07-04
18252,371,39236,debit,food,2024-11-24
18253,451,43613,debit,salary,2024-10-01
18254,167,10014,debit,food,2024-05-16
18255,392,10048,credit,atm,2024-01-23
18256,637,44738,debit,transfer,2024-07-21
18257,736,28454,debit,transfer,2024-01-13
18258,491,5973,debit,atm,2024-11-23
18259,925,31561,credit,transfer,2024-10-01
18260,150,7598,debit,salary,2024-01-05
18261,468,23656,debit,salary,2024-05-29
18262,966,32706,debit,atm,2024-09-17
18263,701,27191,debit,shopping,2024-12-01
18264,43,5735,debit,transfer,2024-10-08
18265,945,33632,credit,salary,2024-04-26
18266,29,22790,debit,food,2024-03-20
18267,874,17136,debit,transfer,2024-05-04
18268,632,45140,debit,salary,2024-10-31
18269,849,48011,debit,salary,2024-05-19
18270,31,44662,credit,salary,2024-12-17
18271,693,10421,credit,shopping,2024-04-09
18272,674,29252,debit,atm,2024-04-01
18273,128,20448,credit,shopping,2024-05-03
18274,767,21095,debit,food,2024-09-03
18275,294,24862,debit,food,2024-08-23
18276,441,245,debit,atm,2024-01-04
18277,869,5201,debit,atm,2024-12-24
18278,388,4347,debit,salary,2024-12-24
18279,766,9678,credit,food,2024-04-02
18280,642,4288,debit,salary,2024-10-07
18281,524,31874,debit,atm,2024-08-14
18282,547,43647,credit,food,2024-05-31
18283,710,2796,debit,salary,2024-07-02
18284,760,41108,credit,transfer,2024-10-01
18285,110,47058,debit,transfer,2024-10-05
18286,328,19813,debit,salary,2024-12-16
18287,405,44649,credit,shopping,2024-03-23
18288,245,43648,credit,salary,2024-04-05
18289,762,30975,debit,food,2024-07-23
18290,878,25450,debit,atm,2024-02-15
18291,829,4741,debit,salary,2024-05-25
18292,163,5659,debit,food,2024-07-07
18293,560,34128,credit,food,2024-03-11
18294,399,49901,debit,transfer,2024-02-14
18295,583,11731,debit,salary,2024-08-03
18296,399,35916,credit,shopping,2024-04-30
18297,493,2123,credit,shopping,2024-01-17
18298,646,25756,debit,atm,2024-11-24
18299,239,20754,debit,atm,2024-10-16
18300,465,21817,debit,transfer,2024-04-08
18301,580,34942,credit,salary,2024-02-19
18302,790,32650,debit,atm,2024-05-18
18303,32,45302,debit,salary,2024-12-09
18304,123,46023,debit,shopping,2024-06-18
18305,534,35180,debit,food,2024-04-03
18306,667,3574,debit,shopping,2024-07-31
18307,110,14271,debit,transfer,2024-02-04
18308,271,3360,debit,salary,2024-02-28
18309,380,49209,debit,food,2024-05-19
18310,300,5718,credit,food,2024-01-12
18311,627,45865,debit,transfer,2024-01-28
18312,982,34218,debit,food,2024-08-08
18313,732,9385,debit,salary,2024-06-22
18314,742,38916,debit,shopping,2024-12-30
18315,764,8241,debit,salary,2024-10-22
18316,249,28452,debit,atm,2024-12-20
18317,521,44156,debit,food,2024-10-11
18318,34,23807,debit,food,2024-05-07
18319,228,22261,debit,salary,2024-05-23
18320,585,1954,credit,transfer,2024-09-12
18321,399,18750,debit,salary,2024-10-28
18322,958,17044,debit,shopping,2024-08-07
18323,813,7646,credit,transfer,2024-07-11
18324,724,48421,credit,food,2024-10-11
18325,584,7307,debit,food,2024-02-21
18326,570,29368,debit,transfer,2024-02-09
18327,220,6586,debit,transfer,2024-01-06
18328,371,31322,debit,transfer,2024-10-09
18329,787,29221,debit,food,2024-06-13
18330,761,18867,debit,food,2024-09-19
18331,528,39015,debit,food,2024-03-17
18332,75,10117,debit,food,2024-06-24
18333,618,15194,credit,food,2024-08-23
18334,136,31336,debit,salary,2024-05-21
18335,929,7764,debit,salary,2024-11-30
18336,74,30021,credit,salary,2024-09-11
18337,254,29945,debit,transfer,2024-06-25
18338,18,14673,credit,food,2024-07-14
18339,931,1783,credit,salary,2024-08-29
18340,43,9490,debit,transfer,2024-08-23
18341,50,33877,debit,shopping,2024-04-16
18342,515,48688,debit,atm,2024-07-31
18343,744,31877,credit,shopping,2024-03-25
18344,731,42767,credit,shopping,2024-11-08
18345,571,29211,debit,atm,2024-05-21
18346,796,30080,debit,transfer,2024-11-17
18347,814,35480,debit,atm,2024-03-15
18348,576,23908,debit,transfer,2024-06-13
18349,582,7326,credit,shopping,2024-03-18
18350,303,22547,credit,atm,2024-07-07
18351,142,37209,debit,shopping,2024-12-05
18352,903,18026,debit,atm,2024-08-14
18353,202,17721,debit,atm,2024-10-09
18354,207,11267,debit,food,2024-06-25
18355,415,5809,credit,salary,2024-03-11
18356,221,13340,credit,salary,2024-09-13
18357,362,35131,debit,shopping,2024-09-25
18358,758,32246,debit,shopping,2024-10-20
18359,81,49534,credit,shopping,2024-12-21
18360,763,8098,debit,food,2024-05-08
18361,563,49183,debit,food,2024-03-23
18362,285,40608,debit,shopping,2024-06-06
18363,369,10912,debit,food,2024-01-07
18364,492,31201,debit,atm,2024-12-28
18365,911,14328,debit,atm,2024-05-27
18366,896,24847,debit,atm,2024-02-13
18367,346,46400,debit,salary,2024-01-13
18368,204,29890,credit,atm,2024-10-21
18369,25,1982,debit,salary,2024-01-20
18370,957,39055,debit,atm,2024-01-05
18371,553,18759,debit,shopping,2024-04-21
18372,69,47520,debit,salary,2024-02-21
18373,516,23358,credit,food,2024-03-12
18374,492,23986,debit,salary,2024-06-25
18375,240,41660,debit,transfer,2024-01-22
18376,361,31443,debit,salary,2024-03-25
18377,441,18507,credit,atm,2024-01-31
18378,31,49718,debit,atm,2024-08-20
18379,899,4050,credit,atm,2024-09-14
18380,629,3989,credit,food,2024-12-14
18381,707,30510,credit,shopping,2024-10-24
18382,602,29068,credit,salary,2024-10-17
18383,690,19076,debit,food,2024-04-18
18384,657,23116,debit,transfer,2024-02-04
18385,956,9311,debit,salary,2024-10-05
18386,714,22842,debit,atm,2024-01-23
18387,322,23653,debit,food,2024-08-22
18388,344,29432,credit,food,2024-10-28
18389,715,13189,credit,salary,2024-10-01
18390,536,48434,debit,food,2024-03-19
18391,355,4536,debit,food,2024-03-12
18392,471,17187,credit,food,2024-04-06
18393,928,25528,credit,salary,2024-08-19
18394,983,8597,debit,atm,2024-01-13
18395,994,28254,debit,food,2024-07-17
18396,105,26609,debit,food,2024-12-05
18397,787,40504,debit,shopping,2024-05-06
18398,322,44847,debit,transfer,2024-11-08
18399,572,41933,credit,shopping,2024-09-20
18400,883,34449,debit,atm,2024-04-09
18401,962,4057,credit,shopping,2024-01-14
18402,527,37458,credit,salary,2024-12-15
18403,504,15013,debit,shopping,2024-06-27
18404,85,9897,debit,salary,2024-01-09
18405,931,7631,debit,shopping,2024-05-20
18406,709,13925,debit,shopping,2024-07-22
18407,235,7011,debit,transfer,2024-07-12
18408,923,32416,debit,salary,2024-02-07
18409,856,5831,credit,atm,2024-01-21
18410,263,17379,debit,food,2024-06-05
18411,6,47658,debit,atm,2024-03-24
18412,494,46323,debit,shopping,2024-06-26
18413,893,44323,credit,atm,2024-07-10
18414,289,24516,debit,shopping,2024-09-21
18415,570,28100,credit,shopping,2024-09-27
18416,945,12145,debit,food,2024-08-12
18417,657,36399,credit,transfer,2024-06-29
18418,878,10766,debit,transfer,2024-09-15
18419,554,18345,debit,food,2024-12-08
18420,350,32666,credit,atm,2024-01-22
18421,200,27439,credit,salary,2024-10-21
18422,936,4952,credit,food,2024-09-21
18423,686,16514,debit,shopping,2024-01-12
18424,967,14381,debit,transfer,2024-02-03
18425,966,48638,debit,transfer,2024-10-27
18426,964,47255,credit,atm,2024-12-18
18427,897,28131,debit,salary,2024-09-07
18428,335,16726,credit,food,2024-11-01
18429,607,23402,debit,shopping,2024-12-20
18430,217,45841,debit,shopping,2024-06-04
18431,623,46791,debit,salary,2024-10-21
18432,353,30212,debit,atm,2024-09-15
18433,692,5611,debit,salary,2024-06-23
18434,675,38376,credit,atm,2024-01-12
18435,631,4768,debit,atm,2024-02-12
18436,325,6187,debit,food,2024-11-28
18437,901,7115,credit,food,2024-07-13
18438,228,31519,debit,shopping,2024-09-30
18439,145,39530,debit,transfer,2024-04-20
18440,949,31414,credit,atm,2024-03-30
18441,308,11714,credit,shopping,2024-09-22
18442,654,4103,credit,transfer,2024-09-16
18443,634,26335,credit,shopping,2024-12-22
18444,285,33466,debit,atm,2024-09-24
18445,392,32937,debit,transfer,2024-02-22
18446,738,8239,credit,salary,2024-06-27
18447,360,9685,credit,food,2024-09-28
18448,769,3759,debit,food,2024-05-24
18449,797,26325,credit,transfer,2024-12-16
18450,932,5734,credit,transfer,2024-09-14
18451,947,39690,debit,atm,2024-01-29
18452,165,3782,credit,transfer,2024-12-15
18453,733,35551,debit,food,2024-06-23
18454,581,4662,debit,atm,2024-12-22
18455,821,4752,debit,shopping,2024-06-10
18456,224,46049,credit,food,2024-08-18
18457,124,21415,debit,salary,2024-01-29
18458,948,9602,credit,atm,2024-04-30
18459,344,4813,credit,salary,2024-06-25
18460,851,5513,debit,transfer,2024-04-29
18461,524,22084,credit,shopping,2024-12-12
18462,52,20587,credit,transfer,2024-05-23
18463,129,2175,debit,food,2024-12-02
18464,135,33650,debit,shopping,2024-07-21
18465,657,20290,debit,food,2024-09-25
18466,127,32363,debit,shopping,2024-02-21
18467,738,42393,credit,salary,2024-01-25
18468,939,12009,credit,food,2024-08-19
18469,71,29312,debit,food,2024-08-23
18470,273,15062,credit,transfer,2024-08-26
18471,187,15953,debit,atm,2024-03-08
18472,3,34922,debit,food,2024-08-28
18473,285,14475,credit,shopping,2024-08-06
18474,22,44461,debit,transfer,2024-04-27
18475,166,46064,debit,atm,2024-03-12
18476,310,2209,credit,food,2024-09-03
18477,875,1420,debit,salary,2024-03-12
18478,477,47582,credit,transfer,2024-10-11
18479,498,16087,debit,salary,2024-01-03
18480,434,37285,debit,shopping,2024-10-03
18481,758,3799,debit,transfer,2024-05-20
18482,234,49984,debit,transfer,2024-08-10
18483,837,46536,credit,transfer,2024-06-24
18484,670,28309,debit,atm,2024-12-17
18485,663,39430,debit,atm,2024-10-06
18486,725,46515,credit,food,2024-09-14
18487,376,49227,debit,salary,2024-08-21
18488,730,22647,credit,food,2024-01-03
18489,246,23039,credit,salary,2024-06-02
18490,303,14302,debit,food,2024-01-02
18491,405,29320,credit,transfer,2024-02-02
18492,788,21862,credit,transfer,2024-02-03
18493,663,8896,credit,salary,2024-12-11
18494,708,1822,debit,transfer,2024-04-07
18495,917,43464,credit,food,2024-02-07
18496,21,47404,debit,atm,2024-05-06
18497,257,11774,debit,shopping,2024-07-24
18498,399,48515,debit,food,2024-08-10
18499,529,2912,debit,salary,2024-05-27
18500,51,42641,credit,transfer,2024-05-17
18501,447,2378,debit,shopping,2024-06-09
18502,270,48322,credit,shopping,2024-05-01
18503,827,35218,debit,transfer,2024-02-14
18504,595,3723,debit,food,2024-02-29
18505,818,6630,credit,transfer,2024-08-25
18506,636,49966,debit,atm,2024-07-07
18507,802,16087,debit,salary,2024-06-27
18508,262,1024,debit,transfer,2024-01-12
18509,365,19646,debit,food,2024-07-26
18510,49,37397,debit,atm,2024-05-16
18511,518,12370,credit,atm,2024-09-23
18512,629,19053,debit,food,2024-05-28
18513,118,35683,credit,salary,2024-07-22
18514,453,23456,debit,shopping,2024-07-14
18515,775,4678,debit,atm,2024-10-08
18516,865,4562,credit,food,2024-05-26
18517,973,988,debit,atm,2024-09-29
18518,947,22432,credit,shopping,2024-09-07
18519,886,19962,credit,food,2024-06-20
18520,641,20073,debit,atm,2024-07-07
18521,397,46510,debit,food,2024-05-08
18522,683,1823,debit,food,2024-08-27
18523,27,23510,debit,shopping,2024-07-18
18524,711,8702,debit,food,2024-12-15
18525,372,18714,credit,salary,2024-04-30
18526,899,44254,debit,atm,2024-04-24
18527,826,18544,debit,transfer,2024-02-10
18528,857,2713,credit,salary,2024-05-31
18529,97,42872,debit,salary,2024-06-19
18530,1000,23182,debit,food,2024-12-02
18531,529,16080,debit,salary,2024-04-03
18532,685,44966,debit,salary,2024-04-25
18533,974,777,debit,salary,2024-08-22
18534,613,11202,debit,food,2024-09-21
18535,186,40598,credit,salary,2024-08-05
18536,696,43311,debit,transfer,2024-06-08
18537,950,3104,credit,salary,2024-08-06
18538,215,48270,debit,food,2024-01-11
18539,251,9086,debit,food,2024-04-25
18540,216,33596,debit,shopping,2024-08-16
18541,29,26369,debit,shopping,2024-09-30
18542,102,14273,debit,transfer,2024-01-08
18543,123,47709,debit,atm,2024-10-09
18544,54,21218,debit,shopping,2024-07-28
18545,283,33058,credit,salary,2024-09-21
18546,614,14189,credit,food,2024-01-02
18547,117,43056,debit,shopping,2024-03-21
18548,616,43167,credit,food,2024-10-28
18549,557,20350,debit,salary,2024-07-16
18550,114,26165,debit,food,2024-05-19
18551,855,13790,debit,food,2024-06-20
18552,543,13840,debit,shopping,2024-12-20
18553,676,43169,debit,food,2024-06-06
18554,977,38907,credit,salary,2024-02-21
18555,701,39313,debit,transfer,2024-10-29
18556,293,41697,debit,food,2024-02-05
18557,195,4145,debit,food,2024-03-10
18558,292,5724,debit,salary,2024-10-14
18559,887,20642,credit,atm,2024-08-13
18560,261,43879,debit,salary,2024-10-26
18561,942,20595,debit,shopping,2024-03-11
18562,207,39702,credit,shopping,2024-12-17
18563,564,9133,debit,transfer,2024-05-24
18564,49,21704,debit,food,2024-06-08
18565,6,20542,credit,transfer,2024-01-14
18566,379,3347,debit,transfer,2024-05-20
18567,394,40848,credit,food,2024-05-07
18568,886,25574,debit,food,2024-08-04
18569,224,5686,debit,salary,2024-09-24
18570,23,8040,debit,transfer,2024-06-21
18571,657,18706,credit,transfer,2024-05-23
18572,110,42317,debit,shopping,2024-11-03
18573,724,40847,credit,transfer,2024-05-28
18574,812,34382,debit,salary,2024-01-24
18575,553,45606,credit,atm,2024-02-12
18576,399,2983,credit,transfer,2024-05-02
18577,172,36694,debit,salary,2024-04-20
18578,698,30595,debit,salary,2024-10-15
18579,726,12667,credit,atm,2024-06-07
18580,306,4439,debit,salary,2024-01-09
18581,564,33542,debit,shopping,2024-08-28
18582,582,22773,debit,atm,2024-02-04
18583,708,15526,debit,shopping,2024-01-08
18584,959,16586,debit,transfer,2024-11-26
18585,954,10649,debit,transfer,2024-05-24
18586,151,4093,debit,salary,2024-03-20
18587,428,12319,debit,salary,2024-01-20
18588,621,3808,credit,atm,2024-09-04
18589,467,28888,debit,transfer,2024-11-29
18590,630,1595,debit,food,2024-01-22
18591,877,29534,debit,salary,2024-03-11
18592,607,36260,debit,atm,2024-07-27
18593,768,44566,credit,salary,2024-03-17
18594,556,7637,debit,atm,2024-03-21
18595,948,35653,credit,transfer,2024-09-04
18596,67,22303,debit,salary,2024-07-26
18597,156,5688,debit,salary,2024-06-07
18598,835,28408,credit,food,2024-12-06
18599,206,37670,debit,transfer,2024-05-20
18600,786,15311,debit,atm,2024-04-22
18601,155,37759,debit,food,2024-09-09
18602,691,45628,debit,atm,2024-01-29
18603,509,3625,debit,salary,2024-05-17
18604,572,20001,debit,shopping,2024-05-02
18605,74,4877,debit,salary,2024-12-28
18606,49,4289,credit,transfer,2024-03-17
18607,783,45891,credit,atm,2024-02-04
18608,467,23417,credit,food,2024-11-05
18609,585,31601,debit,salary,2024-06-06
18610,708,18397,debit,atm,2024-06-22
18611,911,10749,debit,food,2024-08-22
18612,179,23819,credit,salary,2024-10-24
18613,48,46745,debit,shopping,2024-07-17
18614,72,1250,debit,shopping,2024-06-25
18615,113,14401,debit,salary,2024-07-26
18616,757,28534,debit,transfer,2024-03-09
18617,897,37005,credit,shopping,2024-05-13
18618,903,20620,credit,atm,2024-01-03
18619,821,1610,credit,transfer,2024-11-04
18620,159,28646,debit,transfer,2024-01-10
18621,786,14082,debit,salary,2024-01-24
18622,780,4015,debit,atm,2024-04-21
18623,816,14834,debit,atm,2024-12-05
18624,30,22809,credit,food,2024-10-04
18625,97,19736,debit,shopping,2024-11-12
18626,251,32784,credit,shopping,2024-08-09
18627,519,11057,credit,transfer,2024-11-18
18628,92,36806,debit,transfer,2024-09-16
18629,113,33941,debit,salary,2024-06-27
18630,259,35060,debit,atm,2024-01-04
18631,107,41075,debit,shopping,2024-10-21
18632,575,31928,debit,food,2024-01-31
18633,390,40251,debit,shopping,2024-07-19
18634,991,28229,debit,shopping,2024-01-30
18635,358,38039,debit,shopping,2024-09-01
18636,783,8398,credit,transfer,2024-12-14
18637,199,6580,debit,atm,2024-06-15
18638,427,27644,debit,atm,2024-04-08
18639,478,45526,debit,shopping,2024-01-25
18640,859,2957,debit,atm,2024-09-05
18641,849,4449,credit,salary,2024-02-27
18642,503,1528,credit,transfer,2024-08-16
18643,658,39591,debit,transfer,2024-06-12
18644,918,46878,debit,atm,2024-04-15
18645,573,23263,debit,shopping,2024-10-28
18646,120,27777,debit,shopping,2024-12-10
18647,573,31004,credit,shopping,2024-10-03
18648,309,15818,credit,atm,2024-07-20
18649,538,14909,credit,shopping,2024-10-21
18650,627,13372,credit,atm,2024-04-08
18651,475,11928,debit,food,2024-08-20
18652,552,44531,debit,atm,2024-01-31
18653,344,7956,debit,salary,2024-11-18
18654,628,11323,debit,shopping,2024-03-05
18655,136,39513,debit,shopping,2024-06-21
18656,277,35789,debit,transfer,2024-06-15
18657,989,8266,debit,atm,2024-08-23
18658,811,12737,debit,food,2024-03-27
18659,533,46634,debit,shopping,2024-12-26
18660,899,978,credit,transfer,2024-08-29
18661,31,10804,credit,atm,2024-08-04
18662,247,8602,debit,transfer,2024-05-20
18663,411,15366,debit,food,2024-04-07
18664,27,48168,credit,atm,2024-06-05
18665,73,34189,debit,shopping,2024-11-12
18666,953,44456,debit,atm,2024-12-16
18667,97,20859,debit,shopping,2024-03-12
18668,673,15146,credit,salary,2024-09-24
18669,346,25370,credit,shopping,2024-11-07
18670,476,10906,credit,transfer,2024-08-12
18671,300,41330,debit,food,2024-12-15
18672,299,38088,debit,atm,2024-10-23
18673,287,35992,debit,salary,2024-04-30
18674,885,29612,debit,salary,2024-12-01
18675,449,41054,debit,salary,2024-09-07
18676,212,5199,debit,transfer,2024-06-08
18677,76,30411,debit,shopping,2024-11-17
18678,401,8652,credit,salary,2024-05-27
18679,655,11727,debit,food,2024-02-26
18680,34,25409,credit,food,2024-03-02
18681,498,45856,debit,atm,2024-03-26
18682,848,1450,debit,food,2024-06-24
18683,516,12376,debit,shopping,2024-07-29
18684,328,11839,credit,shopping,2024-05-14
18685,98,21402,debit,salary,2024-03-07
18686,366,38598,debit,shopping,2024-11-01
18687,729,12484,debit,shopping,2024-09-08
18688,463,33194,debit,salary,2024-10-16
18689,28,2220,debit,atm,2024-04-14
18690,713,1093,debit,shopping,2024-12-08
18691,386,21859,debit,shopping,2024-03-09
18692,273,18250,credit,transfer,2024-12-28
18693,826,45488,debit,atm,2024-11-18
18694,127,25856,debit,salary,2024-03-28
18695,202,48646,debit,transfer,2024-08-06
18696,521,35649,credit,transfer,2024-06-10
18697,287,39887,credit,atm,2024-04-24
18698,450,35773,debit,shopping,2024-10-25
18699,88,8390,debit,salary,2024-01-21
18700,318,48128,debit,atm,2024-01-12
18701,19,16727,credit,transfer,2024-02-01
18702,593,8038,credit,food,2024-06-23
18703,107,38362,credit,salary,2024-12-19
18704,458,2809,debit,food,2024-03-27
18705,311,27729,debit,shopping,2024-11-06
18706,412,45522,debit,atm,2024-11-19
18707,742,49237,debit,shopping,2024-09-29
18708,624,44286,debit,atm,2024-10-08
18709,732,24185,debit,transfer,2024-12-16
18710,635,46637,debit,shopping,2024-12-24
18711,498,40663,credit,food,2024-12-22
18712,244,30932,credit,transfer,2024-12-25
18713,690,23572,debit,atm,2024-06-09
18714,577,48950,credit,transfer,2024-07-10
18715,380,20862,debit,food,2024-05-17
18716,515,9607,debit,salary,2024-12-21
18717,207,9678,debit,atm,2024-04-19
18718,948,6811,credit,salary,2024-02-20
18719,394,16079,debit,transfer,2024-10-16
18720,21,15149,debit,shopping,2024-06-17
18721,805,25097,debit,atm,2024-12-22
18722,527,40930,debit,transfer,2024-10-20
18723,343,15933,credit,atm,2024-02-17
18724,718,20285,credit,food,2024-01-28
18725,975,21846,credit,transfer,2024-08-23
18726,202,21957,credit,shopping,2024-03-16
18727,120,9703,debit,atm,2024-11-16
18728,649,11541,debit,shopping,2024-02-29
18729,812,4670,credit,shopping,2024-08-12
18730,807,32416,debit,food,2024-09-25
18731,389,18567,debit,salary,2024-02-21
18732,537,12945,credit,transfer,2024-04-10
18733,824,44738,debit,salary,2024-12-25
18734,234,42410,debit,salary,2024-10-25
18735,633,27043,debit,food,2024-08-07
18736,602,4933,credit,shopping,2024-09-06
18737,320,39669,credit,shopping,2024-07-30
18738,712,3440,debit,transfer,2024-02-11
18739,982,43632,credit,food,2024-11-18
18740,180,12412,debit,atm,2024-11-20
18741,857,36712,debit,shopping,2024-11-30
18742,368,739,debit,transfer,2024-04-19
18743,76,44288,debit,atm,2024-04-26
18744,649,15311,debit,salary,2024-03-09
18745,650,13596,debit,food,2024-04-07
18746,496,28945,debit,atm,2024-09-06
18747,522,41019,debit,shopping,2024-07-04
18748,201,30189,debit,transfer,2024-08-18
18749,830,41245,debit,transfer,2024-10-28
18750,346,38268,debit,food,2024-12-08
18751,483,29772,debit,salary,2024-09-29
18752,219,16045,debit,shopping,2024-11-19
18753,60,17802,debit,salary,2024-08-09
18754,991,8819,debit,food,2024-08-27
18755,659,36127,debit,food,2024-10-12
18756,619,36351,debit,salary,2024-12-16
18757,550,19503,credit,atm,2024-03-01
18758,646,26909,debit,atm,2024-07-11
18759,911,42627,debit,food,2024-07-12
18760,221,25250,debit,atm,2024-10-27
18761,815,10326,credit,atm,2024-02-09
18762,941,47040,credit,transfer,2024-11-12
18763,502,37272,debit,salary,2024-10-23
18764,133,42272,debit,transfer,2024-07-20
18765,846,38805,debit,transfer,2024-03-28
18766,53,34302,debit,food,2024-06-18
18767,450,8829,debit,food,2024-07-08
18768,62,24038,credit,food,2024-04-28
18769,23,37821,credit,transfer,2024-03-20
18770,44,9866,debit,shopping,2024-04-14
18771,820,8484,debit,transfer,2024-02-07
18772,558,25862,debit,transfer,2024-08-23
18773,659,28824,debit,transfer,2024-06-25
18774,728,25150,credit,atm,2024-08-21
18775,852,20753,debit,atm,2024-08-22
18776,47,13607,debit,food,2024-08-20
18777,859,7478,debit,transfer,2024-12-20
18778,820,42873,debit,transfer,2024-08-09
18779,24,45855,debit,food,2024-09-17
18780,657,35305,credit,salary,2024-12-22
18781,89,11671,debit,shopping,2024-05-18
18782,174,37420,debit,shopping,2024-01-04
18783,576,48953,credit,salary,2024-12-22
18784,119,30290,credit,food,2024-03-01
18785,735,23680,debit,salary,2024-05-03
18786,668,36622,debit,shopping,2024-07-21
18787,178,6365,debit,salary,2024-01-12
18788,832,44589,debit,transfer,2024-10-31
18789,924,49410,debit,atm,2024-04-20
18790,342,6841,credit,transfer,2024-10-10
18791,568,1937,debit,shopping,2024-09-03
18792,59,17509,debit,atm,2024-08-05
18793,901,17142,debit,atm,2024-10-16
18794,438,17161,debit,salary,2024-07-11
18795,428,29086,credit,transfer,2024-09-18
18796,426,20305,debit,salary,2024-05-31
18797,968,35243,debit,shopping,2024-02-03
18798,381,49527,debit,atm,2024-03-12
18799,486,6959,debit,salary,2024-01-16
18800,732,45607,debit,atm,2024-03-20
18801,185,34456,debit,transfer,2024-09-28
18802,559,21065,debit,shopping,2024-03-24
18803,460,12954,debit,transfer,2024-05-21
18804,889,33113,debit,salary,2024-05-01
18805,921,31754,debit,salary,2024-11-10
18806,102,41948,credit,food,2024-07-08
18807,556,43271,debit,transfer,2024-08-05
18808,15,23154,debit,shopping,2024-07-07
18809,748,8292,debit,atm,2024-10-08
18810,873,2284,debit,food,2024-08-04
18811,51,45306,debit,shopping,2024-10-01
18812,309,36119,credit,transfer,2024-10-31
18813,34,16381,debit,atm,2024-08-30
18814,636,5963,credit,shopping,2024-07-27
18815,589,9802,credit,food,2024-01-30
18816,904,36639,credit,atm,2024-02-26
18817,635,13636,debit,transfer,2024-03-25
18818,205,42188,debit,atm,2024-10-18
18819,740,16177,debit,transfer,2024-06-16
18820,70,25373,debit,salary,2024-10-10
18821,230,31152,credit,salary,2024-04-06
18822,480,2519,debit,transfer,2024-06-22
18823,533,13618,debit,shopping,2024-07-28
18824,108,7496,credit,food,2024-08-03
18825,876,19112,debit,salary,2024-02-01
18826,241,40177,credit,shopping,2024-03-27
18827,251,12081,debit,atm,2024-11-27
18828,135,33553,debit,salary,2024-08-13
18829,90,2856,credit,shopping,2024-06-02
18830,591,5123,debit,food,2024-11-21
18831,440,26518,debit,atm,2024-07-15
18832,689,21319,debit,salary,2024-03-27
18833,298,45426,debit,salary,2024-06-26
18834,407,18456,debit,food,2024-03-19
18835,308,17194,debit,transfer,2024-02-01
18836,102,37953,debit,salary,2024-07-04
18837,361,5746,debit,transfer,2024-03-04
18838,847,47025,credit,food,2024-11-28
18839,624,44027,debit,food,2024-08-20
18840,693,12091,debit,shopping,2024-06-04
18841,616,19078,debit,salary,2024-12-18
18842,528,17576,credit,atm,2024-07-26
18843,608,35823,debit,atm,2024-10-21
18844,293,24887,credit,food,2024-07-26
18845,146,26257,debit,atm,2024-10-27
18846,404,48609,credit,atm,2024-05-20
18847,814,49192,credit,atm,2024-02-27
18848,2,44891,credit,shopping,2024-07-21
18849,119,9735,debit,shopping,2024-12-12
18850,855,15032,debit,food,2024-07-26
18851,606,37011,debit,atm,2024-11-28
18852,191,40512,debit,food,2024-05-26
18853,3,35865,debit,food,2024-11-06
18854,942,38076,debit,food,2024-09-07
18855,487,10046,debit,shopping,2024-12-27
18856,623,19463,debit,shopping,2024-02-08
18857,177,14487,debit,salary,2024-05-24
18858,257,3705,debit,atm,2024-11-11
18859,873,49673,debit,transfer,2024-10-24
18860,534,49862,debit,shopping,2024-02-19
18861,477,41505,debit,transfer,2024-03-07
18862,398,9252,credit,atm,2024-01-01
18863,496,32998,credit,atm,2024-05-12
18864,220,35515,debit,shopping,2024-12-18
18865,981,30443,debit,transfer,2024-03-27
18866,173,45139,credit,food,2024-05-25
18867,736,47577,credit,food,2024-03-08
18868,390,47754,debit,shopping,2024-12-26
18869,502,39541,debit,transfer,2024-04-06
18870,577,31948,debit,shopping,2024-10-04
18871,789,43494,debit,food,2024-10-12
18872,761,3829,credit,atm,2024-03-30
18873,260,37299,debit,shopping,2024-09-13
18874,131,31555,credit,food,2024-03-10
18875,113,29912,debit,atm,2024-03-21
18876,798,1124,debit,shopping,2024-08-10
18877,799,26328,debit,shopping,2024-11-02
18878,930,39907,debit,food,2024-11-19
18879,723,17021,debit,food,2024-03-14
18880,20,32279,debit,atm,2024-07-07
18881,215,37459,debit,salary,2024-06-24
18882,310,32137,debit,atm,2024-11-04
18883,251,33375,debit,shopping,2024-12-24
18884,488,36792,credit,shopping,2024-10-16
18885,382,8972,debit,shopping,2024-08-01
18886,409,25435,debit,food,2024-12-07
18887,271,20707,debit,shopping,2024-05-14
18888,934,35061,debit,shopping,2024-02-08
18889,407,24566,credit,atm,2024-10-19
18890,692,15862,debit,food,2024-03-03
18891,194,19030,debit,atm,2024-09-27
18892,441,4755,debit,salary,2024-07-29
18893,313,5119,debit,atm,2024-03-14
18894,79,36442,debit,atm,2024-12-22
18895,180,39414,credit,salary,2024-04-10
18896,675,19764,debit,atm,2024-07-08
18897,714,47545,debit,shopping,2024-04-23
18898,14,49078,debit,shopping,2024-11-19
18899,859,17024,debit,transfer,2024-04-19
18900,246,46355,credit,food,2024-03-01
18901,14,49762,credit,shopping,2024-10-07
18902,99,22646,debit,food,2024-06-04
18903,33,14930,debit,atm,2024-08-28
18904,436,12742,debit,transfer,2024-07-28
18905,257,23186,credit,shopping,2024-08-27
18906,34,49596,debit,atm,2024-10-17
18907,19,38047,debit,transfer,2024-12-04
18908,664,47891,credit,atm,2024-08-21
18909,260,30562,credit,food,2024-09-02
18910,676,39240,debit,atm,2024-06-15
18911,589,45302,credit,atm,2024-11-10
18912,826,44429,debit,atm,2024-03-05
18913,416,32176,debit,transfer,2024-05-08
18914,137,44882,credit,atm,2024-04-29
18915,359,43439,debit,transfer,2024-08-20
18916,720,41458,credit,transfer,2024-10-27
18917,754,22303,credit,salary,2024-01-19
18918,579,48039,credit,atm,2024-06-24
18919,116,44466,credit,shopping,2024-07-19
18920,404,27956,debit,transfer,2024-09-26
18921,202,46590,debit,atm,2024-03-07
18922,376,45742,debit,shopping,2024-06-06
18923,250,9586,credit,food,2024-08-20
18924,446,32258,debit,shopping,2024-04-25
18925,954,14781,credit,transfer,2024-07-11
18926,278,11801,credit,transfer,2024-11-20
18927,112,15472,debit,transfer,2024-08-02
18928,963,26711,debit,salary,2024-01-06
18929,843,5623,debit,shopping,2024-03-24
18930,473,45893,debit,atm,2024-02-15
18931,746,20333,credit,atm,2024-02-11
18932,688,25055,debit,transfer,2024-07-18
18933,392,3863,credit,shopping,2024-07-07
18934,969,47624,debit,food,2024-01-31
18935,143,46359,debit,shopping,2024-10-15
18936,32,42721,debit,atm,2024-11-03
18937,181,19542,credit,transfer,2024-12-24
18938,579,25982,debit,shopping,2024-10-14
18939,516,2565,credit,salary,2024-02-23
18940,798,4551,debit,transfer,2024-05-08
18941,269,16161,debit,salary,2024-12-27
18942,236,115,debit,transfer,2024-05-12
18943,277,4510,debit,atm,2024-01-08
18944,553,19064,debit,food,2024-03-10
18945,633,5235,debit,shopping,2024-11-14
18946,275,48692,debit,shopping,2024-01-10
18947,743,8048,debit,transfer,2024-08-25
18948,816,4889,debit,food,2024-07-08
18949,86,41128,debit,food,2024-10-22
18950,63,8702,credit,atm,2024-04-11
18951,404,7332,debit,salary,2024-08-20
18952,192,43919,debit,shopping,2024-12-01
18953,293,48050,credit,transfer,2024-11-07
18954,31,4935,debit,food,2024-10-10
18955,330,26166,debit,shopping,2024-02-25
18956,658,28481,debit,shopping,2024-01-01
18957,107,36211,credit,shopping,2024-08-25
18958,871,10869,debit,food,2024-11-03
18959,622,16756,debit,atm,2024-07-28
18960,276,919,debit,shopping,2024-03-02
18961,722,35483,debit,food,2024-08-18
18962,651,13248,credit,food,2024-04-17
18963,598,6169,credit,transfer,2024-06-18
18964,556,5740,debit,atm,2024-06-23
18965,82,36852,debit,atm,2024-04-27
18966,64,21374,debit,atm,2024-12-24
18967,890,7801,credit,food,2024-10-19
18968,930,19465,debit,food,2024-05-18
18969,855,3139,credit,atm,2024-07-13
18970,833,32015,debit,food,2024-01-29
18971,567,43742,credit,atm,2024-09-16
18972,586,49854,debit,transfer,2024-05-18
18973,885,47939,debit,salary,2024-01-30
18974,129,44997,debit,salary,2024-03-19
18975,256,46989,credit,salary,2024-03-19
18976,934,45522,debit,salary,2024-07-04
18977,231,41315,debit,transfer,2024-06-08
18978,497,2587,credit,food,2024-06-05
18979,137,34226,credit,transfer,2024-04-22
18980,863,27158,credit,shopping,2024-10-25
18981,455,49941,debit,food,2024-03-25
18982,913,28208,credit,atm,2024-08-17
18983,355,8599,debit,shopping,2024-02-08
18984,624,6231,credit,shopping,2024-12-17
18985,485,36034,credit,transfer,2024-06-03
18986,820,25084,debit,shopping,2024-10-06
18987,146,925,debit,transfer,2024-10-19
18988,959,1291,debit,shopping,2024-11-16
18989,33,43194,credit,transfer,2024-10-14
18990,260,14807,debit,food,2024-02-22
18991,87,39653,debit,shopping,2024-05-08
18992,843,28869,credit,transfer,2024-04-18
18993,948,6913,debit,salary,2024-07-02
18994,265,26450,credit,salary,2024-07-28
18995,832,22125,debit,shopping,2024-06-05
18996,542,29092,debit,transfer,2024-01-06
18997,392,17017,credit,food,2024-07-03
18998,232,43927,debit,shopping,2024-04-04
18999,901,22994,debit,food,2024-01-14
19000,588,34075,credit,transfer,2024-03-09
19001,447,25092,debit,salary,2024-07-08
19002,129,43836,debit,transfer,2024-03-26
19003,271,1337,debit,food,2024-02-20
19004,89,5043,credit,salary,2024-01-13
19005,466,26619,debit,shopping,2024-09-10
19006,934,26856,debit,salary,2024-11-27
19007,170,43160,credit,shopping,2024-04-14
19008,128,21320,debit,shopping,2024-05-11
19009,174,47898,debit,salary,2024-02-07
19010,949,28794,debit,salary,2024-05-11
19011,26,48333,credit,food,2024-06-06
19012,573,28350,debit,salary,2024-11-05
19013,511,14042,debit,atm,2024-03-05
19014,488,33327,credit,salary,2024-07-07
19015,891,41709,debit,food,2024-10-05
19016,579,12869,debit,atm,2024-08-14
19017,950,16603,debit,atm,2024-07-27
19018,406,10547,credit,transfer,2024-11-11
19019,26,8609,debit,atm,2024-02-25
19020,83,22965,debit,shopping,2024-04-09
19021,364,16234,debit,food,2024-03-27
19022,367,16301,debit,transfer,2024-10-16
19023,60,41453,credit,salary,2024-08-17
19024,551,19036,debit,atm,2024-06-17
19025,635,13358,debit,transfer,2024-10-21
19026,292,21862,debit,shopping,2024-08-01
19027,789,3328,debit,transfer,2024-10-24
19028,937,49328,debit,shopping,2024-11-17
19029,886,3510,debit,transfer,2024-05-27
19030,816,508,credit,transfer,2024-09-26
19031,794,47597,debit,salary,2024-06-14
19032,191,5873,credit,salary,2024-10-19
19033,461,36865,debit,salary,2024-10-19
19034,804,40175,debit,transfer,2024-01-12
19035,664,9279,debit,atm,2024-05-25
19036,896,5717,debit,transfer,2024-04-21
19037,233,2801,credit,salary,2024-03-03
19038,474,4007,credit,transfer,2024-07-29
19039,405,13941,credit,atm,2024-12-08
19040,658,25430,debit,shopping,2024-01-30
19041,271,49927,debit,food,2024-12-07
19042,847,13507,debit,salary,2024-11-10
19043,134,48191,credit,transfer,2024-02-24
19044,171,32299,debit,atm,2024-07-16
19045,415,26386,credit,salary,2024-11-01
19046,28,19959,debit,salary,2024-07-15
19047,136,6916,credit,shopping,2024-10-28
19048,925,49793,debit,food,2024-02-04
19049,405,16648,credit,transfer,2024-07-17
19050,977,26931,debit,transfer,2024-04-07
19051,888,17468,debit,salary,2024-12-23
19052,505,19145,debit,atm,2024-10-24
19053,241,33485,debit,salary,2024-01-19
19054,856,12205,credit,shopping,2024-06-21
19055,954,24744,debit,food,2024-11-05
19056,444,5739,credit,shopping,2024-07-10
19057,434,30430,debit,atm,2024-09-23
19058,228,11716,debit,transfer,2024-05-06
19059,509,20680,debit,atm,2024-04-18
19060,799,32868,debit,shopping,2024-12-13
19061,303,27074,debit,transfer,2024-05-10
19062,34,45473,debit,food,2024-10-06
19063,2,47826,debit,salary,2024-09-07
19064,362,30650,debit,food,2024-11-07
19065,195,47712,debit,salary,2024-10-08
19066,606,24861,debit,food,2024-11-20
19067,840,10801,credit,transfer,2024-05-31
19068,308,20922,debit,transfer,2024-06-20
19069,647,15070,debit,transfer,2024-06-02
19070,716,21292,credit,salary,2024-11-22
19071,250,35947,debit,transfer,2024-11-27
19072,147,23203,credit,atm,2024-07-03
19073,346,49634,debit,salary,2024-08-23
19074,348,28957,credit,transfer,2024-10-18
19075,254,43746,debit,transfer,2024-01-17
19076,399,17411,debit,food,2024-07-26
19077,334,21543,credit,atm,2024-09-30
19078,176,17044,debit,atm,2024-04-05
19079,125,34057,debit,salary,2024-11-17
19080,763,15074,debit,atm,2024-04-22
19081,398,47084,credit,transfer,2024-05-17
19082,131,46993,debit,salary,2024-10-21
19083,562,35236,credit,shopping,2024-06-23
19084,605,26414,credit,food,2024-05-17
19085,892,29952,debit,food,2024-11-06
19086,822,5053,debit,shopping,2024-08-07
19087,902,24382,debit,salary,2024-05-31
19088,945,11337,debit,shopping,2024-05-05
19089,407,37248,debit,atm,2024-09-02
19090,732,28548,debit,transfer,2024-02-09
19091,846,31871,debit,shopping,2024-07-09
19092,334,45821,debit,shopping,2024-06-10
19093,20,2688,debit,atm,2024-05-03
19094,205,14915,credit,salary,2024-06-25
19095,603,6456,credit,transfer,2024-11-14
19096,956,20169,debit,transfer,2024-12-26
19097,355,41989,credit,food,2024-09-21
19098,173,14795,credit,transfer,2024-06-23
19099,189,20883,debit,transfer,2024-08-08
19100,824,1503,debit,transfer,2024-06-21
19101,2,41259,credit,transfer,2024-08-20
19102,873,28427,credit,atm,2024-05-16
19103,941,2385,credit,food,2024-08-20
19104,168,8962,debit,shopping,2024-08-26
19105,368,1828,debit,food,2024-05-18
19106,536,11530,debit,salary,2024-03-25
19107,925,34117,debit,shopping,2024-01-24
19108,963,33746,debit,food,2024-09-13
19109,877,29022,debit,food,2024-08-14
19110,580,11643,debit,food,2024-11-12
19111,370,49749,debit,food,2024-12-06
19112,706,26663,credit,food,2024-08-26
19113,596,25653,debit,food,2024-10-03
19114,950,48960,debit,atm,2024-09-16
19115,437,40570,debit,atm,2024-08-12
19116,207,7678,debit,shopping,2024-04-09
19117,49,21363,credit,transfer,2024-02-27
19118,544,10768,credit,food,2024-08-08
19119,829,17022,debit,transfer,2024-09-01
19120,682,12332,credit,atm,2024-03-17
19121,129,9192,debit,salary,2024-08-05
19122,447,34334,debit,food,2024-07-22
19123,614,44075,debit,shopping,2024-05-15
19124,35,40582,credit,transfer,2024-04-26
19125,819,18217,debit,shopping,2024-02-29
19126,199,33358,debit,food,2024-09-10
19127,813,31290,debit,transfer,2024-12-07
19128,77,23195,debit,transfer,2024-01-09
19129,369,18402,debit,food,2024-03-13
19130,833,10326,debit,salary,2024-12-03
19131,526,41034,debit,food,2024-01-17
19132,349,11003,credit,shopping,2024-01-07
19133,506,22509,debit,atm,2024-04-12
19134,643,42546,credit,atm,2024-11-02
19135,238,14985,debit,atm,2024-12-13
19136,280,6199,debit,transfer,2024-10-07
19137,577,26176,debit,transfer,2024-10-04
19138,432,49449,credit,food,2024-10-16
19139,138,43027,debit,transfer,2024-09-28
19140,269,46678,credit,shopping,2024-09-28
19141,740,9826,debit,food,2024-10-20
19142,201,9640,credit,shopping,2024-12-07
19143,142,8202,credit,atm,2024-12-14
19144,612,12854,debit,shopping,2024-06-08
19145,650,36712,debit,atm,2024-03-28
19146,680,33463,debit,transfer,2024-12-26
19147,919,8430,credit,food,2024-11-01
19148,611,341,debit,salary,2024-07-03
19149,823,18847,credit,shopping,2024-02-07
19150,831,47870,credit,food,2024-01-23
19151,839,49984,debit,salary,2024-03-29
19152,938,234,debit,food,2024-02-05
19153,355,27935,credit,salary,2024-04-07
19154,578,20245,debit,food,2024-12-18
19155,847,35494,credit,atm,2024-04-14
19156,329,43184,debit,salary,2024-04-26
19157,559,31219,credit,food,2024-10-18
19158,849,31193,debit,salary,2024-07-30
19159,894,7279,credit,atm,2024-11-05
19160,231,34378,debit,salary,2024-03-19
19161,308,45913,debit,salary,2024-02-29
19162,658,19280,debit,food,2024-05-21
19163,719,7007,credit,shopping,2024-02-29
19164,146,37380,debit,atm,2024-11-11
19165,152,37170,credit,food,2024-01-22
19166,791,43828,debit,transfer,2024-03-05
19167,140,4506,debit,salary,2024-07-11
19168,663,30103,debit,transfer,2024-04-11
19169,21,19848,debit,food,2024-08-03
19170,254,23252,credit,shopping,2024-08-18
19171,64,9691,debit,atm,2024-05-04
19172,218,9842,credit,food,2024-12-07
19173,72,3511,debit,shopping,2024-01-04
19174,990,16566,debit,food,2024-08-04
19175,162,38564,debit,shopping,2024-07-25
19176,130,46631,debit,transfer,2024-04-13
19177,581,29798,debit,shopping,2024-09-19
19178,927,43980,debit,atm,2024-06-03
19179,225,10575,credit,transfer,2024-08-06
19180,758,31208,debit,salary,2024-12-20
19181,580,18924,credit,transfer,2024-07-07
19182,454,5860,debit,transfer,2024-12-23
19183,983,18266,debit,salary,2024-08-09
19184,915,47233,debit,transfer,2024-06-15
19185,384,46762,credit,transfer,2024-12-14
19186,107,31991,debit,salary,2024-09-10
19187,621,25280,debit,salary,2024-09-17
19188,840,39294,debit,atm,2024-12-03
19189,103,16188,debit,transfer,2024-03-30
19190,141,12625,credit,transfer,2024-11-06
19191,577,40774,credit,transfer,2024-09-07
19192,134,9022,debit,atm,2024-09-14
19193,199,14382,debit,transfer,2024-12-16
19194,880,34946,credit,salary,2024-09-09
19195,510,17461,debit,salary,2024-03-29
19196,667,29686,credit,salary,2024-06-08
19197,79,40661,debit,salary,2024-10-04
19198,948,1737,debit,shopping,2024-06-28
19199,894,14016,debit,salary,2024-07-20
19200,482,31026,credit,atm,2024-07-22
19201,512,43041,debit,shopping,2024-01-21
19202,250,19784,debit,transfer,2024-07-08
19203,889,36872,debit,salary,2024-01-15
19204,599,17066,debit,transfer,2024-01-11
19205,816,48569,debit,salary,2024-02-15
19206,753,25135,debit,salary,2024-03-11
19207,600,10268,credit,shopping,2024-09-06
19208,975,8575,debit,salary,2024-02-09
19209,483,27573,debit,salary,2024-08-25
19210,836,35266,credit,food,2024-11-21
19211,172,34106,credit,atm,2024-02-15
19212,869,3566,debit,atm,2024-03-12
19213,17,22002,debit,transfer,2024-10-18
19214,735,5463,credit,transfer,2024-11-07
19215,294,36034,debit,shopping,2024-05-19
19216,394,33647,debit,transfer,2024-03-17
19217,822,2234,debit,food,2024-10-01
19218,498,41479,debit,transfer,2024-05-29
19219,219,26502,debit,salary,2024-01-12
19220,234,27814,credit,transfer,2024-10-14
19221,390,20173,credit,transfer,2024-02-07
19222,248,14683,debit,salary,2024-02-07
19223,902,37823,debit,food,2024-07-27
19224,52,41266,debit,atm,2024-12-01
19225,15,23856,credit,food,2024-01-12
19226,324,19874,debit,food,2024-12-22
19227,441,23734,debit,shopping,2024-02-15
19228,112,31243,debit,shopping,2024-12-01
19229,696,7349,debit,salary,2024-03-09
19230,872,44930,debit,shopping,2024-03-11
19231,7,31368,debit,atm,2024-09-05
19232,563,3896,credit,salary,2024-08-06
19233,826,19018,debit,shopping,2024-10-08
19234,753,18664,debit,transfer,2024-03-17
19235,245,30812,credit,shopping,2024-08-14
19236,448,28886,credit,atm,2024-02-15
19237,365,15412,debit,shopping,2024-04-15
19238,367,26073,debit,salary,2024-03-04
19239,922,13307,debit,transfer,2024-04-28
19240,698,1546,debit,salary,2024-12-30
19241,287,1051,credit,transfer,2024-05-04
19242,962,1817,debit,transfer,2024-09-06
19243,604,38781,credit,atm,2024-02-22
19244,106,11490,credit,food,2024-05-21
19245,13,21294,debit,atm,2024-02-06
19246,146,15577,debit,food,2024-01-13
19247,478,18080,credit,food,2024-03-12
19248,631,31050,credit,atm,2024-11-03
19249,715,6694,debit,shopping,2024-06-09
19250,653,44793,debit,atm,2024-12-22
19251,115,19700,credit,salary,2024-11-19
19252,509,9198,debit,salary,2024-07-29
19253,152,12042,debit,salary,2024-07-07
19254,57,14112,debit,salary,2024-06-30
19255,382,30802,credit,food,2024-09-02
19256,157,45118,debit,food,2024-11-26
19257,952,48276,debit,atm,2024-08-01
19258,822,10446,debit,transfer,2024-06-13
19259,133,14528,credit,transfer,2024-07-13
19260,163,5855,debit,food,2024-03-21
19261,275,45984,credit,shopping,2024-08-27
19262,695,6383,debit,food,2024-10-22
19263,77,49136,credit,shopping,2024-02-04
19264,837,1437,credit,transfer,2024-08-23
19265,44,43555,debit,food,2024-11-30
19266,718,20957,debit,atm,2024-07-21
19267,550,25036,debit,salary,2024-05-20
19268,318,39694,debit,transfer,2024-03-30
19269,534,27740,credit,food,2024-05-30
19270,585,38535,debit,food,2024-09-25
19271,753,45797,debit,salary,2024-02-17
19272,936,16314,debit,transfer,2024-02-19
19273,154,41632,debit,atm,2024-04-18
19274,237,26631,debit,atm,2024-03-18
19275,893,8113,debit,atm,2024-02-21
19276,517,35912,debit,transfer,2024-12-19
19277,221,5118,debit,atm,2024-08-19
19278,310,18717,debit,shopping,2024-12-14
19279,598,27968,credit,food,2024-08-07
19280,177,40335,credit,shopping,2024-01-27
19281,771,42874,credit,transfer,2024-06-14
19282,220,31190,credit,atm,2024-03-17
19283,38,36909,credit,atm,2024-11-18
19284,654,1989,debit,atm,2024-04-12
19285,431,24160,debit,salary,2024-12-23
19286,910,10191,debit,salary,2024-07-15
19287,747,46383,debit,atm,2024-11-10
19288,203,19139,credit,food,2024-12-01
19289,841,43389,debit,salary,2024-06-07
19290,806,3818,credit,transfer,2024-03-26
19291,448,22019,debit,atm,2024-11-20
19292,495,42116,credit,food,2024-07-13
19293,684,9798,credit,salary,2024-11-30
19294,125,47351,debit,transfer,2024-08-13
19295,838,34498,debit,salary,2024-09-27
19296,65,21544,credit,transfer,2024-06-03
19297,793,17475,credit,atm,2024-03-17
19298,784,48151,credit,food,2024-05-25
19299,244,37458,credit,shopping,2024-01-10
19300,527,6966,debit,salary,2024-06-08
19301,226,28644,debit,food,2024-05-07
19302,465,42090,credit,shopping,2024-06-06
19303,643,5021,debit,atm,2024-08-10
19304,707,46213,debit,transfer,2024-11-08
19305,293,41622,debit,atm,2024-06-22
19306,721,32859,debit,food,2024-01-03
19307,951,22765,debit,food,2024-11-14
19308,381,25042,debit,salary,2024-03-09
19309,625,6349,debit,shopping,2024-04-07
19310,756,893,debit,shopping,2024-11-06
19311,166,27779,credit,salary,2024-02-27
19312,703,14093,credit,atm,2024-03-02
19313,769,33854,debit,shopping,2024-01-07
19314,839,25633,debit,atm,2024-07-25
19315,218,3695,credit,transfer,2024-10-01
19316,871,48395,debit,food,2024-10-01
19317,275,47281,debit,transfer,2024-03-21
19318,52,2356,debit,salary,2024-08-19
19319,374,12201,debit,shopping,2024-07-03
19320,670,46590,debit,transfer,2024-04-16
19321,363,29508,credit,food,2024-09-13
19322,567,31046,debit,shopping,2024-12-03
19323,14,43282,debit,atm,2024-10-06
19324,781,37044,debit,shopping,2024-06-06
19325,340,8061,credit,food,2024-07-08
19326,602,15516,credit,shopping,2024-10-09
19327,539,38122,debit,transfer,2024-11-18
19328,89,8529,debit,salary,2024-04-26
19329,905,13883,debit,transfer,2024-07-26
19330,41,24390,debit,shopping,2024-01-04
19331,304,45785,debit,atm,2024-07-03
19332,268,34600,credit,shopping,2024-08-12
19333,138,48343,debit,food,2024-02-13
19334,6,44121,credit,transfer,2024-04-18
19335,242,33682,credit,transfer,2024-12-11
19336,162,29385,debit,shopping,2024-12-24
19337,692,39903,debit,salary,2024-07-13
19338,809,1286,debit,shopping,2024-01-04
19339,979,18709,debit,salary,2024-05-12
19340,518,9276,debit,shopping,2024-08-08
19341,898,25473,debit,transfer,2024-11-03
19342,783,32055,debit,salary,2024-01-11
19343,401,21657,debit,food,2024-05-10
19344,784,28838,credit,salary,2024-09-30
19345,156,25219,credit,atm,2024-10-12
19346,85,17003,credit,food,2024-06-22
19347,712,10838,credit,shopping,2024-08-09
19348,10,5141,debit,atm,2024-04-03
19349,138,23354,debit,food,2024-05-24
19350,754,40627,credit,shopping,2024-06-15
19351,906,9350,credit,salary,2024-03-20
19352,713,26912,debit,shopping,2024-10-15
19353,156,25788,debit,transfer,2024-03-06
19354,408,19890,debit,food,2024-05-12
19355,787,1046,credit,salary,2024-06-12
19356,225,36898,credit,shopping,2024-09-15
19357,580,8427,credit,salary,2024-12-25
19358,184,1236,debit,salary,2024-06-08
19359,195,32015,debit,food,2024-05-21
19360,554,26038,debit,salary,2024-09-03
19361,396,654,debit,food,2024-05-12
19362,914,23521,credit,salary,2024-06-22
19363,663,13333,debit,salary,2024-07-02
19364,596,30993,debit,shopping,2024-11-11
19365,134,36271,credit,atm,2024-03-23
19366,309,18738,debit,food,2024-03-15
19367,866,1048,credit,transfer,2024-09-19
19368,810,32802,debit,food,2024-04-24
19369,962,41163,credit,salary,2024-06-01
19370,542,24293,credit,atm,2024-04-21
19371,9,7307,debit,food,2024-05-19
19372,987,9338,debit,salary,2024-01-31
19373,170,7519,debit,transfer,2024-08-07
19374,290,20510,debit,shopping,2024-09-27
19375,168,6056,debit,shopping,2024-04-06
19376,344,14725,credit,food,2024-01-11
19377,497,23853,debit,food,2024-04-12
19378,145,7422,debit,transfer,2024-09-21
19379,413,2714,debit,shopping,2024-02-21
19380,740,48333,credit,salary,2024-06-17
19381,818,44391,credit,food,2024-05-19
19382,588,25639,debit,atm,2024-03-23
19383,735,3371,debit,shopping,2024-09-24
19384,689,9129,debit,salary,2024-12-09
19385,457,5778,debit,shopping,2024-03-13
19386,701,19672,debit,transfer,2024-05-19
19387,979,48089,debit,atm,2024-04-18
19388,302,29195,credit,salary,2024-02-06
19389,46,15671,debit,salary,2024-05-12
19390,894,43262,credit,food,2024-01-09
19391,17,19818,debit,transfer,2024-07-03
19392,578,15966,credit,transfer,2024-08-30
19393,360,2298,credit,salary,2024-05-27
19394,261,9507,credit,shopping,2024-03-10
19395,123,9172,credit,salary,2024-08-19
19396,231,17238,debit,salary,2024-12-01
19397,950,5317,debit,salary,2024-05-12
19398,637,31360,credit,salary,2024-04-27
19399,112,41760,credit,salary,2024-06-19
19400,784,10511,debit,salary,2024-12-02
19401,593,33238,credit,shopping,2024-06-30
19402,246,34600,debit,atm,2024-11-13
19403,859,48382,debit,atm,2024-09-22
19404,391,5359,debit,food,2024-06-06
19405,392,29684,debit,atm,2024-09-19
19406,328,14216,debit,shopping,2024-07-03
19407,215,22883,credit,salary,2024-05-18
19408,864,42049,debit,transfer,2024-07-18
19409,747,21255,debit,shopping,2024-11-02
19410,367,32489,credit,transfer,2024-03-04
19411,82,33283,credit,food,2024-08-16
19412,806,31148,debit,shopping,2024-01-31
19413,822,32221,debit,salary,2024-04-21
19414,76,27641,credit,salary,2024-01-01
19415,527,36205,debit,shopping,2024-03-29
19416,732,21742,debit,shopping,2024-12-13
19417,503,40895,credit,salary,2024-08-02
19418,742,37925,debit,transfer,2024-11-02
19419,946,39835,debit,shopping,2024-12-14
19420,952,34488,debit,salary,2024-07-20
19421,479,29020,debit,atm,2024-02-15
19422,372,40861,credit,shopping,2024-09-25
19423,265,31127,debit,food,2024-12-01
19424,264,30580,debit,food,2024-03-16
19425,110,7486,credit,shopping,2024-08-27
19426,915,37761,debit,salary,2024-04-22
19427,307,21580,debit,transfer,2024-07-25
19428,200,37724,debit,shopping,2024-10-21
19429,226,3755,debit,food,2024-10-01
19430,185,24968,debit,transfer,2024-07-31
19431,964,49128,debit,atm,2024-11-12
19432,31,31229,debit,transfer,2024-04-05
19433,614,16563,debit,atm,2024-02-26
19434,771,30180,credit,food,2024-02-16
19435,99,45292,debit,atm,2024-11-30
19436,339,4408,debit,transfer,2024-06-08
19437,811,18346,debit,food,2024-01-01
19438,797,33486,debit,transfer,2024-07-25
19439,266,11570,debit,shopping,2024-02-04
19440,652,48360,debit,transfer,2024-07-30
19441,814,40982,credit,shopping,2024-06-07
19442,798,12288,debit,shopping,2024-10-29
19443,350,10769,debit,atm,2024-01-24
19444,978,11543,credit,shopping,2024-02-09
19445,728,19729,debit,atm,2024-11-25
19446,544,27054,credit,shopping,2024-11-29
19447,457,7335,debit,food,2024-09-05
19448,815,10014,debit,atm,2024-07-10
19449,88,42949,debit,transfer,2024-04-02
19450,63,28647,debit,atm,2024-07-19
19451,922,48535,debit,food,2024-04-29
19452,387,11693,debit,shopping,2024-08-31
19453,791,41028,debit,food,2024-05-17
19454,459,27985,debit,salary,2024-09-12
19455,586,9391,debit,food,2024-04-26
19456,818,45078,debit,food,2024-01-02
19457,932,4232,debit,food,2024-10-05
19458,636,31783,debit,transfer,2024-12-03
19459,269,944,debit,transfer,2024-07-11
19460,894,31969,debit,food,2024-12-22
19461,797,31616,debit,salary,2024-12-18
19462,934,34511,debit,salary,2024-03-03
19463,973,34131,debit,atm,2024-02-05
19464,633,35802,credit,food,2024-12-10
19465,346,22623,debit,atm,2024-10-05
19466,724,40042,credit,shopping,2024-03-03
19467,901,33083,debit,salary,2024-08-01
19468,660,4876,debit,shopping,2024-02-02
19469,78,18824,debit,shopping,2024-06-23
19470,365,14200,debit,food,2024-01-19
19471,14,42567,debit,salary,2024-10-05
19472,136,33984,credit,atm,2024-04-19
19473,304,40618,debit,shopping,2024-03-26
19474,397,46448,debit,food,2024-01-04
19475,792,14032,debit,transfer,2024-04-06
19476,79,43800,debit,salary,2024-03-24
19477,755,21818,credit,transfer,2024-08-29
19478,705,46114,debit,atm,2024-05-07
19479,982,19740,debit,atm,2024-04-05
19480,418,42208,debit,atm,2024-06-29
19481,242,19660,debit,salary,2024-04-21
19482,51,6480,debit,shopping,2024-04-30
19483,744,47856,debit,food,2024-09-29
19484,771,28929,credit,shopping,2024-01-25
19485,384,48701,debit,salary,2024-01-14
19486,375,29679,debit,transfer,2024-04-19
19487,730,30300,debit,food,2024-11-01
19488,206,19829,debit,atm,2024-01-30
19489,826,28637,debit,transfer,2024-01-22
19490,489,42200,debit,shopping,2024-12-04
19491,381,24225,credit,food,2024-04-11
19492,968,5755,debit,atm,2024-09-16
19493,881,2548,credit,food,2024-03-12
19494,311,14285,credit,shopping,2024-10-27
19495,375,17311,debit,salary,2024-04-25
19496,632,22380,credit,shopping,2024-09-12
19497,592,34071,debit,salary,2024-11-25
19498,42,39487,debit,atm,2024-04-23
19499,533,6898,debit,shopping,2024-01-28
19500,522,17328,credit,shopping,2024-06-30
19501,825,35839,credit,shopping,2024-07-04
19502,153,34136,credit,shopping,2024-12-06
19503,312,48820,credit,salary,2024-11-16
19504,294,29409,debit,salary,2024-09-07
19505,598,4844,credit,transfer,2024-06-30
19506,113,40603,debit,atm,2024-12-19
19507,701,14648,credit,atm,2024-05-23
19508,112,42689,debit,salary,2024-07-24
19509,175,3630,credit,transfer,2024-09-08
19510,822,37953,debit,transfer,2024-12-16
19511,302,9095,debit,shopping,2024-06-20
19512,964,24803,debit,transfer,2024-06-19
19513,516,25627,credit,atm,2024-08-28
19514,734,35132,debit,food,2024-12-02
19515,962,31530,debit,salary,2024-08-29
19516,221,119,debit,shopping,2024-03-20
19517,171,45830,debit,transfer,2024-09-13
19518,318,23341,credit,salary,2024-09-03
19519,996,7396,debit,salary,2024-01-30
19520,213,16433,credit,salary,2024-05-02
19521,253,41616,debit,atm,2024-07-10
19522,124,18728,credit,shopping,2024-01-27
19523,640,19467,debit,food,2024-12-22
19524,213,11855,debit,shopping,2024-03-20
19525,624,35593,debit,transfer,2024-03-28
19526,85,21850,debit,shopping,2024-06-04
19527,516,13125,debit,atm,2024-03-28
19528,65,4987,debit,food,2024-12-16
19529,318,13758,debit,shopping,2024-08-04
19530,346,49448,credit,transfer,2024-06-27
19531,632,5326,credit,shopping,2024-05-09
19532,243,35696,credit,atm,2024-09-09
19533,898,45899,credit,salary,2024-03-11
19534,137,4088,debit,atm,2024-03-27
19535,247,21763,debit,atm,2024-12-14
19536,441,18953,debit,atm,2024-02-04
19537,45,18114,credit,food,2024-04-03
19538,658,14339,credit,shopping,2024-07-12
19539,880,36146,debit,transfer,2024-11-30
19540,688,18522,debit,salary,2024-01-16
19541,554,21916,debit,salary,2024-01-08
19542,809,27155,debit,food,2024-11-12
19543,971,6570,debit,transfer,2024-04-01
19544,89,23561,debit,salary,2024-02-09
19545,730,45634,credit,transfer,2024-07-27
19546,954,4861,credit,transfer,2024-07-03
19547,228,21703,debit,shopping,2024-09-01
19548,810,34255,credit,food,2024-07-24
19549,291,49893,credit,atm,2024-03-25
19550,422,48014,credit,atm,2024-10-09
19551,67,22096,debit,salary,2024-12-06
19552,251,40078,debit,salary,2024-06-08
19553,41,33442,debit,food,2024-08-17
19554,99,10013,debit,shopping,2024-04-28
19555,306,42078,debit,salary,2024-10-11
19556,872,40664,debit,salary,2024-08-30
19557,854,30099,credit,transfer,2024-06-12
19558,456,31848,debit,food,2024-04-28
19559,591,32431,debit,atm,2024-01-24
19560,301,44480,debit,food,2024-12-06
19561,199,34324,debit,atm,2024-06-15
19562,659,34463,debit,transfer,2024-06-26
19563,488,24792,debit,shopping,2024-12-03
19564,106,8086,debit,atm,2024-05-26
19565,401,13246,debit,transfer,2024-06-14
19566,705,42910,debit,shopping,2024-10-08
19567,477,33699,debit,transfer,2024-03-10
19568,122,21452,debit,shopping,2024-08-25
19569,77,11073,debit,salary,2024-06-25
19570,312,18601,credit,shopping,2024-10-08
19571,112,20966,debit,atm,2024-04-01
19572,861,18490,debit,shopping,2024-08-23
19573,809,43631,debit,food,2024-06-21
19574,682,41356,debit,shopping,2024-10-19
19575,518,39628,credit,transfer,2024-03-29
19576,197,41778,debit,atm,2024-08-01
19577,98,27812,credit,salary,2024-12-16
19578,459,5794,debit,salary,2024-09-18
19579,841,19563,debit,transfer,2024-06-07
19580,230,21762,credit,salary,2024-03-05
19581,168,110,credit,atm,2024-04-13
19582,809,37748,debit,transfer,2024-08-21
19583,777,49662,debit,atm,2024-03-07
19584,8,27615,debit,salary,2024-09-12
19585,172,10946,debit,salary,2024-06-22
19586,954,47358,credit,food,2024-05-12
19587,360,46385,debit,transfer,2024-02-06
19588,195,28126,debit,shopping,2024-11-28
19589,269,17082,debit,transfer,2024-01-29
19590,19,17307,debit,atm,2024-04-01
19591,354,43457,debit,salary,2024-02-18
19592,864,38085,debit,food,2024-06-01
19593,49,39954,debit,transfer,2024-05-17
19594,464,12406,credit,atm,2024-04-07
19595,356,412,debit,food,2024-01-15
19596,850,44034,credit,food,2024-07-23
19597,974,6771,debit,food,2024-08-16
19598,158,23184,credit,salary,2024-07-05
19599,66,44798,debit,atm,2024-08-28
19600,973,35360,credit,food,2024-02-24
19601,859,43005,debit,salary,2024-11-06
19602,571,16714,debit,salary,2024-05-21
19603,821,10964,debit,salary,2024-07-20
19604,308,48214,credit,transfer,2024-07-02
19605,337,15324,debit,salary,2024-11-12
19606,671,47562,debit,atm,2024-09-17
19607,783,44514,credit,shopping,2024-09-18
19608,121,44643,debit,transfer,2024-09-02
19609,766,143,credit,food,2024-09-25
19610,404,40400,debit,salary,2024-10-28
19611,773,24576,debit,transfer,2024-08-27
19612,647,27600,debit,transfer,2024-12-18
19613,786,28369,debit,atm,2024-08-16
19614,568,19941,credit,food,2024-05-07
19615,843,38252,debit,shopping,2024-05-30
19616,96,31031,credit,shopping,2024-05-28
19617,114,5715,debit,transfer,2024-11-23
19618,987,28061,debit,transfer,2024-10-16
19619,986,32613,credit,food,2024-11-04
19620,869,21990,debit,transfer,2024-01-31
19621,429,26970,debit,salary,2024-12-05
19622,540,35863,debit,shopping,2024-08-14
19623,818,45976,debit,salary,2024-07-12
19624,2,47275,debit,atm,2024-12-09
19625,212,44427,debit,transfer,2024-11-26
19626,580,43402,debit,food,2024-05-21
19627,640,24846,debit,atm,2024-08-21
19628,333,37209,debit,atm,2024-12-05
19629,24,29936,debit,food,2024-04-09
19630,765,9931,credit,atm,2024-06-01
19631,368,33484,credit,salary,2024-12-24
19632,742,33107,debit,atm,2024-11-25
19633,506,38920,debit,food,2024-07-10
19634,1000,39322,debit,shopping,2024-03-09
19635,176,29169,debit,transfer,2024-11-19
19636,429,42916,debit,food,2024-04-22
19637,887,41982,debit,salary,2024-08-02
19638,733,17296,debit,salary,2024-02-12
19639,442,5099,debit,shopping,2024-12-14
19640,548,24126,debit,salary,2024-08-23
19641,514,1830,debit,food,2024-04-19
19642,895,3524,debit,salary,2024-12-07
19643,361,38930,debit,shopping,2024-10-27
19644,274,29816,credit,shopping,2024-09-02
19645,177,31326,debit,atm,2024-12-29
19646,264,2307,debit,atm,2024-03-11
19647,186,13131,debit,salary,2024-02-10
19648,527,28108,debit,salary,2024-11-09
19649,913,29584,debit,salary,2024-07-05
19650,279,46735,debit,salary,2024-01-28
19651,706,3468,debit,atm,2024-07-31
19652,198,21955,credit,food,2024-02-24
19653,349,2327,credit,food,2024-11-02
19654,923,48622,credit,food,2024-02-05
19655,421,30422,debit,atm,2024-09-18
19656,305,43320,debit,food,2024-07-29
19657,64,12917,debit,food,2024-11-02
19658,290,46574,debit,atm,2024-02-22
19659,18,47230,debit,transfer,2024-05-18
19660,64,13326,debit,salary,2024-06-26
19661,874,43977,debit,salary,2024-02-15
19662,330,44580,debit,transfer,2024-03-22
19663,870,31257,debit,shopping,2024-06-22
19664,763,20864,debit,food,2024-11-28
19665,940,18304,debit,transfer,2024-02-10
19666,17,288,debit,food,2024-11-02
19667,443,30497,debit,transfer,2024-09-23
19668,141,9514,credit,salary,2024-11-02
19669,308,38089,credit,food,2024-01-27
19670,444,41538,debit,atm,2024-02-18
19671,496,6846,debit,salary,2024-09-28
19672,426,14431,debit,salary,2024-11-01
19673,475,11354,credit,salary,2024-09-26
19674,832,10317,debit,food,2024-07-28
19675,245,15683,credit,shopping,2024-07-22
19676,450,37480,debit,transfer,2024-10-08
19677,802,34418,credit,transfer,2024-08-21
19678,351,15900,credit,atm,2024-02-09
19679,599,30312,debit,shopping,2024-09-02
19680,711,47433,debit,salary,2024-01-18
19681,870,27592,credit,transfer,2024-04-19
19682,960,32692,credit,food,2024-09-13
19683,161,5333,debit,salary,2024-01-16
19684,140,22119,credit,salary,2024-12-22
19685,493,11547,credit,shopping,2024-05-28
19686,588,14136,credit,shopping,2024-04-28
19687,531,11098,debit,transfer,2024-07-29
19688,393,32901,debit,transfer,2024-09-20
19689,842,24971,debit,salary,2024-09-08
19690,401,27176,debit,atm,2024-04-08
19691,50,44839,debit,salary,2024-01-18
19692,744,28252,credit,food,2024-03-30
19693,295,1529,debit,atm,2024-01-25
19694,425,10481,debit,transfer,2024-09-30
19695,906,2087,debit,atm,2024-01-24
19696,12,29419,debit,atm,2024-03-09
19697,335,22755,debit,transfer,2024-11-25
19698,991,19366,debit,food,2024-01-11
19699,15,48128,credit,food,2024-09-16
19700,28,43837,debit,shopping,2024-01-10
19701,388,11989,debit,shopping,2024-04-10
19702,292,49114,debit,food,2024-01-12
19703,887,48577,debit,food,2024-03-14
19704,833,1647,credit,shopping,2024-05-12
19705,250,49714,debit,shopping,2024-08-22
19706,505,44375,debit,food,2024-03-31
19707,98,33381,debit,transfer,2024-08-12
19708,815,45156,credit,food,2024-01-05
19709,337,13650,debit,transfer,2024-01-23
19710,39,5274,credit,transfer,2024-07-02
19711,38,36434,debit,transfer,2024-08-03
19712,300,20287,debit,shopping,2024-02-15
19713,179,4038,debit,salary,2024-05-09
19714,609,1571,credit,food,2024-12-15
19715,892,16821,credit,atm,2024-03-14
19716,469,7151,debit,atm,2024-01-01
19717,282,7544,debit,food,2024-05-20
19718,750,27757,debit,transfer,2024-10-18
19719,164,36280,debit,shopping,2024-03-02
19720,453,29899,debit,shopping,2024-03-03
19721,97,2492,debit,transfer,2024-11-18
19722,769,15829,debit,food,2024-04-17
19723,309,33844,debit,atm,2024-08-23
19724,262,43305,credit,shopping,2024-01-16
19725,293,29809,credit,transfer,2024-09-02
19726,770,36936,debit,shopping,2024-08-24
19727,249,9995,debit,transfer,2024-10-30
19728,245,17355,debit,shopping,2024-04-20
19729,251,3509,debit,atm,2024-06-22
19730,123,12844,debit,shopping,2024-01-05
19731,325,1649,debit,food,2024-10-20
19732,986,15185,credit,salary,2024-06-30
19733,681,44567,debit,transfer,2024-12-02
19734,947,20945,debit,salary,2024-03-22
19735,501,14836,debit,atm,2024-04-22
19736,687,35489,debit,atm,2024-06-15
19737,781,2629,debit,salary,2024-06-04
19738,716,43217,debit,atm,2024-09-10
19739,837,47609,debit,atm,2024-02-22
19740,66,27032,credit,transfer,2024-11-05
19741,827,8451,debit,transfer,2024-04-05
19742,836,43162,debit,transfer,2024-10-02
19743,59,11100,credit,food,2024-11-06
19744,731,43059,debit,food,2024-07-22
19745,498,39267,debit,food,2024-10-04
19746,373,35449,debit,food,2024-11-02
19747,266,23049,debit,salary,2024-05-19
19748,653,27669,debit,transfer,2024-08-17
19749,236,46794,debit,atm,2024-07-05
19750,898,19418,debit,shopping,2024-02-23
19751,218,18795,debit,food,2024-02-22
19752,527,15268,credit,atm,2024-03-28
19753,814,37196,credit,transfer,2024-10-20
19754,441,39691,debit,salary,2024-04-12
19755,650,20812,debit,atm,2024-12-13
19756,406,19600,debit,shopping,2024-05-19
19757,744,3847,debit,atm,2024-12-16
19758,601,23308,debit,transfer,2024-08-17
19759,975,34327,debit,atm,2024-12-13
19760,589,4530,debit,salary,2024-03-26
19761,648,18935,debit,transfer,2024-09-19
19762,917,40199,credit,food,2024-11-19
19763,469,29027,debit,transfer,2024-06-05
19764,918,44048,debit,atm,2024-04-29
19765,110,9063,debit,shopping,2024-10-27
19766,353,21525,debit,transfer,2024-12-27
19767,813,17595,credit,transfer,2024-05-11
19768,91,44371,debit,transfer,2024-10-06
19769,936,12698,debit,transfer,2024-03-25
19770,882,9886,debit,atm,2024-03-22
19771,918,11021,debit,food,2024-11-23
19772,414,42341,debit,shopping,2024-01-23
19773,702,30353,credit,transfer,2024-08-26
19774,73,20069,debit,shopping,2024-09-21
19775,685,24085,debit,atm,2024-01-25
19776,547,47332,debit,food,2024-08-15
19777,722,11120,debit,transfer,2024-10-14
19778,298,35241,credit,food,2024-05-14
19779,645,29561,debit,transfer,2024-12-18
19780,283,14452,credit,transfer,2024-07-05
19781,505,15444,debit,salary,2024-11-13
19782,198,41401,debit,shopping,2024-06-11
19783,958,13225,debit,food,2024-12-07
19784,32,37591,debit,shopping,2024-11-09
19785,648,19302,debit,shopping,2024-01-29
19786,760,42332,debit,shopping,2024-11-07
19787,871,809,debit,food,2024-04-24
19788,341,7092,debit,transfer,2024-11-14
19789,658,33606,debit,transfer,2024-07-28
19790,334,26454,debit,transfer,2024-02-16
19791,143,13333,credit,transfer,2024-11-25
19792,746,47560,credit,transfer,2024-09-27
19793,410,4690,credit,transfer,2024-04-29
19794,949,28806,debit,atm,2024-11-08
19795,44,13818,debit,atm,2024-05-14
19796,32,22571,debit,transfer,2024-04-11
19797,743,36586,credit,food,2024-07-24
19798,28,13205,debit,shopping,2024-08-05
19799,423,41069,debit,shopping,2024-09-30
19800,491,5181,credit,food,2024-12-03
19801,160,48922,credit,atm,2024-09-18
19802,845,42797,debit,shopping,2024-10-25
19803,207,26818,debit,atm,2024-07-03
19804,18,20484,debit,salary,2024-02-10
19805,103,4645,credit,shopping,2024-03-16
19806,582,5439,debit,salary,2024-02-20
19807,631,15453,credit,salary,2024-03-01
19808,651,26476,credit,salary,2024-04-03
19809,672,28128,credit,salary,2024-01-19
19810,232,19200,credit,transfer,2024-01-21
19811,660,4402,credit,transfer,2024-03-20
19812,865,1909,debit,food,2024-03-11
19813,424,29017,debit,shopping,2024-02-23
19814,904,5930,credit,food,2024-12-27
19815,755,18481,debit,salary,2024-12-04
19816,547,49024,debit,food,2024-01-26
19817,837,48737,debit,transfer,2024-06-17
19818,894,2230,debit,atm,2024-01-05
19819,867,4512,debit,atm,2024-01-26
19820,239,10984,debit,atm,2024-06-14
19821,334,35664,debit,atm,2024-03-22
19822,149,24232,debit,atm,2024-09-18
19823,623,46875,credit,shopping,2024-09-13
19824,408,47833,debit,salary,2024-03-15
19825,17,22807,debit,transfer,2024-05-05
19826,914,30578,debit,atm,2024-03-20
19827,226,6845,credit,shopping,2024-12-11
19828,652,45755,debit,transfer,2024-02-18
19829,656,38070,debit,atm,2024-03-22
19830,260,34423,debit,salary,2024-02-06
19831,729,11982,debit,food,2024-12-11
19832,674,11864,debit,salary,2024-08-12
19833,604,24665,credit,salary,2024-09-13
19834,174,4543,debit,atm,2024-08-06
19835,843,13683,debit,food,2024-10-19
19836,205,41390,debit,food,2024-08-01
19837,415,10236,debit,transfer,2024-10-01
19838,508,21323,debit,shopping,2024-06-13
19839,153,20442,debit,transfer,2024-04-23
19840,103,9976,credit,atm,2024-02-25
19841,714,846,debit,food,2024-11-18
19842,792,35052,credit,salary,2024-08-06
19843,65,24430,debit,salary,2024-10-17
19844,117,14152,debit,shopping,2024-03-24
19845,665,42444,debit,atm,2024-10-08
19846,156,32676,debit,atm,2024-06-22
19847,676,28706,credit,transfer,2024-06-11
19848,82,31101,debit,food,2024-01-22
19849,518,9310,debit,food,2024-05-21
19850,834,15179,credit,shopping,2024-07-04
19851,67,27254,debit,salary,2024-06-07
19852,238,28787,debit,transfer,2024-09-29
19853,584,7248,debit,shopping,2024-05-30
19854,607,12955,debit,food,2024-02-28
19855,816,28616,debit,transfer,2024-03-29
19856,979,15573,credit,atm,2024-11-10
19857,326,30385,debit,salary,2024-12-01
19858,590,22657,debit,food,2024-05-09
19859,67,42602,debit,food,2024-03-30
19860,176,14319,debit,shopping,2024-09-24
19861,833,44106,credit,salary,2024-08-27
19862,684,47225,debit,food,2024-09-22
19863,478,40065,credit,food,2024-08-08
19864,255,34570,debit,food,2024-04-29
19865,63,38397,debit,shopping,2024-09-14
19866,814,40084,debit,food,2024-01-16
19867,403,45480,credit,shopping,2024-06-12
19868,758,40523,debit,atm,2024-12-27
19869,192,38285,credit,atm,2024-05-02
19870,979,49001,debit,atm,2024-06-25
19871,329,6424,debit,atm,2024-10-18
19872,71,20357,debit,transfer,2024-08-01
19873,878,8413,debit,transfer,2024-04-14
19874,741,47327,debit,atm,2024-04-10
19875,946,26152,debit,atm,2024-04-04
19876,63,49517,debit,salary,2024-04-14
19877,297,24703,debit,food,2024-08-24
19878,245,21862,debit,salary,2024-05-09
19879,519,18608,debit,salary,2024-08-14
19880,393,16915,debit,salary,2024-06-04
19881,772,5074,debit,salary,2024-05-14
19882,601,20261,debit,salary,2024-10-03
19883,177,29830,debit,salary,2024-04-17
19884,204,12823,debit,atm,2024-08-04
19885,646,15573,debit,salary,2024-08-24
19886,594,1185,debit,transfer,2024-10-25
19887,1000,22679,credit,food,2024-03-17
19888,533,22743,credit,transfer,2024-05-21
19889,911,26770,credit,shopping,2024-03-17
19890,128,18969,debit,transfer,2024-01-11
19891,195,15871,debit,shopping,2024-01-10
19892,194,41160,credit,atm,2024-11-06
19893,184,10446,debit,shopping,2024-01-02
19894,247,21562,debit,salary,2024-01-01
19895,873,40070,debit,salary,2024-02-16
19896,872,19532,debit,salary,2024-03-31
19897,324,13274,credit,shopping,2024-03-23
19898,160,17283,credit,shopping,2024-09-30
19899,706,29797,debit,shopping,2024-10-17
19900,622,5711,debit,food,2024-07-19
19901,925,47059,debit,food,2024-03-02
19902,66,22493,debit,food,2024-01-25
19903,930,25971,debit,salary,2024-08-01
19904,254,5363,credit,atm,2024-04-16
19905,283,41494,credit,transfer,2024-06-05
19906,60,22054,debit,food,2024-03-20
19907,118,12096,credit,transfer,2024-05-26
19908,423,10905,debit,food,2024-07-18
19909,556,9207,credit,shopping,2024-07-22
19910,998,10567,debit,shopping,2024-07-12
19911,722,21124,credit,salary,2024-11-20
19912,36,41707,debit,salary,2024-07-24
19913,531,18779,credit,transfer,2024-07-26
19914,91,12370,credit,salary,2024-08-30
19915,301,17915,debit,atm,2024-04-07
19916,724,21656,debit,atm,2024-08-21
19917,917,13987,credit,atm,2024-01-10
19918,919,35229,debit,salary,2024-07-18
19919,734,24025,debit,food,2024-04-17
19920,217,12424,debit,transfer,2024-10-07
19921,735,823,debit,transfer,2024-04-24
19922,923,34415,credit,transfer,2024-01-27
19923,98,8375,credit,food,2024-01-10
19924,456,13505,debit,salary,2024-02-08
19925,531,1465,credit,food,2024-09-27
19926,809,46527,debit,shopping,2024-05-20
19927,538,27438,credit,food,2024-02-02
19928,28,3953,credit,salary,2024-12-20
19929,576,4782,debit,food,2024-04-13
19930,324,44259,debit,salary,2024-01-11
19931,223,6060,debit,food,2024-08-04
19932,80,24827,debit,food,2024-05-30
19933,563,24173,credit,transfer,2024-02-13
19934,458,21641,debit,transfer,2024-03-10
19935,614,19982,debit,transfer,2024-08-28
19936,176,48332,debit,salary,2024-07-28
19937,522,45154,debit,atm,2024-08-28
19938,749,1667,debit,atm,2024-06-18
19939,457,24887,debit,atm,2024-12-22
19940,423,23153,debit,atm,2024-05-08
19941,100,26855,credit,salary,2024-08-07
19942,890,27899,credit,transfer,2024-07-08
19943,740,37059,debit,transfer,2024-03-27
19944,403,9818,debit,transfer,2024-08-21
19945,576,23640,debit,salary,2024-05-14
19946,380,25197,debit,food,2024-03-24
19947,531,23001,debit,shopping,2024-09-21
19948,332,28622,credit,salary,2024-09-23
19949,318,38003,debit,food,2024-01-06
19950,653,39619,debit,transfer,2024-02-28
19951,537,41077,debit,transfer,2024-04-19
19952,740,11772,debit,atm,2024-01-18
19953,89,7274,debit,atm,2024-10-11
19954,604,18203,debit,food,2024-02-13
19955,511,8161,debit,shopping,2024-06-09
19956,42,20498,debit,food,2024-11-18
19957,885,32726,debit,food,2024-02-07
19958,807,13365,debit,shopping,2024-08-24
19959,926,33746,debit,food,2024-04-10
19960,389,41653,credit,food,2024-06-17
19961,81,45798,credit,salary,2024-09-28
19962,402,39140,debit,shopping,2024-10-20
19963,107,29572,debit,transfer,2024-03-03
19964,111,45610,credit,atm,2024-08-14
19965,277,18093,debit,transfer,2024-12-11
19966,214,6814,debit,transfer,2024-08-15
19967,743,29867,debit,atm,2024-12-06
19968,818,37977,debit,atm,2024-09-21
19969,506,18932,debit,food,2024-05-22
19970,121,12849,debit,shopping,2024-08-11
19971,134,15988,debit,atm,2024-09-21
19972,818,35004,debit,shopping,2024-10-26
19973,720,16120,debit,food,2024-04-10
19974,962,39834,credit,transfer,2024-07-27
19975,371,34921,debit,atm,2024-08-28
19976,257,7863,credit,atm,2024-11-29
19977,697,46100,debit,food,2024-02-08
19978,798,32951,credit,shopping,2024-06-27
19979,954,16125,credit,shopping,2024-02-09
19980,875,26115,debit,salary,2024-09-02
19981,180,15531,debit,transfer,2024-03-03
19982,933,19152,debit,salary,2024-05-13
19983,48,38099,debit,shopping,2024-02-07
19984,599,43279,credit,salary,2024-09-18
19985,897,41758,debit,shopping,2024-04-24
19986,19,31092,debit,atm,2024-11-05
19987,46,45685,debit,food,2024-02-20
19988,451,42158,debit,salary,2024-04-26
19989,898,6672,debit,atm,2024-08-11
19990,56,35762,debit,atm,2024-04-07
19991,741,36285,credit,food,2024-06-10
19992,657,16732,credit,food,2024-11-27
19993,92,7910,debit,atm,2024-12-02
19994,82,12774,credit,atm,2024-08-07
19995,737,43017,debit,salary,2024-03-01
19996,79,7980,debit,salary,2024-08-01
19997,662,12750,debit,transfer,2024-06-26
19998,873,34983,credit,transfer,2024-02-01
19999,283,39449,debit,atm,2024-02-27
20000,311,38519,debit,transfer,2024-02-17
